:020000040200F8
:1000000000BF01225125000291070002890700026A
:100010008907000289070002890700028907000298
:10002000000000000000000000000000890700023E
:10003000890700020000000089070002890700020A
:100040004164000241650002F96400028963000214
:10005000196C0002D96C0002616C0002716B000225
:10006000412900024164000241650002F964000276
:1000700089630002113300026162000229630002F9
:10008000E162000221620002512900024164000283
:1000900041650002F9640002896300020166000202
:1000A00051660002E966000251290002B97400029B
:1000B000D974000289740002A1740002597500020B
:1000C00029750002417500020000000000000000D8
:1000D0000000000000000000000000000000000020
:1000E0000000000000000000000000000000000010
:1000F0000000000000000000000000000000000000
:1001000000000000000000000000000000000000EF
:1001100000000000000000000000000000000000DF
:1001200000000000000000000000000000000000CF
:1001300000000000000000000000000000000000BF
:1001400000000000000000000000000000000000AF
:10015000000000000000000000000000000000009F
:10016000000000000000000000000000000000008F
:10017000000000000000000000000000000000007F
:10018000000000000000000000000000000000006F
:10019000000000000000000000000000000000005F
:1001A000000000000000000000000000000000004F
:1001B000000000000000000000000000000000003F
:1001C0002DE9F05F0546002092469B46884606468C
:1001D000814640241BE0284641464746224600F01F
:1001E0009AF853465A46C01A914110D31146184600
:1001F000224600F081F82D1A67EB01084F4622468F
:100200000120002100F078F817EB00094E41201E74
:10021000A4F10104DFDC484631462A464346BDE8E6
:10022000F09F2DE9F0410024061B254671F10006E0
:1002300005DA01240027D0EB070067EB0101161E49
:1002400073F1000605DA0027D2EB0702012567EB00
:100250000303FFF7B5FF86460E4617469C46AC42A1
:1002600004D00025D0EB050E65EB010624B100207B
:10027000D2EB000760EB030C704631463A4663460A
:10028000BDE8F08140EA01039B0703D009E008C9FB
:10029000121F08C0042AFAD203E011F8013B00F84B
:1002A000013B521EF9D27047D2B201E000F8012B97
:1002B000491EFBD270470022F6E710B513460A46E6
:1002C00004461946FFF7F0FF204610BD30B50B4637
:1002D000014600202022012409E021FA02F59D4276
:1002E00005D303FA02F5491B04FA02F52844151E4A
:1002F000A2F10102F1DC30BD202A04DB203A00FA31
:1003000002F1002070479140C2F1200320FA03F36C
:10031000194390407047202A04DB203A21FA02F06A
:100320000021704721FA02F3D040C2F1200291402F
:100330000843194670472DE9FE4F804681EA0300C5
:10034000C00F0C46009021F0004123F00045B8EBAF
:100350000200A94105D24046214690461C460B4664
:10036000024623F00040104347D0270DC7F30A0090
:10037000C3F30A510290401A019040286BDAC3F38C
:10038000130040F4801B0098924620B10023D2EB6A
:10039000030A63EB0B0B01985946C0F1400250462B
:1003A000FFF7AAFF06460D4650465946019A00F04F
:1003B0007BF910EB08006141002487EA115284EABE
:1003C000E7731A4340D0009A62B3019A012A4FEAB8
:1003D000075215DC001B61EB02014FF0004202EAFC
:1003E0000752CDE90042001C41F5801132462B46F0
:1003F00000F07BF903B0BDE8F08F40462146F9E7F5
:10040000001B61EB0201001C41F5801300185B41E9
:100410002018A2F5001747EB030140EAD570B61982
:100420006D4111E06D084FEA360645EAC0754FEAA6
:100430000752001B61EB0201001C41F580114908C5
:100440004FEA30000019514132462B4603B0BDE857
:10045000F04F00F03BB90098012240000023D0EBA0
:10046000020263EBE073009821464FEAE074B8EBB8
:10047000000061EB0401E9E783F000435BE781F0F2
:10048000004158E72DE9FE4F81EA030404F00044DF
:1004900021F0004100944FF0000B23F0004350EA9C
:1004A00001045ED052EA03045BD0C3F30A54C1F3E3
:1004B0000A552C44A4F2F3340194A0FB0254C1F376
:1004C000130141F48011C3F3130343F4801301FBC0
:1004D000024400FB034E840A970A44EA815447EA27
:1004E0008357A4FB076802958D0A05FB07854FEA31
:1004F000932C04FB0C542705029D4FEA065847EA4B
:100500001637B5EB08056EEB070C870E920E47EA1F
:10051000811742EA8312A7FB0201B6EB0B0164EBE1
:1005200000042B0D43EA0C335E1844EB1C50DA46F2
:100530005146E7FB0201C5F313044FEA0B3343EACC
:1005400014534FEA0432019C43EA0603A4F10C045D
:100550000294009CCDE900B400F0C7F803B0BDE8F8
:10056000F08F00200146F9E72DE9F04D81EA030400
:1005700004F0004B21F0004514464FF0000A23F030
:10058000004150EA050220D054EA01021DD0C5F313
:100590000A570246C5F31303C1F31300C1F30A5609
:1005A00040F4801543F48013A7EB0608101BD646D1
:1005B00008F2FD3873EB050002D308F1010801E0F1
:1005C00092185B41B8F1000F03DA00200146BDE844
:1005D000F08D00204FF48011064684460EE0171B74
:1005E00073EB050705D3121B63EB050306434CEAC7
:1005F000010C49084FEA300092185B4150EA0107AC
:10060000EDD152EA030012D082EA040083EA050128
:10061000084305D0101BAB4106D20122002306E09F
:1006200000224FF0004302E06FF0010253101AEB7A
:1006300006004CEB085110EB0A0041EB0B01BDE842
:10064000F04D00F043B8C1F30A52C1F3130140F278
:10065000FF3341F480119A4202DA002001467047CC
:1006600040F233439A42A2F2334202DC5242FFF795
:1006700052BEFFF741BE000030B5041E71F1000408
:1006800004DB4FF00044404264EB0101141E73F19F
:10069000000405DB1C464FF00043524263EB0403A9
:1006A000994208BF904230BD202A06DBCB17203A82
:1006B00041FA02F043EAE07306E041FA02F3D04067
:1006C000C2F12002914008431946704710B5141E2C
:1006D00073F1000408DA401C41F1000192185B41FB
:1006E0001A4301D120F0010010BD2DE9F04D9246D2
:1006F0009B4611B1B1FA81F202E0B0FA80F22032E9
:100700009046FFF7F9FD04460F4640EA0A0041EA29
:100710000B0153465A46084313D0114653EA0100D1
:1007200019D0C8F140025046FFF7F5FD05460E46C8
:10073000504659464246FFF7DFFD084305D00120E9
:1007400004E020463946BDE8F08D0020054346EA26
:10075000E0762C4337430A986305E40AA0EB0800CF
:100760000022FD0A44EA47540A3002D5002001461F
:10077000E9E7010510196941DDE9084500196941FA
:10078000BDE8F04DA2E7000000BE70470000000089
:1007900080B582B04CF20010C4F200000088ADF8C1
:1007A00006004CF22010C4F200000088BDF80610CC
:1007B0000840ADF8040000208DF80300FFE79DF825
:1007C00003000F2814DCFFE7BDF804009DF80310B8
:1007D000C840C00728B1FFE79DF8030002F0D0FA37
:1007E000FFE7FFE79DF8030001308DF80300E6E71F
:1007F000BDF804004CF21011C4F200010880FFE7BC
:100800004CF22010C4F200000088BDF8041008402B
:10081000000408B1FFE7F3E702B080BD000000006C
:100820004CF20411C4F2010101200880FFE74CF2F0
:100830000410C4F20100008808B1FFE7F7E74CF2AA
:100840000011C4F20101012008807047000000007F
:1008500080B584B042F22801C4F220010020029049
:100860000870C820012100F087FB029842F22401A1
:10087000C4F220010870FFE742F22400C4F2200015
:10088000007808B1FFE7F7E742F22401C4F2200143
:10089000087840F002000870FFE742F22400C4F23A
:1008A000200000784008C00708B1FFE7F5E742F2F2
:1008B0002201C4F2200100200870FFE742F222006A
:1008C000C4F22000007808B1FFE7F7E700208DF8B8
:1008D0000F00FFE79DF80F00022822D8FFE79DF8E0
:1008E0000F2042F24001C4F2200111F8120000F082
:1008F0007F0001F81200FFE79DF80F1042F2400060
:10090000C4F2200010F811100020B0EBD11F01D06C
:10091000FFE7F1E7FFE79DF80F0001308DF80F00CA
:10092000D8E70120019000F09FFA01984EF64C4262
:10093000C4F201020021117000F0D6FA04B080BDAB
:1009400080B584B08DF80F00029101929DF90F00DF
:10095000029901F0ADFF9DF90F00019901F0DCF85B
:1009600004B080BD0000000080B584B08DF80F0099
:10097000029101929DF90F00029901F0BDFF9DF9CE
:100980000F00019901F0D8F804B080BD000000000C
:1009900080B584B08DF80F00029101929DF90F008F
:1009A0000299019AFFF7CCFF9DF90F0000F0B8F80B
:1009B00004B080BD0000000080B582B08DF8070053
:1009C0009DF9070000F048F9BFF35F8F9DF907001C
:1009D0000090009800F01F01012088409DF9071049
:1009E0004A094EF28021CEF2000141F8220002B005
:1009F00080BD00000000000080B582B08DF80700C7
:100A00009DF9070000F058F9BFF35F8F9DF90700CB
:100A10000090009800F01F01012088409DF9071008
:100A20004A094EF28021CEF2000141F8220002B0C4
:100A300080BD00000000000080B582B08DF8070086
:100A40009DF9070000F068F9BFF35F8F9DF907007B
:100A50000090009800F01F01012088409DF90710C8
:100A60004A094EF28021CEF2000141F8220002B084
:100A700080BD00000000000082B08DF807009DF9E5
:100A800007000090009800F01F01012088409DF9A8
:100A900007104A094EF28011CEF2000141F82200FF
:100AA000BFF34F8FBFF36F8F02B07047000000009D
:100AB00082B08DF807009DF907000090009800F0C3
:100AC0001F01012088409DF907104A094EF280114C
:100AD000CEF2000141F82200BFF34F8FBFF36F8FBA
:100AE00002B070470000000082B08DF807009DF949
:100AF00007000090009800F01F01012088409DF938
:100B000007104A094EF28011CEF2000141F822008E
:100B1000BFF34F8FBFF36F8F02B07047000000002C
:100B200080B582B08DF807009DF90700FFF744FFFC
:100B30009DF9070000F024F802B080BD000000001D
:100B400080B582B08DF807009DF90700FFF754FFCC
:100B50009DF9070000F028F802B080BD00000000F9
:100B600080B582B08DF807009DF90700FFF764FF9C
:100B70009DF9070000F02CF802B080BD00000000D5
:100B800082B08DF807009DF907000090009901F0F0
:100B90001F02012090404A094EF20011CEF20001DE
:100BA00041F8220002B0704782B08DF807009DF92D
:100BB00007000090009901F01F02012090404A09AF
:100BC0004EF20011CEF2000141F8220002B070474F
:100BD00082B08DF807009DF907000090009901F0A0
:100BE0001F02012090404A094EF20011CEF200018E
:100BF00041F8220002B0704781B08DF803009DF9E2
:100C000003204CF20030C4F2000050F8221021F40E
:100C1000803140F822109DF9031050F8210001B0F6
:100C2000704700000000000081B08DF803009DF9BE
:100C300003204CF20030C4F2000050F8221021F4DE
:100C4000803140F822109DF9031050F8210001B0C6
:100C5000704700000000000081B08DF803009DF98E
:100C600003204CF20030C4F2000050F8221021F4AE
:100C7000803140F822109DF9031050F8210001B096
:100C8000704700000000000081B08DF803009DF95E
:100C900003204CF20030C4F2000050F8221021F47E
:100CA000803140F822109DF9031050F8210001B066
:100CB000704700000000000081B08DF803009DF92E
:100CC00003204CF20030C4F2000050F8221021F44E
:100CD000803140F822109DF9031050F8210001B036
:100CE000704700000000000081B08DF803009DF9FE
:100CF00003204CF20030C4F2000050F8221021F41E
:100D0000803140F822109DF9031050F8210001B005
:100D1000704700000000000081B08DF803009DF9CD
:100D200003204CF20030C4F2000050F8221021F4ED
:100D3000803140F822109DF9031050F8210001B0D5
:100D4000704700000000000081B08DF803009DF99D
:100D500003204CF20030C4F2000050F8221021F4BD
:100D6000803140F822109DF9031050F8210001B0A5
:100D7000704700000000000084B000200090EFF3F6
:100D8000108001900198009001200390039880F357
:100D9000108840F23060C2F20020006840B1FFE7E6
:100DA00040F23061C2F20021086801380860FFE7B4
:100DB00040F23060C2F20020006848B9FFE740F618
:100DC0001451C4F240010020087080200870FFE731
:100DD00000980290029880F3108804B070470000D9
:100DE00084B000200090EFF31080019001980090F3
:100DF00001200390039880F3108840F23060C2F223
:100E00000020006848B9FFE740F61451C4F24001E1
:100E10000020087040200870FFE740F23061C2F205
:100E2000002108680130086000980290029880F361
:100E3000108804B07047000081B0ADF80200BDF822
:100E400002106FF03F0000EA9100C9B200EB810090
:100E500040F60001C4F240014058C0F3400001B028
:100E6000704700000000000085B08DF807000020EA
:100E70000090EFF3108002900298009001200490FF
:100E8000049880F310889DF8071040F22860C2F2A1
:100E9000002030F8110090B9FFE74EF2FA31C4F2A9
:100EA000010108889DF807304CF2DC42C0F20222B2
:100EB00032F81320104340F425400880FFE79DF8E6
:100EC000072040F22861C2F2002131F812000130FF
:100ED00021F8120000980390039880F3108805B061
:100EE000704700000000000085B08DF8070000206A
:100EF0000090EFF31080029002980090012004907F
:100F0000049880F310889DF8071040F22860C2F220
:100F1000002030F8110060B1FFE79DF8072040F293
:100F20002861C2F2002131F81200013821F81200C4
:100F3000FFE79DF8071040F22860C2F2002030F869
:100F4000110090B9FFE74EF2FA31C4F201010888AE
:100F500040F425409DF807304CF2DC42C0F20222FA
:100F600032F8132090430880FFE70098039003981D
:100F700080F3108805B0704780B58CB00B900A9153
:100F8000002008900B980A994843079040F280503F
:100F9000C2F2002000680990099841F20021C0F2D5
:100FA0007A0188421AD3FFE709984DF68361C4F2AB
:100FB0001B31A0FB0110800C069007980699A0FB3E
:100FC000010105910490059820B1FFE74FF0FF3033
:100FD000089002E004980890FFE731E009994CF688
:100FE0000020C3F69A30B0FBF1F0029007984FF45E
:100FF0007A71A0FB010101910090019840B9FFE7CF
:1010000000980299B0FBF1F003900398089016E065
:1010100007980299B0FBF1F0079007984FF47A71A6
:10102000A0FB010101910090019818B9FFE7009819
:10103000089003E04FF0FF300890FFE7FFE7FFE77D
:10104000089820B1FFE7089801F0B2FFFFE70CB065
:1010500080BD00000000000082B08DF807009DF800
:10106000071049F6D460C2F2002050F82100009029
:10107000009802B07047000081B0009001B0704746
:1010800081B08DF803009DF8030008B9FFE7FFE782
:101090009DF80300012801D1FFE707E09DF8030058
:1010A000022801D1FFE700E0FFE7FFE701B070474A
:1010B00085B00490039102920193049800900398E4
:1010C0000099486102980099C86101980099886167
:1010D000002005B07047000086B00490039104988A
:1010E000029048F27C00C4F234000068C00708B9DE
:1010F000FFE702E00820059049E048F20000C4F252
:1011000034000068000CC00708B9FFE702E00820BF
:1011100005903CE048F20000C4F234000068C007CB
:1011200008B9FFE702E01E20059030E00298006851
:10113000406901900398029988600198007802281C
:1011400010D1FFE703980299C9680844013800905C
:101150000098012161F3040048F25C01C4F23401FB
:101160000860FFE70298806848F23C01C4F234014D
:10117000086048F27401C4F234010020086048F2AB
:101180000002C4F23402012111600590FFE70598C6
:1011900006B070470000000080B588B00490049845
:1011A0000390039802F074F848F20001C4F234018D
:1011B0004FF480300860039900200190486002904D
:1011C000EFF3108005900598029001210791079890
:1011D00080F3108843F20800C4F22000026842F451
:1011E0008032026000689620FFF7C6FE01980299DF
:1011F0000691069981F3108808B080BD00000000B8
:1012000080B592B00E900D910E980C900D980C999F
:1012100008600C98006840690B900B984078002893
:101220005FEA1F908DF82B000B98407801300990F1
:101230000D994888097A484308909DF82B100120A1
:1012400011F0010F50EA0090079008980999B0FB3F
:10125000F1F006900D98C088059006980799B0FBAC
:10126000F1F00490059803900D98C0680C994861BE
:101270000B980078022805D1FFE70B9880680C993D
:10128000C86005E00698089948430C99C860FFE7D4
:1012900000200290EFF310800F900F980290012130
:1012A0001191119880F3108843F20800C4F22000D5
:1012B000026822F48032026000689620FFF75CFE2C
:1012C00002981090109880F31088FFE748F27C0095
:1012D000C4F234000068C00708B1FFE7F6E7FFE793
:1012E00048F20000C4F234000068000CC00708B1E6
:1012F000FFE7F5E70B98417B4FF4401000EA0150FF
:1013000048F20401C4F234010860DDF82CC09CF8F6
:1013100000309CF801209CF802109CF8030000F0BB
:1013200001009CF804C00CF0010C40EA4C0003F0F2
:10133000030340EA031002F0010240EA023001F028
:10134000010240EA0260C1F3400240EA8260C1F358
:10135000800140EAC16048F20801C4F2340108602B
:101360000D994888C98840EA014020F0C02048F221
:101370000C01C4F2340108600D98008807994843B5
:10138000019001986FF35F300D998A880021C0F6B3
:10139000FF7101EA0242104448F21002C4F2340222
:1013A000106006986FF35F30059A01EA0241084425
:1013B00048F21401C4F23401086048F25C01C4F23E
:1013C0003401002000900860039A04996FF31F31E4
:1013D00062F31B4148F23402C4F2340211600899EE
:1013E00048F23802C4F23402116048F26001C4F2DB
:1013F000340108600B990A7B02F00101C2F340033B
:1014000041EA4301C2F3800241EA8201103148F20D
:101410006402C4F2340211600C9988600C9944F2A1
:101420005550C5F2432048600C9801F04DFF0098DC
:1014300012B080BD0000000084B0039002910398B8
:10144000019048F20000C4F234000068000CC007AC
:1014500020B1FFE702990220087018E048F27C00F2
:10146000C4F2340001680120C907009049B9FFE7C0
:1014700048F20000C4F23400006800F0010000905F
:10148000FFE7009800F0010002990870FFE701985B
:1014900080680299486048F28400C4F23400006811
:1014A00002998860002004B070470000000000002E
:1014B00086B002900298019000200090EFF3108017
:1014C00003900398009001200590059880F3108800
:1014D0000198407868B9FFE70198C168087900F081
:1014E000BF0008710198C168087A00F0BF00087257
:1014F0000CE00198C168087900F07F00087101983C
:10150000C168087A00F07F000872FFE70098049035
:10151000049880F3108801990020486006B0704755
:1015200080B594B00A9009910A980890089943F2FE
:101530000000C4F23300C8600998007800F0010090
:10154000089948700998007840088DF81F0000201D
:1015500001900690EFF310800D900D9806900121F8
:1015600002911391139880F310889DF81F00C0F129
:10157000140001FA00F343F20C00C4F220000268E8
:101580009A43026000689620FFF7F6FC01990298E2
:10159000069A1292129A82F310880591EFF3108145
:1015A0000C910C9905911190119880F3108808986E
:1015B000407838B9FFE70898C168087900F0BF00A3
:1015C000087106E00898C168087900F07F0008718A
:1015D000FFE705981090109880F3108809984068EC
:1015E00004900498C078C0010899C96848710898A7
:1015F000C068807968BBFFE709984078C00740B3AE
:10160000FFE700200390EFF310800B900B980390FE
:1016100001210F910F9880F3108843F20C00C4F25F
:101620002000026822F40042026000689620FFF762
:10163000A3FC03980E900E9880F310880898C16858
:101640004FF48652022088540898C168802088711F
:10165000FFE704984078089900F0010008720498A8
:101660008078089900F0010048720998007808997C
:101670000870089944F20030C4F2414048600020EC
:1016800014B080BD0000000080B590B006900698B0
:1016900005900598007AC007002800F08280FFE7D7
:1016A0000599C868497830F81100ADF8120005981E
:1016B000C1684278002021F812000390EFF31080F7
:1016C00009900998039001200F900F9880F31088DB
:1016D00005984078C8B9FFE70598C168087900F017
:1016E000BF0008710598C168087F40F04000087786
:1016F0000598C168087A40F0400008720598C168F2
:10170000087940F04000087118E00598C168087930
:1017100000F07F0008710598C168087F40F08000E4
:1017200008770598C168087A40F08000087205982B
:10173000C168087940F080000871FFE703980E90B7
:101740000E9880F31088042001210191FFF714FC0A
:101750000198EFF310810891089903910D900D986D
:1017600080F310880598407838B9FFE70598C1687C
:10177000087F00F0BF00087706E00598C168087F81
:1017800000F07F000877FFE703980C900C9880F337
:101790001088BDF81200059AD168527821F812001D
:1017A00043E000200290EFF310800790079802902A
:1017B00001200B900B9880F3108805984078C0B9F1
:1017C000FFE70598C168087900F0BF000871059827
:1017D000417A01F00102C168087F00F0BF0040EAD1
:1017E000821008770598C168087940F040000871B8
:1017F00015E00598C168087900F07F000871059828
:10180000427AC168087F00F07F0040EAC210087782
:101810000598C168087940F080000871FFE70298D8
:101820000A900A9880F31088FFE7002010B080BD6E
:1018300086B002900298019000200090EFF3108093
:1018400003900398009001200590059880F310887C
:101850000198407838B9FFE70198C168087900F02D
:10186000BF00087106E00198C168087900F07F00A8
:101870000871FFE700980490049880F31088002016
:1018800006B070470000000083B00290ADF806106B
:1018900002980090BDF80600009AD168527821F8AD
:1018A0001200002003B0704782B000900098022818
:1018B00005D8FFE700990120884001902BE00098AF
:1018C000032803D1FFE70620019024E000980428B4
:1018D00003D1FFE7082001901DE00098052803D1FF
:1018E000FFE70320019016E00098062803D1FFE7E8
:1018F000052001900FE00098072803D1FFE70A2098
:10190000019008E0FFE7FFE7FFE7FFE7FFE7FFE7FA
:1019100010200190FFE7019802B07047000000001E
:1019200082B0EFF30380019001980090BDF80000B1
:10193000103840B202B0704782B0EFF303800190DC
:1019400001980090BDF80000103840B202B0704716
:1019500082B0EFF30380019001980090BDF8000081
:10196000103840B202B0704782B0EFF303800190AC
:1019700001980090BDF80000103840B202B07047E6
:1019800082B0EFF30380019001980090BDF8000051
:10199000103840B202B0704782B0EFF3038001907C
:1019A00001980090BDF80000103840B202B07047B6
:1019B00082B0EFF30380019001980090BDF8000021
:1019C000103840B202B0704782B0EFF3038001904C
:1019D00001980090BDF80000103840B202B0704786
:1019E00082B0EFF30380019001980090BDF80000F1
:1019F000103840B202B0704781B08DF803009DF9F5
:101A0000031040F2E060C2F2002050F8210001B063
:101A1000704700000000000081B08DF803009DF9C0
:101A2000031040F2E060C2F2002050F8210001B043
:101A3000704700000000000081B08DF803009DF9A0
:101A4000031040F2E060C2F2002050F8210001B023
:101A5000704700000000000081B08DF803009DF980
:101A6000031040F2E060C2F2002050F8210001B003
:101A7000704700000000000081B08DF803009DF960
:101A8000031040F2E060C2F2002050F8210001B0E3
:101A9000704700000000000081B08DF803009DF940
:101AA000031040F2E060C2F2002050F8210001B0C3
:101AB000704700000000000081B08DF803009DF920
:101AC000031040F2E060C2F2002050F8210001B0A3
:101AD000704700000000000081B08DF803009DF900
:101AE000031040F2E060C2F2002050F8210001B083
:101AF000704700000000000081B08DF803009DF9E0
:101B0000031040F2E060C2F2002050F8210001B062
:101B1000704700000000000082B08DF807000091BF
:101B200000989DF9072040F2E061C2F2002141F8DF
:101B3000220002B07047000082B08DF807000091CB
:101B400000989DF9072040F2E061C2F2002141F8BF
:101B5000220002B07047000080B584B04EF25400FD
:101B6000C4F2010000780390039800F00F00FFF723
:101B70009BFE02904EF25500C4F20100007800F086
:101B80000F008DF807009DF80700FFF765FA02992E
:101B9000B0FBF1F004B080BD82B0019001980090DC
:101BA00000990020086002B07047000000000000AB
:101BB00080B584B00390029103980190019945F299
:101BC0005420C5F24F000860029803F015FF002072
:101BD00004B080BD0000000080B588B00790ADF86B
:101BE0001A100592BDF81A00ADF80400059800908F
:101BF0000120ADF808006846039002A801F01CFA25
:101C0000FFF7EEF8BDF81A00059903F0BDFEFFF7E7
:101C1000B3F8002008B080BD85B00490ADF80E1078
:101C20000292BDF80E100020C4F2400040EAD1003C
:101C300041F6E071C4F2400108400090009840680D
:101C4000000CADF806009DF80E1001208840ADF89C
:101C50000400BDF80600BDF804100840884204D115
:101C6000FFE702990120087003E002990020087044
:101C7000FFE7002005B0704780B582B00190ADF855
:101C800002108DF80120BDF8021021F0FF00C9B24A
:101C90009DF8012003F03CFE002002B080BD000052
:101CA00080B584B00390ADF80A100192BDF80A0027
:101CB000FFF7C2F801990870002004B080BD000051
:101CC00086B00590ADF812108DF811200020ADF807
:101CD0000E00ADF80C009DF813000002ADF80A00EC
:101CE0009DF81200ADF80800BDF8081001208840EA
:101CF000ADF806009DF8110028B9FFE7BDF8060011
:101D0000ADF80C0004E0BDF80600ADF80E00FFE7EA
:101D1000BDF80A100020C4F2400040EAD10041F6AC
:101D2000E071C4F2400108400090BDF80C10BDF80D
:101D30000E0040EA014000998860002006B070471C
:101D400080B582B001900091009803F055FE00200C
:101D500002B080BD0000000088B00790ADF81A10F6
:101D6000ADF81820ADF81630BDF81A100020C4F2F6
:101D7000400040EAD10041F6E071C4F24001084061
:101D80000090009800680490BDF81800BDF8161087
:101D900008400390BDF81810BDF816008843029063
:101DA00004980190039901980843019002990198C1
:101DB00088430190019800990860002008B070479E
:101DC00084B00390ADF80A100192BDF80A1000200B
:101DD000C4F2400040EAD10041F6E071C4F2400193
:101DE0000840009000984068000C0199088000208D
:101DF00004B070470000000085B00490ADF80E10EC
:101E0000ADF80C20ADF80A30BDF80C00BDF80A1092
:101E10000840ADF80800BDF80C10BDF80A00884372
:101E2000ADF80600BDF80E100020C4F2400040EAF4
:101E3000D10041F6E071C4F2400108400090BDF8C5
:101E40000610BDF8080040EA01400099C860002073
:101E500005B070470000000084B00390ADF80A1090
:101E60000192BDF80A100020C4F2400040EAD100FF
:101E700041F6E071C4F240010840009000984068CB
:101E800001990880002004B07047000000000000A5
:101E900085B00490ADF80E10ADF80C20ADF80A3006
:101EA000BDF80C00BDF80A100840ADF80800BDF8F8
:101EB0000C10BDF80A008843ADF80600BDF80E10FE
:101EC0000020C4F2400040EAD10041F6E071C4F2C3
:101ED000400108400090BDF80610BDF8080040EA37
:101EE000014000998860002005B0704700000000A4
:101EF00085B003908DF80B10039801900620009098
:101F00009DF80B00800700282BD5FFE700200090EC
:101F10000198016A886820F440108860FFE7019802
:101F2000006A806C800FC00708B9FFE7F7E70198E7
:101F3000016A886820F010008860FFE70198006A55
:101F4000007F0009C00708B1FFE7F7E7019900200B
:101F50000861009808B9FFE702E0009804900DE0DE
:101F6000FFE79DF80B00C00728B1FFE700200090B5
:101F700001998861FFE700980490FFE7049805B095
:101F8000704700000000000080B592B010908DF8FE
:101F90003F100E920D930D99FF2048700D9988788F
:101FA00000F0FE0088700D998020C87048F2A06093
:101FB000C0F201000C90002002908DF82F000A90D2
:101FC000FFF7CAFD0146029809910890FFE70899BA
:101FD00000200129019007D8FFE70C980E9988424C
:101FE0005FEADF900190FFE70198C007002800F04A
:101FF000DC80FFE700200790FFE707980C2800F23D
:10200000CF80FFE79DF82000079A4BF68C71C0F255
:1020100002218A5C510841EA920101F00101484025
:10202000000608B1FFE7B7E007994CF2C030C0F2F4
:10203000022030F81100109948430A9009980A9933
:10204000B0FBF1F006900698B0F5807F00F2A38017
:10205000FFE7FFE70698002800F09C80FFE706985E
:10206000013806900A98069901314843059009986D
:1020700048F2A061C0F20101A0FB0101059AD3174B
:10208000FEF7CFF847F66011CFF6FE7108440490D2
:1020900000208DF80F009DF83F00C00708B3FFE750
:1020A00005980999090AB0FBF1F08DF80F009DF928
:1020B0000F00002801D4FFE76CE0049848F2A0610B
:1020C000C0F2010108449DF80F104843C11700EB0E
:1020D000116147F66010CFF6FE7000EB21200490EE
:1020E000FFE70498B0F1FF3F04DCFFE704984042AB
:1020F0000490FFE704980C9988423ADAFFE70799C1
:102100004BF68C70C0F20220415C01F001030D9A85
:10211000117801F0EF0141EA031111700799435C56
:102120000D9A117803F0020301F0DF0141EA031177
:1021300011700799435C0D9A117803F0040301F0C4
:10214000BF0141EA031111700799425C0D9988782B
:1021500002F0180200F0CF0040EA420088700698B2
:102160000D99487004980C909DF80F008DF82F0081
:10217000FFE79DF83F00C00750B1FFE70D99887851
:1021800040F0010088709DF82F000D99C87000E0A4
:1021900000E05FE7FFE7FFE70798013007902CE7D3
:1021A000FFE708980130089011E70C980E998842D3
:1021B00001DCFFE702E00320119002E00020119013
:1021C000FFE7119812B080BD84B00390029103988C
:1021D00001900198006A806820F4401000900098F7
:1021E0004FF6EE71CFF6FE7108400199096A8860DA
:1021F00001990020C86002990968019A126A116168
:102200000099019A126A916004B0704700000000C2
:1022100085B0049003910292019304980090039872
:102220000099486202980099C862019800998862F2
:10223000002005B07047000080B588B00390039877
:1022400002900298406844F64211C5F24331884238
:1022500001D1FFE702E0072004905BE00298016AE9
:10226000886820F4401088600298016A886820F02D
:1022700010008860FFE70298006A007F0009C0072D
:1022800008B1FFE7F7E70298C06990F90700FEF789
:102290000FFC0298C06990F90900FEF709FC02984A
:1022A000016A886820F4803088600298C06990F9DB
:1022B0000500FEF7FDFB0298C06990F90B00FEF7E0
:1022C000F7FB002000900190EFF310800590059837
:1022D000019001210791079880F310880298C06946
:1022E0000078C0F11F0001FA00F343F20400C4F2C9
:1022F000200002681A43026000689620FEF73CFE48
:10230000009801990691069981F310880299486016
:102310000490FFE7049808B080BD000000000000B2
:1023200082B00190009100994FF0FF304860009911
:102330000860002002B0704780B58AB00690059111
:10234000069804900598017848F20000C4F2350020
:1023500000EB012004990862049900200870059997
:10236000049AD16105994969049A5162059989696C
:10237000049AD162049988620598C069039004990F
:10238000887800F0FC00013088700598407838B9F2
:10239000FFE70499887800F0FC0002308870FFE7BE
:1023A0000498059903F06CFB4FF4806002900020C4
:1023B00000900190EFF310800790079801900121A1
:1023C0000991099880F3108805980078C0F11F00E2
:1023D00001FA00F343F20400C4F2200002689A43B9
:1023E000026000689620FEF7C7FD019808900898E3
:1023F00080F3108802980499096A88600498059906
:1024000003F0FEFB00980499C860049908610499E0
:102410004861049988610398408904990881049867
:10242000016A1020C9F607508866029840F0010042
:1024300002900498C06990F90500FEF781FB0498AA
:10244000C06990F90B00FEF77BFB029840F48030E6
:1024500002900498C06990F90700FEF771FB049898
:10246000C06990F90900FEF76BFB029840F010007C
:10247000029002980499096A8860FFE70498006A4C
:10248000007FC00708B9FFE7F8E7049944F6421057
:10249000C5F24330486000200AB080BD0000000053
:1024A00085B004900391029204980190002000905E
:1024B000039801994861029801998861009805B0D4
:1024C000704700000000000083B002900191029864
:1024D0000090009880690199086000990020886147
:1024E00003B070470000000084B003900291019295
:1024F000039800900098016A886820F44010886072
:10250000FFE70098006A806C800FC00708B9FFE7FA
:10251000F7E70098016A886820F010008860FFE7FC
:102520000098006A007F0009C00708B1FFE7F7E7DD
:1025300001980099086102980099C8600098016AA2
:10254000886840F010108860002004B070470000D8
:1025500080B500F095F802F067FAFFE7FEE70000AB
:1025600082B04EF22600C4F20100007801904EF2D3
:102570002400C4F20100007800F00F008DF8030081
:102580009DF803008DF802009DF80200082814D180
:10259000FFE7019949F6D460C2F2002050F821000B
:1025A0004AF6AB21CAF6AA21A0FB0110400840F26E
:1025B0008051C2F2002108605DE09DF80200092808
:1025C00014D1FFE7019949F6D460C2F2002050F817
:1025D00021004AF6AB21CAF6AA21A0FB011080080F
:1025E00040F28051C2F20021086043E09DF80200F1
:1025F0000A2814D1FFE7019949F6D460C2F20020FD
:1026000050F821004AF6AB21CAF6AA21A0FB01101E
:10261000C00840F28051C2F20021086029E09DF814
:1026200002000B2814D1FFE7019949F6D460C2F2E9
:10263000002050F821004AF6AB21CAF6AA21A0FBDF
:102640000110000940F28051C2F2002108600FE041
:10265000019949F6D460C2F2002050F821009DF89B
:102660000210C84040F28051C2F200210860FFE72A
:10267000FFE7FFE7FFE702B070470000000000003F
:1026800080B588B04EF61451CEF2000140F2012020
:10269000C0F20E000860BFF34F8FBFF36F8F4EF292
:1026A0000001CEF20101086840F004000860BFF3A9
:1026B0004F8FBFF36F8F4EF20801CEF20001086812
:1026C00040F480300860BFF34F8FBFF36F8F4EF63A
:1026D0008851CEF200014FF47000086040F2000013
:1026E000C0F2002001904EF60851CEF200010860C1
:1026F00000200290FEF7C4FC00F06AFA0120FEF709
:10270000BFFC01980068A0F580300790079880F31F
:102710000A8840F28050C2F2002049F65411C0F2FB
:102720000001FDF7C8FD40F20000C2F200204CF6A7
:102730000041C0F2022140F28052C0F20002FDF7D7
:10274000A1FD00F06DFB00F037FB0298BFF34F8F47
:10275000BFF36F8F4EF65071CEF200010860BFF3E9
:102760004F8FBFF36F8F40F2C012C0F2002240F2D1
:10277000C011C0F20021891A891006910590FFE767
:1027800005980699884210DAFFE7059940F2C010D3
:10279000C0F2002050F821100844049004988047AB
:1027A000FFE7059801300590EAE7FFF7D9FEFEF74D
:1027B0004FF80320FEF758FB00200390FFE7039833
:1027C0000B280DD8FFE7039A40F63051C4F24001C0
:1027D000002021F82200FFE7039801300390EEE784
:1027E00003200090FEF780FB0098FEF73DFB009869
:1027F00044F20402C4F220020021116044F20802F3
:10280000C4F22002116044F20C02C4F220021160F2
:1028100044F21002C4F220021160FEF765FB4EF292
:10282000D830C4F20100006858B1FFE74EF2D8304A
:10283000C4F20100006801282ED1FFE7012058BB37
:10284000FFE74EF21010C4F20100007820B3FFE75A
:102850000120FEF709FBFFE74EF21010C4F2010061
:10286000007800F0C000802801D0FFE7F4E74EF2C6
:102870001011C4F2010100200870FFE74EF21010A1
:10288000C4F20100007810F0C00F01D0FFE7F5E7B7
:102890000120FEF729FBFFE70220FEF7F1FB00F025
:1028A000DBFA002000F0B8FA08B080BD000000009C
:1028B00082B08DF8070000919DF9070000280AD426
:1028C000FFE7009800019DF907104EF20042CEF29A
:1028D000000288540BE0009800019DF8071001F0F9
:1028E0000F014EF61452CEF200028854FFE702B0F8
:1028F000704700000000000082B08DF807000091D2
:102900009DF9070000280AD4FFE7009800019DF90F
:1029100007104EF20042CEF2000288540BE00098FD
:1029200000019DF8071001F00F014EF61452CEF28F
:1029300000028854FFE702B070470000000000006A
:1029400080B5002002F0BCFF80BD00000000000048
:1029500080B58AB0FEF7F0FF8DF827009DF92700BB
:10296000FEF762F99DF92700FFF756F808900898DE
:10297000007BC00728B1FFE7089880680C30019001
:1029800004E00898806808300190FFE701980790FC
:1029900007980078069008984068007801280BD1C5
:1029A000FFE70799F4200870069800F0F000069001
:1029B000069807990870FFE708984069A0B3FFE7F9
:1029C000089880690290029818B9FFE703A802905E
:1029D00007E0029A1068516892680592049103908A
:1029E000FFE79DF818008006002804D5FFE702994C
:1029F00000200871FFE70898C069029908600898EC
:102A00004169029888470898806948B1FFE70898AB
:102A100081690398049A059B8B604A600860FFE710
:102A2000079800780690FFE7069800F00F000799D6
:102A300008700AB080BD000080B500F099FF40F238
:102A40008C51C2F200210120087000F08DF880BD89
:102A500080B582B08DF807009DF80700014600910F
:102A600004282AD80099DFE801F003270C151E007E
:102A700045F23C60C0F2012047F62E6100F024F8D8
:102A80001EE048F29230C0F2002046F2843100F09D
:102A90001BF815E04DF26A40C0F2012047F21741E1
:102AA00000F012F80CE04EF21670C0F2002046F66C
:102AB000267100F009F803E0FFE700F055F8FFE7A2
:102AC00002B080BD0000000080B586B00590049182
:102AD00040F28C50C2F20020007830B1FFE7059838
:102AE00018B1FFE7049808B9FFE738E00020039029
:102AF000FFE70398049988422ED2FFE705980399CF
:102B0000405CC0EBC0014FF60010CFF6FF7000EB49
:102B100041000290029800F5006001900198B0F128
:102B2000FF3F03DCFFE70020019009E00198B0F5CA
:102B3000805F04DBFFE740F6FF700190FFE7FFE7EF
:102B4000BDF8040000F02CFF7D2004F0DDF8FFE765
:102B5000039801300390CCE700F006F8FFE706B0D9
:102B600080BD00000000000080B54FF4006000F060
:102B700017FF80BD0000000080B549F6D461C2F2A5
:102B8000002146F60040C0F2DC20086041F200203F
:102B9000C0F27A0048604FF40040886042F600526C
:102BA000C0F23112CA60086143F60000C1F69C40D1
:102BB000486141F60042C0F64E62CA61086288610F
:102BC00048628862FFF7CCFC80BD00000000000076
:102BD00080B582B04EF2FA31C4F201014AF20350DC
:102BE0000880FDF71DFEFFF7C7FF4EF65021C4F227
:102BF0000101062008704EF2A201C4F20101092071
:102C0000087000F0D9F94EF23601C4F2010100203B
:102C100008704EF23201C4F201010870FFE74EF273
:102C20003C00C4F201000078C008C00708B9FFE703
:102C3000F5E74EF24800C4F2010045F6017101804B
:102C40004EF24E02C4F2010240F2111010804EF218
:102C50004A02C4F20102002010704EF22802C4F2AF
:102C6000010211804EF24C02C4F2010240F2311115
:102C700011804EF22A01C4F201010870FFE74EF202
:102C80003C00C4F2010000784009C00708B9FFE722
:102C9000F5E700F039F94EF23001C4F201010120EC
:102CA00008704EF25201C4F2010108704EF2530155
:102CB000C4F20101087000208DF807009DF807009C
:102CC0004EF23E01C4F2010108709DF8070040F089
:102CD00080008DF807009DF8070008704EF274011F
:102CE000C4F20101087840F040000870FFE74EF29E
:102CF0007400C4F2010001780120B0EBD11F01D0B3
:102D0000FFE7F4E74EF26C01C4F2010106200870FF
:102D10004EF27401C4F201014720087007200870C8
:102D2000FFE74EF27400C4F2010001780020B0EB1E
:102D3000D11F01D0FFE7F4E74EF25500C4F20100C5
:102D40004EF25401C4F20101002300931A4600F030
:102D5000ABF8009B4EF25700C4F201004EF2560150
:102D6000C4F201011A4600F09FF84EF2FA31C4F2A3
:102D700001014FF42540088002B080BD0000000032
:102D800080B582B08DF807009DF8071040F2B05072
:102D9000C2F2002050F8210050B1FFE79DF8070073
:102DA00040F2B051C2F2002151F820108847FFE7ED
:102DB00002B080BD0000000080B586B040F2000087
:102DC000C2F2000005904DF28011C0F20221049180
:102DD0004DF28010C0F20220401AC008039040F269
:102DE0000001C2F20001029140F20000C2F20000B4
:102DF000401AC008019005980499039A01F0A8FEB2
:102E0000029801996A46116000231A4601F0BCFE3F
:102E100006B080BD0000000081B0009001B0704796
:102E200080B584B040F20000C0F2000003904DF283
:102E30008011C0F2022102914DF28010C0F20220F6
:102E4000401AC008019003980299019A01F080FE8F
:102E500004B080BD0000000081B000200090FFE7BA
:102E600000985F281CD8FFE700994CF2DA30C0F2D6
:102E7000022030F8110070B1FFE7009A4CF2DA300E
:102E8000C0F2022030F812004CF20031C4F200010E
:102E900041F82200FFE7FFE7009801300090DFE7EC
:102EA00001B070470000000083B0029001918DF8DE
:102EB00003208DF802300299087840F04000087035
:102EC000FFE7029801780120B0EBD11F01D0FFE7A6
:102ED000F7E79DF80300019908709DF8020040F0A3
:102EE000C000029908700299087800F0BF000870CD
:102EF000FFE7029801780020B0EBD11F01D0FFE777
:102F0000F7E703B07047000080B588B04CF21C11A1
:102F1000C4F20101042008704EF22001C4F2010144
:102F2000029142F23230C3F21210039008604EF266
:102F30002401C4F2010101910120079008704EF2B2
:102F40002601C4F201010591052006900870FFF7E3
:102F500007FB079996200490FEF70EF8019B029953
:102F6000039800221A700860FFF7FAFA049807998C
:102F7000FEF702F8059906980870FFF7F1FA07982E
:102F800042F20001C4F200014AF201520A80BFF38A
:102F90005F8F42F20802C4F200021070BFF35F8F2D
:102FA0004FF42540088008B080BD000000000000FC
:102FB00001380028FCD1704780B54EF60040C4F2BD
:102FC0000100007840B9FFE74EF60140C4F201006D
:102FD0000078800738B3FFE74EF60040C4F20100E6
:102FE0000078A0B9FFE74EF60040C4F201000121CD
:102FF0000170C820FDF7C0FFFFE74EF60040C4F2A5
:1030000001000078012801D0FFE7F6E7FFE74EF660
:103010000141C4F20101002008704EF60041C4F2E3
:103020000101087004E04FF47A70FEF725F8FFE71D
:1030300080BD00000000000080B588B007904EF20F
:103040000000C4F20100049042F20000C4F220002B
:10305000039000200690FFE70698079909888842A8
:1030600080F0A780FFE700200590FFE70598022881
:1030700000F29A80FFE707984068069900EBC100CC
:103080008088059A4CF28851C0F2022131F8121062
:10309000884240F08480FFE707984068069950F81E
:1030A000310000F0F85002900298B0F1807F05D016
:1030B000FFE70298B0F1106F38D1FFE7049890F85D
:1030C0004C0C059A012191400840000688B9FFE7A1
:1030D00001200190FDF7C8FE0198059900FA01F35F
:1030E000049A92F84C1C194382F84C1CFDF7FCFE24
:1030F00000E0FFE70398059900EB410090F84010CD
:103100000020B0EBD11F0FD1FFE70398059900EB2A
:10311000410191F8400040F0800081F84000C82053
:103120000121FDF729FF00E0FFE737E0049890F860
:103130004C0C059A012191400840C0B2012811DBD6
:10314000FFE701200090FDF78FFE0098059900FA37
:1031500001F3049A92F84C1C994382F84C1CFDF739
:10316000C3FE00E0FFE70398059900EB410090F8EB
:103170004000C00901280FDBFFE70398059900EB29
:10318000410191F8400000F07F0081F84000C82024
:103190000121FDF7F1FE00E0FFE7FFE7FFE7FFE7B2
:1031A00005980130059061E7FFE706980130069029
:1031B00052E708B080BD000083B001908DF8031085
:1031C0000198008820B1FFE70198408820B9FFE707
:1031D00000208DF80B0027E09DF80300012804D1A2
:1031E000FFE704208DF80B001EE00198407B322899
:1031F00004DBFFE704208DF80B0015E00198407B0D
:10320000252804DBFFE703208DF80B000CE0019874
:10321000407B192804DBFFE702208DF80B0003E058
:1032200001208DF80B00FFE79DF80B0003B07047FD
:1032300080B586B00590049105988069009000984B
:1032400018B9FFE7049800900FE0009A10685168E1
:1032500092680392029101900099049B18685A6841
:103260009B688B604A600860FFE705984169009899
:1032700088470598806948B1FFE7059881690198FA
:10328000029A039B8B604A600860FFE706B080BD2E
:1032900080B584B0039048F27001C4F2340100207C
:1032A000019008600398006840690290029890F9C4
:1032B0001500FDF7E1FB0199029890F91500FEF762
:1032C0002BFC04B080BD000080B582B00190019855
:1032D00000684069009000980069019908610099B0
:1032E00091F91500097D019AFDF752FB48F274012E
:1032F000C4F23401002008600198006948F27001AE
:10330000C4F23401086002B080BD0000000000007B
:1033100080B586B048F27401C4F2340108680590A3
:103320000598C0430860FEF713FB8DF813009DF964
:103330001300FDF791FC9DF91300FEF77DFB039050
:103340000398406980B1FFE705980399096908402F
:1033500000900398806801900398C06902900398D8
:103360006946FFF765FFFFE706B080BD000000007B
:1033700010B5A4B020AA1E9223902291239802F0A7
:1033800073F969460B9102201C9008620520159084
:10339000C861886144F68400C0F20220486144F6A6
:1033A0006C10C0F20220086108201290C8601E2034
:1033B0000E9088600E200D90486040F60000C6F622
:1033C00000000C90086045F66050C6F60000202111
:1033D0001B9140220123189300F09AF90C980D9943
:1033E0000E9A129BEE464FF00F0CCDF844C0CEF86B
:1033F00008C04FF0070CCDF840C0CEF804C043F62B
:10340000804CC6F6000CCDF83CC0CEF800C001F0F0
:1034100017FB0F981099119A129BDDF854C0EE46D5
:10342000CDF84CE00324CEF81C40CEF8184044F60A
:10343000A404C0F20224CEF8144044F68C44C0F236
:103440000224CEF8104010241794CEF80C400D241E
:103450001694CEF80840CEF804C044F6A01CC6F678
:10346000000CCDF850C0CEF800C000F00DF9149853
:103470001599169A179BDDF870C0EE460624CEF813
:103480000840CEF804C045F6E01CC6F6000CCDF8A6
:1034900064C0CEF800C001F0D3FA189919981B9BAC
:1034A0006A46916044F6E401C0F20221516045F69B
:1034B0008C61C0F20221116045F6E042C6F60002BE
:1034C0001A92C02100F088FA1A981B991C9BEC46AE
:1034D0000022CCF8082044F66412C0F20222CCF894
:1034E00004204BF68C62C0F20222CCF8002040F29D
:1034F000A452C2F200221D9200F06EFA1D991E988D
:1035000091ED001A91ED010A30EE410A80ED010AB9
:1035100090ED010AB5EE400AF1EE10FA06DBFFE786
:103520001E9890ED010A8DED0A0A07E01E9890EDB5
:10353000010AB1EE400A8DED0A0AFFE71E989DEDE3
:103540000A0A80ED000A90ED010AB5EE400AF1EE9C
:1035500010FA5FEADF918DF87F1090ED000AB7EE68
:10356000001A30EE011A31EE011A80EE010AB6EEB1
:10357000001A30EE010A229880ED000A9DF87F00C3
:1035800024B010BD0000000086B000200590FFE7C9
:103590000598B0F5526F0DDAFFE7059A40F6000185
:1035A000C6F60001002041F82200FFE7059801302F
:1035B0000590EDE700200490FFE70498B0F5527FF6
:1035C0000DDAFFE7049A43F68041C6F600010020B9
:1035D00041F82200FFE7049801300490EDE7002055
:1035E0000390FFE70398B0F5826F0DDAFFE7039AC7
:1035F00044F6A011C6F60001002041F82200FFE7C2
:10360000039801300390EDE700200290FFE7029855
:10361000BF280DDCFFE7029A45F6E011C6F600016F
:10362000002041F82200FFE7029801300290EEE707
:1036300000200190FFE701981F280DDCFFE7019AA9
:1036400045F6E041C6F60001002041F82200FFE700
:10365000019801300190EEE700200090FFE700980C
:1036600001280DDCFFE7009A40F2A451C2F20021CC
:10367000002041F82200FFE7009801300090EEE7BB
:1036800006B07047000000002DE9F04F8DB0DDF866
:1036900074C0DDF870C0DDF86CC0DDF868C0DDF81E
:1036A00064C0DDF860C0DDF85CC0DDF858C00C9087
:1036B0000B910A9209930C980B990A9A099BDDF8D1
:1036C00058C0179C189D199E1A9FDDF86C80DDF874
:1036D0007090DDF874A0EE464FF0010BCEF820B0EC
:1036E000CEF81CA0CEF81890CEF81480CEF810704A
:1036F000CEF80C60CEF80850CEF80440CEF800C0EA
:1037000000F006F80DB0BDE8F08F000000000000EA
:1037100090B0DDF860C0DDF85CC0DDF858C0DDF8C1
:1037200054C0DDF850C0DDF84CC0DDF848C0DDF80D
:1037300044C0DDF840C00F900E910D920C93002014
:103740000B90FFE70B981199884280F2AC80FFE75D
:1037500000200A90FFE70A981299884280F29E8022
:10376000FFE700200990FFE709981399884280F24B
:103770009080FFE71598099950F8210008900020E3
:103780000790FFE70798169988425ADAFFE700206A
:103790000690FFE70698179988424DDAFFE70B98E5
:1037A0001899079A00FB012005900A981899069A23
:1037B00000FB0120049000200390FFE703980C9980
:1037C000884234DAFFE70F9805990D9A51430C9A15
:1037D000049B534301FB0231039A114450F821002A
:1037E000029014980799179A5143DDF830C001FBF5
:1037F0000CF1139A069B03FB0CF3534301FB0233BA
:10380000039901FB0231099A114450F821000190FB
:103810009DED021A9DED012A9DED080AA1EE020A16
:103820008DED080AFFE7039801300390C6E7FFE734
:10383000069801300690ADE7FFE707980130079042
:10384000A0E79DED080AB5EE400AF1EE10FA05DD9D
:10385000FFE79DED080A8DED000A04E09FED130AD5
:103860008DED000AFFE79DED000A10980B99129A62
:103870005143139A0A9B534301FB0231099A1144A5
:1038800000EB810080ED000AFFE709980130099004
:103890006AE7FFE70A9801300A905CE7FFE70B98B8
:1038A00001300B904EE710B0704700BF00000000E1
:1038B00084B0A020ADF80E006420ADF80C0000200C
:1038C000ADF80A00FFE7BDF80A001F284DDCFFE74E
:1038D000BDF80A00BDF80C104843C11700EBD161D8
:1038E0000A2000EB5110ADF80800BDF8080000EB0D
:1038F00080008001ADF806000020ADF80400FFE76D
:10390000BDF804003F2829DCFFE7BDF80400BDF83E
:103910000E104843C11700EB9161502000EB91104D
:10392000ADF80200BDF80600BDF80210014440F6F3
:103930008000C2F20020405CBDF80A20BDF80410EF
:1039400001EB821240F20001C6F600018854FFE745
:10395000BDF804000130ADF80400D1E7FFE7BDF881
:103960000A000130ADF80A00ADE704B0704700006E
:1039700080B582B04CF29032C0F2022201921068FF
:103980005168926812689047019908688968C96807
:1039900088470F20012100F077FC02B080BD0000B5
:1039A00080B582B0ADF806004CF29031C0F2022131
:1039B000086889688A68BDF80610904702B080BD23
:1039C00080B54CF22452C0F202221068516892680D
:1039D0001268904780BD000087B0DDF824C0DDF894
:1039E00020C0DDF81CC006900591049203930020CE
:1039F0000290FFE70298039988423FDAFFE70898B0
:103A0000029950F82100019000200090FFE70098F3
:103A1000059988421ADAFFE70698009900EB8100C1
:103A200090ED001A0798039A029B01FB023100EB0C
:103A3000810090ED002A9DED010AA1EE020A8DEDB4
:103A4000010AFFE7009801300090E0E7099858B1BB
:103A5000FFE79DED010AB5EE400AF1EE10FA03DA38
:103A6000FFE700200190FFE701980499029A41F8CE
:103A70002200FFE7029801300290BBE707B07047D1
:103A800080B582B040F2A251C2F200210020019024
:103A9000087040F28451C2F20021086040F2AC513B
:103AA000C2F20021086040F66101C2F200210870F4
:103AB00040F2A351C2F20021087049F6D261C2F26D
:103AC0000021087049F6D161C2F20021087049F660
:103AD0009A61C2F20021088049F69961C2F2002180
:103AE000087040F2A051C2F20021088002F068FB89
:103AF000FFF74AFD00F0A4FC03F04EFD01994FF4DE
:103B0000306000F0C1FB019940F6013000F0BCFBD1
:103B1000019940F2047000F0B7FB019940F2057082
:103B200000F0B2FB4CF29260C0F2022003F0C8FF3A
:103B30004CF2B870C0F202204021202203F0C0FFF6
:103B400069466E2008604CF25C60C0F20220502191
:103B50000A22F02303F0B4FF4CF2FC60C0F2022012
:103B60002821412203F0ACFF4CF27360C0F2022026
:103B700003F0A6FF02B080BD70B596B040F66200BB
:103B8000C2F20020007808B9FFE726E340F66201A0
:103B9000C2F20021002008704CF24031C0F2022134
:103BA000086889688A6840F68001C2F2002190475F
:103BB00048F20401C4F234014FF48030086040F24E
:103BC000AC51C2F20021086801300860FFF770FEB6
:103BD00000F0C6FE002840F0B280FFE749F69A6187
:103BE000C2F2002108880130088002F0E9FA40F2B0
:103BF000A051C2F200210020088040F2A250C2F27F
:103C00000020007801280ED1FFE703F001FD40F20B
:103C10008451C2F200210020086040F2A251C2F299
:103C200000210870FFE740F29051C2F2002100200D
:103C300008804880087188600873487349F69A6064
:103C4000C2F20020008828286DDBFFE740F2AC506C
:103C5000C2F2002000684CF6CD41CCF6CC4148437E
:103C60004FEAB0004CF6CC41C0F6CC41884225D892
:103C7000FFE740F66100C2F20020017800295FEA08
:103C80001F910170007860B1FFE740F6013001211B
:103C9000139100F0F9FA139940F2057000F0F4FA6C
:103CA0000BE040F601300021129100F0EDFA12997C
:103CB00040F2057000F0E8FAFFE7FFE740F2AC5091
:103CC000C2F2002000684CF6CD41CCF6CC4148430E
:103CD0004FEA301043F23331C0F2333188420CD80E
:103CE000FFE749F69A60C2F2002001884CF29D700D
:103CF000C0F2022003F0E4FEFFE749F69960C2F249
:103D00000020007870B9FFE749F69961C2F20021FE
:103D1000012008704CF2EB71C0F20221002000F08B
:103D20001BFCFFE7FFE740F2A250C2F2002001783F
:103D300040F29050C2F2002000F05EFC4DE249F6E5
:103D40009A60C2F200200088282817DBFFE749F6B6
:103D50009A60C2F2002001884CF28070C0F202200A
:103D600003F0AEFE40F601300021119100F08CFA14
:103D7000119940F2057000F087FAFFE749F69A6161
:103D8000C2F2002100200F90088049F69961C2F22A
:103D900000210870159040F20000C6F6000015A939
:103DA000FFF7E6FA01460F988DF853109DF853106F
:103DB000012910900CD1FFE79DED150A9FEDD91A4E
:103DC000B4EE410AF1EE10FA5FEABF901090FFE7FF
:103DD000109800F001008DF852009DF8520040B19B
:103DE000FFE749F69861C2F20021087801300870B7
:103DF00006E049F69861C2F2002100200870FFE752
:103E000040F2A250C2F20020007801460E9128B183
:103E1000FFE70E98012800F05A81DEE140F2AC5035
:103E2000C2F200200068282843D8FFE740F29051F2
:103E3000C2F20021A0200880642048809DF8520032
:103E400000285FEA0F9008711598886000200873B9
:103E5000487340F2AC50C2F2002000684CF6CD41ED
:103E6000CCF6CC4148434FEA301043F23331C0F234
:103E7000333188421CD8FFE79DF853109DED150A99
:103E8000B7EEC00A4CF2DB72C0F202224CF2E470D0
:103E9000C0F20220002918BF10466A46106053EC99
:103EA000102B4CF25F70C0F2022003F009FEFFE716
:103EB00093E19DF8520002F0F3FF9DF8520002F0EA
:103EC000B3FF49F6D160C2F20020007818B1FFE7D5
:103ED00028200D9006E049F6D260C2F2002000785A
:103EE0000D90FFE70D988DF851009DF851000128C5
:103EF0000DDBFFE740F2A350C2F2002000786421FE
:103F000048439DF85110B0FBF1F00C9002E0002006
:103F10000C90FFE70C988DF8500040F2A050C2F2D0
:103F200000200088782853DBFFE79DF850004128E7
:103F300005DBFFE79DF85100272808DCFFE749F67D
:103F40009860C2F200200078202841DBFFE740F2B1
:103F5000A251C2F200210120087040F28451C2F245
:103F60000021002008609DF853109DED150AB7EE62
:103F7000C00A40F2A350C2F2002000789DF85130F0
:103F80009DF850C040F2A052C2F20022B2F800E008
:103F90009DF8524049F69862C2F2002215786A46AE
:103FA00055611461C2F80CE0C2F808C0536010609B
:103FB00053EC102B4CF2AE60C0F2022003F080FDF7
:103FC0004CF61301C0F20221042000F0C5FAFFE70D
:103FD00040F29051C2F20021A020088064224A8061
:103FE0009DF8520000285FEA0F90087115988860CC
:103FF00040F2A350C2F200200078087340F2A050B3
:10400000C2F200200088504348F68902C8F68802B0
:10401000A0FB0220C009487340F2AC50C2F200205D
:1040200000684CF6CD41CCF6CC4148434FEAB00095
:104030004CF6CC41C0F6CC4188423AD8FFE79DF817
:1040400053109DED150AB7EEC00A9DF8520049F6CF
:104050009862C2F20022137840F2A352C2F2002208
:1040600092F800C09DF851E09DF8504040F2A052F7
:10407000C2F2002215884CF2DB72C0F202224CF22E
:10408000E476C0F20226002818BF16466A469661FA
:1040900055611461C2F80CE0C2F808C053601060AA
:1040A00053EC102B4CF21E70C0F2022003F008FDFE
:1040B000FFE740F2A250C2F20020017840F2905097
:1040C000C2F2002000F098FA00F0DEF985E040F23C
:1040D0008451C2F2002108680130086040F6610096
:1040E000C2F20020017800295FEA1F910170007878
:1040F000D0B1FFE74FF4306001210A9100F0C4F81D
:104100000A9940F2047000F0BFF840F60130002137
:104110000B9100F0B9F80B9940F2057000F0B4F87B
:1041200019E000BF6666263F4FF430600021089119
:1041300000F0AAF8089940F2047000F0A5F840F6E3
:1041400001300121099100F09FF8099940F20570B2
:1041500000F09AF8FFE740F28450C2F200200068B5
:10416000B0F5C87F2BD3FFE703F052FA4FF430606D
:104170000021079100F088F8079940F6013000F01F
:1041800083F8079940F2047000F07EF8079940F236
:10419000057000F079F802F013F8079840F2A0518A
:1041A000C2F20021088040F2A251C2F20021087040
:1041B0004CF28360C0F2022003F082FCFFE740F281
:1041C000A250C2F20020017840F29050C2F20020CA
:1041D00000F012FA00F058F9FFE716B070BD0000C9
:1041E00080B582B00190009149F6A061C2F2002131
:1041F000002008704CF22451C0F20221086889683E
:104200008B6801A901229847FFE749F6A060C2F236
:1042100000200078C00708B9FFE7F6E7019802B070
:1042200080BD00000000000081B000900098007880
:10423000C00738B1FFE740F66201C2F20021012059
:104240000870FFE701B0704780B584B00290BDF8F8
:10425000081040F22060C2F200200DF10702FDF7C5
:104260001FFD9DF8070020B1FFE701208DF80F002A
:1042700003E000208DF80F00FFE79DF80F0004B069
:1042800080BD00000000000080B582B001908DF874
:1042900003109DF8030050B1FFE7BDF8041040F291
:1042A0002060C2F200200122FDF70AFD09E0BDF8FE
:1042B000041040F22060C2F200200022FDF700FD51
:1042C000FFE702B080BD000080B582B000F078FA50
:1042D000FFF776FB4FF4FA7002F00AFD4CF23B60F8
:1042E000C0F2022003F0ECFB4CF2F150C0F20220CD
:1042F00003F0E6FB4CF21560C0F2022003F0E0FB95
:1043000000F05AFCC8B1FFE74CF2D450C0F20220D2
:1043100003F0D6FBFFE74FF4306000900121FFF778
:10432000B3FFC820019002F0E3FC00980021FFF7E2
:10433000ABFF019802F0DCFCEDE74CF22E60C0F21E
:10434000022003F0BDFBFFF79BFB4CF2C050C0F214
:10435000022003F0B5FBFFE7FFF70EFCFCE70000CF
:1043600083B08DF807009DF80700014600910428EE
:1043700023D80099DFE801F003090F151B004CF664
:104380001610C0F2022002901DE04CF64510C0F25B
:104390000220029017E04CF65C10C0F2022002905E
:1043A00011E04CF62E10C0F2022002900BE04CF609
:1043B0006F10C0F20220029005E04CF68710C0F2A8
:1043C00002200290FFE7029803B07047000000004F
:1043D00083B08DF807009DF807000146009104287E
:1043E00023D80099DFE801F003090F151B004CF6F4
:1043F000ED00C0F2022002901DE04CF6F500C0F284
:104400000220029017E04CF61010C0F20220029039
:1044100011E04CF6FC00C0F2022002900BE04CF6DA
:104420000910C0F20220029005E04CF60110C0F223
:1044300002200290FFE7029803B0704700000000DE
:1044400080B502F091FC40F20401C2F2002101208B
:10445000087040F66001C2F200210020087049F6A1
:10446000A461C2F20021086040F28851C2F200212A
:10447000086000F051F84CF6D000C0F2022003F0C2
:104480001FFB80BD0000000070470000000000001E
:1044900080B5AAB08DF8A70028918DF89F209DF8CF
:1044A000A7000490FFF794FF049A03462899487BDD
:1044B00091ED020A9FED161A20EE010A91F804C050
:1044C0009DF89FE06946C1F80CE0C1F808C0BDEE58
:1044D000C00A81ED010A08604CF66001C0F20221B9
:1044E0000DF11F00059003F0A3F801460598069111
:1044F000069900F025F80599069A002088544CF694
:104500008410C0F2022003F0DBFA2AB080BD00BFA5
:104510000000C8420000000080B592B04CF638019F
:10452000C0F2022102A8009003F082F80146009830
:104530000191019900F004F812B080BD0000000064
:1045400080B582B0019000910198009902F034FC8E
:1045500002B080BD0000000080B5AAB08DF8A700B1
:1045600028919DF8A70040F20401C2F200210870D2
:104570009DF8A70040F66001C2F20021087040F2E9
:104580008851C2F20021F02008609DF8A700029037
:10459000FFF71EFF03909DF8A70000210591042856
:1045A00008BF64210491FFF7DBFE029A039B844657
:1045B00004986946C1F804C008604CF69F01C0F237
:1045C000022108A8069003F033F8014606980791E7
:1045D0000799FFF7B5FF05980699079A88544CF696
:1045E0008410C0F2022003F06BFA9DF8A70028990E
:1045F00002F0EAFF2AB080BD80B584B003908DF848
:104600000B1003989DF80B10FEF7D6FD8DF80A00ED
:104610009DF80A0040F20401C2F20021087049F638
:10462000A461C2F2002108680130086040F288509D
:10463000C2F20020006840B1FFE740F28851C2F2A8
:104640000021086801380860FFE749F6A460C2F25B
:10465000002000684CF6CD41CCF6CC4148434FEAEF
:10466000B0004CF6CD41C0F6CC4188420BD3FFE7F9
:104670009DF80A0040F66001C2F2002109788842E4
:1046800001D1FFE737E09DF80A0040F66001C2F271
:10469000002108709DF80A0003999DF80B20FFF790
:1046A000F7FE9DF80A0002280ED0FFE79DF80A00E9
:1046B000032809D0FFE79DF80A00042804D0FFE78B
:1046C0009DF80A00B8B9FFE740F28850C2F2002016
:1046D000006880B9FFE740F28851C2F20021F02063
:1046E00008609DF80A000190FFF73AFE0146019824
:1046F00002F06AFFFFE704B080BD00000000000088
:1047000081B08DF803009DF8030038B9FFE7402120
:10471000C4F225014BF6FF70088007E041F240012A
:10472000C4F235014BF6FF700880FFE701B0704717
:1047300081B08DF803009DF8030038B9FFE74021F0
:10474000C4F225014FF6F770088007E041F24001FE
:10475000C4F235014FF6F7700880FFE701B07047EB
:1047600081B08DF801009DF8010038B9FFE74020C5
:10477000C4F225000088ADF8020007E041F24000D5
:10478000C4F235000088ADF80200FFE7BDF8020072
:1047900001B070470000000081B08DF803009DF863
:1047A0000300012809D1FFE741F20211C4F23501EB
:1047B000088840F480400880FFE701B0704700009F
:1047C00080B54CF29C42C0F2022210685168926897
:1047D0001268904764200121FCF7CEFB43F6244188
:1047E000C4F20001088820F4E0600880FFE743F687
:1047F0005040C4F20000007808B1FFE7F7E743F645
:104800002441C4F20001088840F0200020F0D000CC
:104810000880FFE743F65040C4F20000007808B17A
:10482000FFE7F7E743F62441C4F20001088840F0AF
:10483000050020F00A000880FFE743F65040C4F26C
:104840000000007808B1FFE7F7E743F62041C4F223
:104850000001087840F001000870FFE743F650407F
:10486000C4F200000078C008C00708B1FFE7F5E710
:1048700043F60041C4F20001087800F0CF00087050
:1048800043F60241C4F20001087840F001000870CC
:1048900043F60141C4F20001087800F0FE00087000
:1048A000FFE743F65040C4F20000007808B1FFE78C
:1048B000F7E743F64841C4F200014FF40C7008805A
:1048C000FFE743F65040C4F200000078C00708B18B
:1048D000FFE7F6E743F64441C4F200010868052209
:1048E00062F3124008600868022262F30D3008602B
:1048F000086862F34B200860086840F48070086024
:104900000868032262F30200086043F64041C4F2E3
:104910000001087800F0FC000130087043F61441F3
:10492000C4F200010888072262F31F30088008885B
:1049300000F4704000F56A70088043F61641C4F236
:104940000001087840F00100087043F60041C4F20D
:104950000001087840F00100087080BD00000000F0
:1049600084B000200390FF218DF80B108DF80A0011
:10497000ADF80800FFE7BDF80800B0F5006F2DDACC
:10498000FFE7BDF8081040F20000C6F60000405CEA
:104990008DF807009DF807100398084403909DF8D0
:1049A00007009DF80B10884205DAFFE79DF8070025
:1049B0008DF80B00FFE79DF807009DF80A1088426C
:1049C00005DDFFE79DF807008DF80A00FFE7FFE728
:1049D000BDF808000130ADF80800CCE70398C00A24
:1049E0008DF806009DF80A009DF80B10401A8DF80E
:1049F00005009DF806100020082900900EDBFFE757
:104A00009DF806100020F529009007DCFFE79DF8CF
:104A1000050011285FEADF900090FFE7009800F0A2
:104A2000010004B07047000080B582B00020009003
:104A30000190FFF749FC009802B080BD0000000023
:104A40008DB0DDF83CC0DDF838C0DDF834C00C9026
:104A50000B910A92099300200890FFE708980E999D
:104A6000884271DAFFE700200790FFE707980F9967
:104A7000884264DAFFE700200690FFE7069809996C
:104A8000884257DAFFE74FF2CA20CFF2491005906B
:104A900000200490FFE70498012836DCFFE700209F
:104AA0000390FFE7039801282ADCFFE708990498A0
:104AB00000EB410002900799039800EB4100019040
:104AC0000C9802990A9A5143099A019B534301FB9E
:104AD0000231069A114450F8210000909DED000A21
:104AE0009DED051AB4EE410AF1EE10FA03DDFFE781
:104AF00000980590FFE7FFE7039801300390D1E7A6
:104B0000FFE7049801300490C5E705980D99089ACD
:104B10000F9B5A43099BDDF81CC00CFB03FC02FBF6
:104B200003C2069B1A4441F82200FFE706980130B1
:104B30000690A3E7FFE707980130079096E7FFE7A5
:104B400008980130089089E70DB070470000000018
:104B5000B0B586B0059004910392059B049A039822
:104B600040F009C000BF00BFF2E80245E3E802459B
:104B70000FF007C02046294605930492019100904A
:104B800006B0B0BD0000000080B584B00699039067
:104B90000193009203980699009ADDF804C06346D9
:104BA00041F007C000BF00BFE0E802230FF005C0DE
:104BB000039004B080BD000080B588B0642002F08E
:104BC00097F8694640F20770086003A80290002138
:104BD0004FF47A7240F2067301F09AFD029840F2A7
:104BE0001001C2F2002100F04BF820B1FFE70120D4
:104BF0008DF81F001DE04CF24032C0F202220192FB
:104C0000106851689268126890470199086889682D
:104C10008A6840F68001C2F20021904748F2040100
:104C2000C4F234014FF48030086000208DF81F007A
:104C3000FFE79DF81F0008B080BD000000000000E5
:104C400080B582B08DF807009DF8071040F6680027
:104C5000C2F20020009001F0E7FD014600988DF8B7
:104C60000610F02101F0E0FD8DF805009DF806101A
:104C70009DF8050040EA012002B080BD0000000060
:104C800080B59EB01D901C9100201590ADF86E006F
:104C9000ADF86C00ADF86A00ADF86800ADF86600DC
:104CA000ADF86400ADF862008DF861008DF8600029
:104CB000ADF85E001D98169040F66801C2F2002122
:104CC0005C2008721698C068C86016980068086072
:104CD0001698406848601C98C08849F68061C2F206
:104CE0000021129108801C98408948801C98C08936
:104CF00088801C98408AC8801C98C08A08811C98AB
:104D0000408B48811C98C08B88811C98408CC8813E
:104D10001C98C08C4882FE204BF6EF6100F088FCA6
:104D20000C201390032100F083FC0A20149001F062
:104D3000DFFF1398159900F07BFC1398159900F08C
:104D400077FC1398159900F073FC149801F0D0FFCC
:104D500015988DF86100FFE70020FFF771FFADF8AF
:104D60005E00BDF85E0041F2243188420ED0FFE7BC
:104D7000BDF85E0041F21131884207D0FFE7BDF86F
:104D80005E0041F21331884201D1FFE715E00A20AD
:104D900001F0AEFF9DF8600001308DF860009DF8D5
:104DA00060000A2804DBFFE701208DF8610004E0C1
:104DB000FFE701200028CFD1FFE79DF86100002820
:104DC00040F03184FFE749F68060C2F2002000899C
:104DD00078280FDCFFE749F68060C2F200200089E6
:104DE0008000ADF86600BDF86E0040F00200ADF83E
:104DF0006E0029E049F68060C2F200200089F028A8
:104E00000FDCFFE749F68060C2F200200089400015
:104E1000ADF86600BDF86E0040F00100ADF86E0020
:104E200011E049F68060C2F200200089B0F5F07F01
:104E300008DCFFE749F68060C2F200200089ADF887
:104E40006600FFE7FFE7FFE749F68060C2F2002057
:104E5000C088BC280FDCFFE749F68060C2F2002062
:104E6000C0888000ADF86800BDF86E0040F0080012
:104E7000ADF86E002AE049F68060C2F20020C088DA
:104E8000B0F5BC7F0FDCFFE749F68060C2F200207E
:104E9000C0884000ADF86800BDF86E0040F0040026
:104EA000ADF86E0011E049F68060C2F20020C088C3
:104EB000B0F53C7F08DCFFE749F68060C2F20020D5
:104EC000C088ADF86800FFE7FFE7FFE7BDF86810AE
:104ED00040F24E30401A40F66401C2F200210860F0
:104EE000BDF85E0041F22431884240F0D280FFE7F5
:104EF000072048F2883100F09BFB49F68060C2F23F
:104F0000002000890230BDF8681040F66402C2F249
:104F10000022126811444843011D4FF6C040C0F200
:104F20009B1090FBF1F0ADF86C00BDF86C00B0F593
:104F3000FA7F05DDFFE74FF4FA70ADF86C00FFE78C
:104F400049F68060C2F200208088BDF86C1088426B
:104F500008DDFFE7BDF86C0049F68061C2F2002170
:104F60008880FFE749F68061C2F200218A884FF607
:104F7000C040C0F29B10B0FBF2F00438BDF86820CE
:104F800040F66403C2F200231B681A4490FBF2F05F
:104F90000989411A49F69460C2F200200160006854
:104FA00047F62061884208DCFFE749F69460C2F2C8
:104FB0000020006801282ADCFFE749F69460C2F26D
:104FC00000200068012803DCFFE70220119017E0B1
:104FD00049F69460C2F20020006847F621618842D9
:104FE00004DBFFE747F62060109006E049F6946086
:104FF000C2F2002000681090FFE710981190FFE7C0
:10500000119849F69461C2F200210860FFE749F661
:105010008062C2F2002291884FF6C040C0F29B101D
:10502000B0FBF1F0043849F69461C2F2002109683E
:105030001289114490FBF1F0BDF86810411A40F656
:105040006400C2F20020016000683C2803DCFFE736
:105050003D200F9016E040F66400C2F20020006888
:10506000B0F5806F04DBFFE740F2FF300E9006E002
:1050700040F66400C2F2002000680E90FFE70E9830
:105080000F90FFE70F9840F66401C2F2002108601C
:10509000CBE049F68060C2F2002000890430BDF800
:1050A000681040F66402C2F20022126811444843BC
:1050B000011D4FF6C040C0F29B1090FBF1F0ADF81F
:1050C0006C00BDF86C00B0F5FA7F05DDFFE74FF42A
:1050D000FA70ADF86C00FFE749F68060C2F200207C
:1050E0008088BDF86C10884208DDFFE7BDF86C00D1
:1050F00049F68061C2F200218880FFE749F68061AD
:10510000C2F200218A884FF6C040C0F29B10B0FB6B
:10511000F2F00438BDF8682040F66403C2F20023C0
:105120001B681A4490FBF2F00989411A49F6946011
:10513000C2F200200160006840F6B831884208DC05
:10514000FFE749F69460C2F20020006803282ADCD9
:10515000FFE749F69460C2F200200068032803DCF0
:10516000FFE704200D9017E049F69460C2F200209A
:10517000006840F6B931884204DBFFE740F6B830FA
:105180000C9006E049F69460C2F2002000680C9092
:10519000FFE70C980D90FFE70D9849F69461C2F275
:1051A00000210860FFE749F68062C2F20022918880
:1051B0004FF6C040C0F29B10B0FBF1F0043849F646
:1051C0009461C2F2002109681289114490FBF1F048
:1051D000BDF86810411A40F66400C2F20020016078
:1051E00000682A2803DCFFE72B200B9016E040F62E
:1051F0006400C2F200200068B0F5806F04DBFFE7B6
:1052000040F2FF300A9006E040F66400C2F200204F
:1052100000680A90FFE70A980B90FFE70B9840F6AA
:105220006401C2F200210860FFE749F68062C2F221
:105230000022508849F69461C2F20021096812895F
:105240001144023988420EDDFFE749F69460C2F24C
:105250000020006849F68061C2F200210A891044EA
:1052600002384880FFE7BDF86800C0F53C7000EBED
:10527000D0704008ADF86A0049F68060C2F20020A4
:10528000B0F90A00BDF96A104942884205DAFFE721
:10529000BDF96A004042099019E049F68060C2F207
:1052A0000020B0F90A00BDF96A10884204DDFFE76A
:1052B000BDF96A00089007E049F68060C2F200205C
:1052C000B0F90A000890FFE708980990FFE70999EC
:1052D00049F68060C2F200204181BDF86A100131B8
:1052E000ADF86A10BDF86A104289891AADF86410E9
:1052F000BDF86610C1F5F07101EBD1714908ADF848
:105300006A10B0F90C00BDF96A104942884205DA0A
:10531000FFE7BDF96A004042079019E049F6806056
:10532000C2F20020B0F90C00BDF96A10884204DD19
:10533000FFE7BDF96A00069007E049F68060C2F217
:105340000020B0F90C000690FFE706980790FFE7F1
:10535000079849F68061C2F2002105918881BDF865
:105360006A000430ADF86A00BDF86A008989084413
:10537000ADF862001B200121049100F059F9049856
:10538000BDF8641000F054F9BDF86210022000F07E
:105390004FF9BDF86610032000F04AF9BDF8681017
:1053A000042000F045F940F66400C2F200200188B4
:1053B000052000F03DF949F69460C2F20020018812
:1053C000062000F035F90A204FF4B27100F030F9F0
:1053D000082040F2BB1100F02BF9092040F2D9114E
:1053E00000F026F90598008848B9FFE749F6806083
:1053F000C2F2002041880B2000F01AF9FFE7BDF847
:105400006E0040F44C710D2000F012F9312027217C
:1054100000F00EF932201A2100F00AF9332005219C
:1054200000F006F949F68060C2F20020C1893520FB
:1054300000F0FEF8BDF85E0041F2243188427ED1D2
:10544000FFE7BDF86410C92000F0F2F8BDF8621063
:10545000CA2000F0EDF8BDF86610CB2000F0E8F8A7
:10546000BDF86810CC2000F0E3F840F66400C2F20A
:1054700000200188CD2000F0DBF849F69460C2F2EC
:1054800000200188CE2000F0D3F8D1204FF4B27173
:1054900000F0CEF8CF2040F2BB1100F0C9F8D020C8
:1054A00040F2D91100F0C4F849F68060C2F2002041
:1054B000008848B9FFE749F68060C2F200204188C1
:1054C000D22000F0B5F8FFE7BDF86E0040F44C7153
:1054D0000E2000F0ADF83920272100F0A9F83A207D
:1054E0001A2100F0A5F83B20052100F0A1F849F6AB
:1054F0008060C2F20020C189362000F099F8BDF822
:105500006E100020B0EB910F05D0FFE77220102144
:1055100000F08EF804E07220002100F089F8FFE727
:105520000F2040F2011100F083F84720812100F0A4
:105530007FF848204FF6EC7100F07AF80DE00F206C
:10554000112100F075F84720812100F071F8482002
:105550004FF6E77100F06CF8FFE707204FF4627137
:1055600000F066F81C2040F2033100F061F82C20B6
:10557000032100F05DF849F68060C2F20020008847
:1055800028B9FFE7AF20002100F052F845E049F6C6
:105590008060C2F2002003900188A52000F048F846
:1055A000A6200221029100F043F80299A82000F001
:1055B0003FF80399C88809894843C11700EB9170E7
:1055C0008010B0F5803F0DDAFFE749F68061C2F246
:1055D0000021C88809894843C11700EB91708010E9
:1055E000019003E04FF6FF700190FFE7019881B250
:1055F000B02000F01DF8AE20142100F019F8AF2003
:1056000040F2011100F014F849F68060C2F2002067
:105610004188AD2000F00CF8FFE7FE204DF6AD61AB
:1056200000F006F8FFE79DF861001EB080BD0000A5
:1056300080B582B08DF80700ADF804109DF8071012
:105640009DF8052040F66800C2F20020009001F0AD
:105650001BF900989DF80420F02101F015F902B023
:1056600080BD00000000000082B00190002000908A
:10567000FFE70098B0F5006F18DAFFE7019800998E
:10568000405C00EE100AB8EE400A9FED091A80EE69
:10569000010A45F66050C6F6000000EB810080ED7F
:1056A000000AFFE7009801300090E2E702B070477F
:1056B00000007F430000000086B0059004918DF843
:1056C0000F208DF80E300020029001908DF803001D
:1056D0008DF802009DF80F0050B3FFE70598029087
:1056E0000298B0F1FF3F04DCFFE7029840420290CD
:1056F000FFE7FFE7029A9DF80E1092FBF1F000FB26
:10570000112030300499087002989DF80E1090FB1B
:10571000F1F002909DF8020001308DF8020002982D
:1057200008B9FFE703E0049801300490E2E734E0B1
:1057300005980190FFE7019A9DF80E10B2FBF1F079
:1057400000FB11208DF803009DF803000A2806DBFA
:10575000FFE79DF8030037308DF8030005E09DF862
:10576000030030308DF80300FFE79DF80300049933
:10577000087001989DF80E10B0FBF1F001909DF8B3
:10578000020001308DF80200019808B9FFE703E03C
:10579000049801300490CEE7FFE79DF8020006B0C0
:1057A000704700000000000084B0039002910020C8
:1057B00001908DF803000190FFE702990198B0EB8A
:1057C000510F1BD2FFE703990298019A801A0844EF
:1057D00010F8010C8DF80300039A019BD05C02992C
:1057E000C91A114401F8010C9DF803000399019AAC
:1057F0008854FFE7019801300190DEE704B070475C
:10580000B0B590B00F900E910F98C06905900598B3
:1058100018B9FFE70E9805902EE0059902910868E7
:105820004A688B68D1F80CC0D1F810E04C690B9431
:10583000CDF828E0CDF824C0089307920690886937
:10584000C9690D910C90059903910E9A0492106804
:105850005368D2F808C0D2F80CE0146955694D615C
:105860000C61C1F80CE0C1F808C04B600860906999
:10587000D269CA618861FFE70F98816905988847F6
:105880000F98C069C0B1FFE70F98C16901910698F0
:10589000079A089BDDF824C0DDF828E00B9C4C61DA
:1058A000C1F810E0C1F80CC08B604A6008600C9829
:1058B0000D9ACA618861FFE710B0B0BD000000001A
:1058C00080B58AB08DF82700FCF72AF8FCF794F829
:1058D0000890FCF725F8FBF78FF99DF827008DF865
:1058E0000200089840680088ADF8000000208DF89C
:1058F00008000898006A01900898806928B1FFE7BD
:1059000008986946FFF77CFFFFE70AB080BD0000FA
:1059100085B0ADF81200ADF810108DF80F20BDF86D
:1059200012100020C4F2400040EAD10041F6E071BC
:10593000C4F2400108400290BDF8101001208840D8
:1059400001900298C06800909DF80F0001280AD1CC
:10595000FFE70199009820EA014000900199009822
:105960000843009009E0019900988843009001994C
:10597000009840EA01400090FFE700980299C86053
:1059800005B070470000000082B0ADF8060000913D
:105990009DF80200C007E8B1FFE7BDF806206FF0F0
:1059A0003F0101EA9200D2B200EB820340F600020E
:1059B000C4F24002985820F480309850009820F4A7
:1059C0008030BDF8063001EA9301DBB201EB8301C0
:1059D0008850FFE70098BDF806206FF03F0101EA0C
:1059E0009201D2B201EB820140F60002C4F2400201
:1059F000885002B07047000080B584B003900398CF
:105A0000FDF71AFB03980190FBF7EAF90020ADF8C7
:105A10000A00FFE7BDF80A0001990988884212DAF6
:105A2000FFE701984168BDF80A2001EBC2008088B9
:105A300051F83210FFF7A8FFFFE7BDF80A00013068
:105A4000ADF80A00E6E7FBF797F904B080BD000067
:105A500080B582B001908DF803108DF802209DF979
:105A60000200FBF725F89DF90200FBF725F99DF9E7
:105A700002009DF80310019AFAF776FF02B080BD8C
:105A800080B582B0019000910198009A917A92F9C4
:105A90000B20FFF7DDFF0198009A117992F905209C
:105AA000FFF7D6FF0198009A917992F90720FFF746
:105AB000CFFF0198009A117A92F90920FFF7C8FFE9
:105AC00002B080BD0000000080B586B005908DF862
:105AD00013100598406A0090009818B9FFE701A8D4
:105AE000009007E0009A1068516892680392029152
:105AF0000190FFE7059840680078009908609DF8DC
:105B00001300009908710598806A009988600598CB
:105B1000016A009888470598406A48B1FFE70598F0
:105B2000416A0198029A039B8B604A600860FFE714
:105B300006B080BD0000000081B000900099486967
:105B4000C969884218D2FFE70098C06848B1FFE7EA
:105B5000009A9168D0685269805C60F0FF004860EC
:105B600005E0009881686FF0FF004860FFE700994A
:105B7000486901304861FFE701B07047000000004C
:105B800080B588B0079006918DF817200798806A35
:105B90000090009818B9FFE701A8009009E0009B69
:105BA000186859689A68DB6804930392029101901F
:105BB000FFE70798C0690078009908600698009987
:105BC00088609DF81700009908710798C06A0099CD
:105BD000C8600798416A009888470798806A68B14A
:105BE000FFE70798816A0198029A039BDDF810C0CD
:105BF000C1F80CC08B604A600860FFE708B080BD48
:105C000088B0079006910698C0690590059840688D
:105C10000490002003904FF4805002900698407842
:105C200000F00301029840EA012002900698C07833
:105C300000F00101029840EA813002900598407816
:105C400000F00101029840EAC13002900598407BC3
:105C500000F00101029840EA415002900598007856
:105C600000F00301029840EA01600290029807994F
:105C7000096A486105980078022805D0FFE7059871
:105C80000078032810D1FFE74FF60470CFF60070BC
:105C9000039005980078022805D1FFE7039840F0AB
:105CA00020000390FFE705E004980168039808438B
:105CB0000390FFE703980799096A08610598007B3C
:105CC00000F003000190019840F030000190069828
:105CD000807860B1FFE7069880784FF44071022821
:105CE00008BF4FF48071019808430190FFE70598C1
:105CF000807800F00101019840EA0170019001985C
:105D00000799096AC8600798016A002088610698A7
:105D100001780120884040F21F21084207D0FFE7A8
:105D20000798016A0020C1F61F704862FFE70598D6
:105D3000807B00F0010000900598C07B00F01F01FF
:105D4000009840EA012000900598007C00F01F01B7
:105D5000009840EA0140009000980799096A08639A
:105D600008B070470000000080B586B0059004912F
:105D70000598016A086920F0010008610598006A29
:105D8000806B03900598006AC06B0290039800F046
:105D900005000390029848F27F3108400290039872
:105DA000C0430599096A88630298C0430599096A46
:105DB000C8630398029940EA014001909DF80400ED
:105DC000C007002845D0FFE70499088840F0080084
:105DD00008800598006A0069000AC00730B1FFE733
:105DE0000598006A806A0499486005E00598006A91
:105DF000806904994860FFE70598006A00682628D2
:105E000015D1FFE70598006AC06B00F48140802837
:105E100006D1FFE70499088840F08000088005E07B
:105E20000499088840F480700880FFE710E0059826
:105E3000006A006C0090009820F004000090009828
:105E400040F00100009000980599096A0864FFE796
:105E5000FFE7BDF8060048F27F01084213D0FFE7D4
:105E60009DF8060040F080008DF80600049908882F
:105E700040F0400008800598016A012008610598FB
:105E800000F0B6F816E09DF804008008C00780B165
:105E9000FFE7059890F82800012809D0FFE705984A
:105EA00000F0A6F80499088840F020000880FFE779
:105EB000FFE7FFE7019A0599486A1043486206B078
:105EC00080BD00000000000080B586B00590049100
:105ED0000598D0F83C02A0B3FFE70598D0F840023F
:105EE0000090009818B9FFE7049800900FE0009A1E
:105EF0001068516892680392029101900099049B86
:105F000018685A689B688B604A600860FFE70598CC
:105F1000D0F84402009988600598D0F83C120098A7
:105F200088470598D0F8400250B1FFE70598D0F8AF
:105F300040120198029A039B8B604A600860FFE759
:105F4000FFE706B080BD000080B584B003900399E0
:105F5000086B496B884226D0FFE7039890F8280029
:105F6000012808D1FFE7039A02F13C01D06A926B45
:105F7000FAF788F9FFE7039890F82800022808D17B
:105F8000FFE7039A02F13C00D16A926BFAF77AF9C3
:105F9000FFE70399486B013048630399C86A8A6B2D
:105FA0001044C862FFE70399086B496B88421DD112
:105FB000FFE7039890F82800012816D1FFE703981F
:105FC00000F016F800200290019000900398D0F89D
:105FD00044020290BDF8000040F02000ADF800003F
:105FE00003986946FFF770FFFFE7FFE704B080BD45
:105FF00080B582B00190019900200090486301991A
:1060000008630199C862019981F8280001998863A1
:10601000019840684168086889680969884700985C
:106020000199096AC1F8B00102B080BD000000000A
:1060300080B586B005908DF813100598806A0090A1
:10604000009818B9FFE701A8009007E0009A1068CF
:1060500051689268039202910190FFE705984068A9
:106060000078009908609DF8130000990871059860
:10607000C06A009988600598416A00988847059829
:10608000806A48B1FFE70598816A0198029A039BEC
:106090008B604A600860FFE706B080BD000000002A
:1060A00082B0019001988069009000980199C969B7
:1060B000884201D1FFE739E00198006920B9FFE784
:1060C00001988068006827E0019890F82000102867
:1060D00009DBFFE701988068006801990969009A67
:1060E00041F8220017E0019890F82000082809DB09
:1060F000FFE701988068006801990969009A21F812
:10610000120007E001988068006801990969009A07
:106110008854FFE7FFE7FFE7019881684FF00040F0
:1061200088660098013001998861FFE702B07047E6
:1061300082B0019001984069009000980199C96966
:10614000884201D1FFE737E00198C06828B9FFE72E
:10615000019881680020086024E0019890F82000F0
:10616000102808DBFFE701988168C068009A50F8A2
:106170002200086015E0019890F82000082808DB4C
:10618000FFE701988168C068009A30F81200086043
:1061900006E001988168C068009A805C0860FFE7AB
:1061A000FFE7FFE7019881684FF00050886600988C
:1061B000013001994861FFE702B07047000000001C
:1061C00081B040F2A351C2F200210020087049F6CC
:1061D000D261C2F20021087049F6D161C2F20021F9
:1061E000087049F69861C2F2002108708DF803002A
:1061F000FFE79DF8030027280FDCFFE79DF8032049
:1062000049F6A961C2F2002100208854FFE79DF8F9
:10621000030001308DF80300EBE701B07047000088
:1062200080B582B0FBF7A0FB8DF807009DF9070051
:10623000FBF712FC009000988168886820F44410F5
:106240008860009881684FF080708866009804210B
:10625000FFF73AFC9DF90700FAF716FD02B080BD82
:1062600080B584B0FBF780FB8DF80F009DF90F001F
:10627000FAF70AFD9DF90F00FBF7EEFB029002987A
:10628000FFF75AFC02998869C96988420ED2FFE774
:10629000029880680068DDF808C0DCF81010DCF8AF
:1062A0001820531CCCF818308854FFE702998869ED
:1062B000C969884211D1FFE702988068806801901F
:1062C000019840F400100190019820F4881001908A
:1062D0000198029989688860FFE704B080BD0000DA
:1062E00080B584B0FBF740FB8DF80F009DF90F00DF
:1062F000FBF7B2FB029002988068806801900198D9
:106300004FF6EE71CFF6CF710840019001980299D7
:106310008968886002980121FFF7D6FB9DF90F007C
:10632000FAF7B2FC04B080BD80B584B0FBF71CFB6B
:106330008DF80F009DF90F00FAF7A6FC9DF90F00EC
:10634000FBF78AFB02900298FFF7F6FB0299486977
:10635000C969884215D1FFE70298006988B9FFE74B
:106360000298806880680190019840F400100190C4
:10637000019820F480100190019802998968886042
:10638000FFE704B080BD000080B586B0FBF7F8FAE7
:106390008DF817009DF91700FBF76EFB04900020A5
:1063A00003900498807800F00300022807D1FFE7EB
:1063B0000498006A00686FF35F20039004E004987B
:1063C000006A00780390FFE70498006A806C0290EE
:1063D000029800F0807100F0C050000E40EAD140F9
:1063E0008DF807009DF80700C00600280ED5FFE7CE
:1063F0000498006A806CC00BC00738B9FFE79DF8AD
:10640000070040F040008DF80700FFE70498016A9C
:10641000886E40F0C85088660498406A38B1FFE73B
:10642000049803999DF80720FFF7AAFBFFE79DF961
:106430001700FAF741FC06B080BD00000000000024
:1064400080B584B0FBF79CFA8DF80F009DF90F0022
:10645000FAF732FC9DF90F00FBF70EFB0290029851
:10646000807800F00300022807D1FFE70298006A55
:1064700000686FF35F20019004E00298006A0078E2
:106480000190FFE70298806958B9FFE70298406AD7
:1064900030B1FFE7029801990422FFF771FBFFE793
:1064A00025E002994869897801F0030201A9F9F70A
:1064B000E9FE0299887800F00302486910444861B7
:1064C0000299887800F003028869801A886102982E
:1064D000806958B9FFE70298406A30B1FFE7029837
:1064E00000210122FFF74CFBFFE7FFE7FFE704B0C5
:1064F00080BD00000000000080B582B0FBF740FACC
:106500008DF807009DF90700FBF7B6FA0090009898
:10651000016A88684FF6EF72CFF6CF72104088603C
:106520000098406A30B1FFE7009800210222FFF78F
:1065300027FBFFE79DF90700FAF7BEFB02B080BD1D
:1065400080B584B0FBF71CFA8DF80F009DF90F00A1
:10655000FAF7B2FB9DF90F00FBF78EFA0290029852
:10656000C069006940BBFFE70298006920B3FFE7FC
:106570000298807800F00300022808D1FFE7029912
:10658000C868096A008820F4DC40486005E0029988
:10659000C868096A00780871FFE70299887800F0F6
:1065A00003020869801A08610299887800F00302E2
:1065B000C8681044C860FFE702980069F0B9FFE7B7
:1065C0000298006A80680190019840F400100190E0
:1065D000019820F48010019001980299096A88605E
:1065E00002990020C8600298406A30B1FFE7029823
:1065F00000218022FFF7C4FAFFE7FFE704B080BD67
:1066000080B586B0FBF7C8F98DF817009DF9170023
:10661000FBF742FA04900020039002900190049846
:1066200001A9FFF7A1FB0498807FC00748B1FFE7ED
:10663000BDF8040028B1FFE7049801A9FFF744FC66
:10664000FFE79DF91700FAF74FFB06B080BD000089
:1066500080B588B000200190079006900590FBF768
:106660009BF98DF813009DF91300FBF715FA01460D
:106670000198039102900398006A806B0290BDF824
:10668000080010F4847F0AD0FFE703990020887780
:10669000BDF8140040F00100ADF81400FFE7BDF8AC
:1066A000080010F4047F07D0FFE7BDF8140040F0A5
:1066B0000200ADF81400FFE7029800F44670029063
:1066C0000298C0430399096A88630398D0F844028A
:1066D0000790039805A9FFF7F7FB9DF91300FAF758
:1066E00003FB08B080BD000080B582B0FBF754F911
:1066F0008DF807009DF90700FBF7CEF90090009890
:10670000FFF722FC9DF90700FAF7EEFA02B080BD10
:1067100080B584B084460698CDF80CC08DF80B1077
:106720000192ADF80230ADF80000BDF80200039907
:106730000860BDF80000039948609DF80B000399BC
:10674000087201980399C86004B080BD0000000081
:1067500080B588B007908DF81B1000218DF81A10B5
:1067600008208DF8190007980068FDF78DFD07983F
:10677000C0680590FFE70598411E059108B1FFE745
:10678000F9E7079840680121FDF77EFDFFE79DF8D6
:106790001900411E8DF8191058B3FFE707980068DB
:1067A0000021FDF771FD0798C0680490FFE7049889
:1067B000411E049108B1FFE7F9E70798006801213D
:1067C000FDF762FD0798C0680390FFE70398411E3C
:1067D000039108B1FFE7F9E79DF81A0001900798C7
:1067E0004068FDF731FD019940EA41008DF81A003B
:1067F000CDE7079800680021FDF746FD0798C068BF
:106800000290FFE70298411E029108B1FFE7F9E705
:1068100007989DF81B1000F057F89DF81A0008B073
:1068200080BD00000000000080B582B001908DF8AE
:10683000031000208DF80200019800F0E1F80198A3
:10684000017A4900C9B200F07FF801989DF8031061
:1068500000F07AF8019800F00BF9019800F0D0F8F8
:106860000198017A49000131C9B200F06DF8019830
:106870000121FFF76DFF8DF80200019800F0F8F894
:106880009DF8020002B080BD80B582B001908DF805
:1068900003108DF80220019800F0B2F80198017AF7
:1068A0004900C9B200F050F801989DF8031000F0BB
:1068B0004BF801989DF8021000F046F8019800F09E
:1068C000D7F802B080BD000080B584B003908DF889
:1068D0000B10039800680021FDF7D6FC9DF80B0013
:1068E00030B1FFE7039840680121FDF7CDFC05E0DA
:1068F000039840680021FDF7C7FCFFE70398C068D4
:106900000190FFE70198411E019108B1FFE7F9E707
:10691000039800680121FDF7B7FC0398C068009058
:10692000FFE70098411E009108B1FFE7F9E70398DF
:1069300000680021FDF7A8FC039840680121FDF7DD
:10694000A3FC04B080BD000080B586B005908DF832
:10695000131080208DF81200FFE79DF81200002828
:1069600043D0FFE79DF813009DF81210084206D0AF
:10697000FFE7059840680121FDF786FC05E00598D2
:1069800040680021FDF780FCFFE79DF812004008F9
:106990008DF812000598C06840080390FFE703983F
:1069A000411E039108B1FFE7F9E70598006801214E
:1069B000FDF76AFC0598C0680290FFE70298411E47
:1069C000029108B1FFE7F9E7059800680021FDF79B
:1069D0005BFC0598C06840080190FFE70198411EE4
:1069E000019108B1FFE7F9E7B7E7059800F078F8FB
:1069F00001285FEA0F9006B080BD00000000000093
:106A000080B586B005900598006801210191FDF7D9
:106A10003BFC019905984068FDF736FC0598C06875
:106A20000490FFE70498411E049108B1FFE7F9E7DD
:106A3000059840680021FDF727FC0598C068039081
:106A4000FFE70398411E039108B1FFE7F9E70598B6
:106A500000680021FDF718FC0598C0680290FFE768
:106A60000298411E029108B1FFE7F9E706B080BD28
:106A700080B586B005900598406800210191FDF72A
:106A800003FC019905980068FDF7FEFB0598C068B6
:106A90000490FFE70498411E049108B1FFE7F9E76D
:106AA000059800680121FDF7EFFB0598C068039089
:106AB000FFE70398411E039108B1FFE7F9E7059846
:106AC00040680121FDF7E0FB0598C0680290FFE7F0
:106AD0000298411E029108B1FFE7F9E706B080BDB8
:106AE00080B586B0059000218DF8131005980068D8
:106AF000FDF7CAFB059840680121FDF7C5FB059825
:106B0000C0680390FFE70398411E039108B1FFE7B7
:106B1000F9E7059800680121FDF7B6FB0598C06804
:106B20000290FFE70298411E029108B1FFE7F9E7E2
:106B300005984068FDF788FB20B1FFE701208DF83C
:106B40001300FFE7059800680021FDF79DFB0598FD
:106B5000C0680190FFE70198411E019108B1FFE76D
:106B6000F9E79DF8130006B080BD000000000000AA
:106B700080B584B0FAF71CFF8DF80F009DF90F0067
:106B8000FAF79AFF02900298406890F90200F9F72C
:106B9000ABFF02988168886820F001008860029845
:106BA000406890F90200F9F7DBFF02988068006DF9
:106BB0000190029881680020CFF6805088669DF889
:106BC00007000007002805D5FFE702980521FFF719
:106BD0002FFAFFE79DF80700C00728B1FFE70298EA
:106BE0000421FFF725FAFFE79DF80700400700287A
:106BF0000CD5FFE79DF80700C006002805D5FFE784
:106C000002980821FFF714FAFFE7FFE79DF90F004C
:106C1000FAF782F804B080BD80B582B0FAF7C8FEFA
:106C20008DF807009DF90700FAF776F89DF907003F
:106C3000FAF742FF00900098FFF732FA0098FFF74A
:106C400077FA00998869C969884207D1FFE70098F7
:106C5000406890F90300F9F7BBFFFFE702B080BD81
:106C600080B582B0FAF7A4FE8DF807009DF9070001
:106C7000FAF752F89DF90700FAF71EFF0090009806
:106C80008068006D400EC00730B1FFE70098406893
:106C9000407A01281BD1FFE79DF90700F9F724FF8F
:106CA0000098406890F90200F9F71EFF009881688B
:106CB000886820F0010088600098406890F9020020
:106CC000F9F74EFF00980121FFF7B2F9FFE702B094
:106CD00080BD00000000000080B582B0FAF768FEB9
:106CE0008DF807009DF90700FAF716F802B080BD8D
:106CF00080B582B0019001984FF47A71FAF73CF9AF
:106D000002B080BD0000000080B582B00190019803
:106D10000121FAF731F902B080BD00000000000047
:106D200080B582B001900198007901460091022857
:106D300010D0FFE70098042813D1FFE74CF2E4419C
:106D4000C0F20221086889688B6801990831012224
:106D5000984707E049F6A161C2F2002101200870BE
:106D600000E0FFE702B080BD80B54CF2E442C0F223
:106D700002221068516892681268904749F69C6335
:106D8000C2F200234FF4165001214FF47A72FBF740
:106D9000FBF868B9FFE74CF2E441C0F20221086851
:106DA0008968CA6849F69C61C2F200219047FFE7F2
:106DB00080BD00000000000080B582B0019000910D
:106DC00049F6A161C2F20021002008704CF2E441B2
:106DD000C0F20221086889688B680199009A984777
:106DE000FFE749F6A160C2F200200078C00708B9A9
:106DF000FFE7F6E702B080BD82B00190019800790C
:106E000001460091022805D0FFE70098042808D128
:106E1000FFE707E049F6A061C2F2002101200870F7
:106E200000E0FFE702B0704781B08DF803009DF8E5
:106E30000300C8B1FFE740F2A050C2F20020008872
:106E40000230F02807DBFFE740F2A051C2F2002138
:106E5000F020088007E040F2A051C2F2002108882B
:106E600002300880FFE717E040F2A050C2F2002095
:106E70000088032808DBFFE740F2A051C2F200219E
:106E800008880238088006E040F2A051C2F20021D2
:106E900000200880FFE7FFE701B070470000000016
:106EA00081B08DF8030049F6D260C2F2002001786B
:106EB00049F6A960C2F20020405C40B1FFE740F211
:106EC000A351C2F20021087801380870FFE79DF84D
:106ED000030049F6D261C2F200210A7849F6A9619D
:106EE000C2F2002188549DF8030040B1FFE740F250
:106EF000A351C2F20021087801300870FFE749F67B
:106F0000D260C2F200200178013101700078282897
:106F10000DDBFFE749F6D261C2F2002100200870C4
:106F200049F6D161C2F2002101200870FFE701B0EB
:106F3000704700000000000080B582B0ADF8060088
:106F4000BDF806000121FAF717F802B080BD000075
:106F500080B582B08DF807009DF80700FDF7D0FBE3
:106F600002B080BD0000000080B582B08DF807003F
:106F700040F29460C2F20020008870B1FFE79DF8F3
:106F80000700FDF709FC6420FFF7D6FF40F294618B
:106F9000C2F2002100200880FFE702B080BD00009F
:106FA00080B58AB0099008918DF81F209DF81F00C8
:106FB000012839D1FFE741F24000C4F235000088D2
:106FC000ADF81C0041F24600C4F235000088ADF86F
:106FD000160041F24800C4F235000088ADF81000F8
:106FE00041F24A00C4F235000088ADF80A0041F2CF
:106FF0003000C4F235000088ADF81A0041F23600C6
:10700000C4F235000088ADF8140041F23800C4F233
:1070100035000088ADF80E0041F23A00C4F23500A8
:107020000088ADF8080030E04020C4F22500008858
:10703000ADF81C004620C4F225000088ADF816000B
:107040004820C4F225000088ADF810004A20C4F2A0
:1070500025000088ADF80A003020C4F22500008821
:10706000ADF81A003620C4F225000088ADF81400EF
:107070003820C4F225000088ADF80E003A20C4F292
:1070800025000088ADF80800FFE709990020088076
:1070900008990880BDF81C10BDF81A201140ADF801
:1070A0001810BDF81610BDF814201140ADF81210DC
:1070B000BDF81010BDF80E201140ADF80C10BDF851
:1070C0000A10BDF808201140ADF806109DF81D10FB
:1070D000B0EB012F01D1FFE7A4E1BDF81800400497
:1070E000002818D5FFE79DF81F00012808D1FFE709
:1070F00041F24001C4F235014BF6FF70088006E012
:107100004021C4F225014BF6FF700880FFE7099982
:107110001220088086E1BDF818000004002818D568
:10712000FFE79DF81F00012808D1FFE741F2400169
:10713000C4F2350147F6FF70088006E04021C4F232
:10714000250147F6FF700880FFE7099911200880A4
:1071500067E1BDF818008004002818D5FFE79DF806
:107160001F00012808D1FFE741F24001C4F23501B8
:107170004DF6FF70088006E04021C4F225014DF66F
:10718000FF700880FFE709991320088048E1BDF8E7
:107190001800C00400281CD5FFE79DF81F00012837
:1071A00008D1FFE741F24001C4F235014EF6FF700D
:1071B000088006E04021C4F225014EF6FF700880E9
:1071C000FFE7099914200880BDF81C000899088081
:1071D00025E1BDF81800C00500281FD5FFE7BDF860
:1071E0001200C007D0B1FFE79DF81F00012808D1A9
:1071F000FFE741F24601C4F2350140F2FE3008805B
:1072000006E04621C4F2250140F2FE300880FFE787
:1072100009990120088008990880FFE0BDF818004E
:107220004005002820D5FFE7BDF80600C007D8B10B
:10723000FFE79DF81F00012808D1FFE741F24A014E
:10724000C4F2350140F2FE30088006E04A21C4F263
:10725000250140F2FE300880FFE7099902200880EE
:10726000089901200880D8E0BDF8180080050028A2
:1072700020D5FFE7BDF80C00C007D8B1FFE79DF8A7
:107280001F00012808D1FFE741F24801C4F235018F
:1072900040F2FE30088006E04821C4F2250140F2A9
:1072A000FE300880FFE70999032008800899012033
:1072B0000880B1E0BDF81800000500282FD5FFE7D1
:1072C0009DF81F00FDF74CFA089908809DF81F00F3
:1072D000012808D1FFE741F24001C4F235014FF225
:1072E000FF70088006E04021C4F225014FF2FF70D4
:1072F0000880FFE70999152008800898007800F0B9
:10730000070006280AD1FFE79DF81F00FDF710FAD5
:107310000999002008800899088083E07BE0BDF887
:107320001800C005002822D5FFE79DF81F0001289E
:107330000BD1FFE7BDF8121040F2FF30884341F255
:107340004601C4F23501088009E0BDF8121040F290
:10735000FF3088434621C4F225010880FFE70999E0
:1073600001200880BDF812000899088052E0BDF89D
:1073700018004005002822D5FFE79DF81F000128CE
:107380000BD1FFE7BDF8061040F2FF30884341F211
:107390004A01C4F23501088009E0BDF8061040F248
:1073A000FF3088434A21C4F225010880FFE709998C
:1073B00002200880BDF806000899088029E0BDF881
:1073C00018008005002822D5FFE79DF81F0001283E
:1073D0000BD1FFE7BDF80C1040F2FF30884341F2BB
:1073E0004801C4F23501088009E0BDF80C1040F2F4
:1073F000FF3088434821C4F225010880FFE709993E
:1074000003200880BDF80C000899088000E0FFE721
:10741000FFE7FFE7FFE7FFE7FFE7FFE7FFE7FFE73C
:10742000FFE7FFE70AB080BD80B584B0FAF7CCFA79
:107430008DF80F009DF90F00FAF74EFB02900298AD
:107440008078FFF791FD029940F29860C2F2002027
:10745000019090F8402000EBC202516090F840107B
:1074600000EBC100811C42689278FFF799FD0199F9
:1074700091F84000013000F0070081F8400004B0AE
:1074800080BD00000000000080B582B0FAF7A8FAC5
:107490008DF807009DF90700F9F756FC02B080BD92
:1074A00080B582B0FAF79CFA8DF807009DF90700C5
:1074B000F9F74AFC02B080BD80B582B0FAF790FAC5
:1074C0008DF807009DF90700F9F73EFC00F01CF865
:1074D00002B080BD0000000080B582B0FAF780FAEB
:1074E0008DF807009DF90700F9F72EFC9DF90700BC
:1074F000FAF702FB009000988078FFF729FD02B0B0
:1075000080BD00000000000080B540F2DC60C2F2E7
:1075100000200088012801D1FFE702E0FFF784FF87
:10752000FFE780BD0000000080B582B0FAF758FA8E
:107530008DF807009DF90700F9F706FC02B080BD41
:1075400080B582B0FAF74CFA8DF807009DF9070074
:10755000F9F7FAFB02B080BD80B582B0FAF740FAC5
:107560008DF807009DF90700F9F7EEFB00F004F82D
:1075700002B080BD0000000080B540F2DC60C2F2C5
:1075800000204088012801D1FFE702E0FFF74CFF0F
:10759000FFE780BD0000000080B582B049F6A86119
:1075A000C2F20021019100200870FBF745FA019911
:1075B000012008704CF6B810C0F2022000F02CF840
:1075C00002B080BD0000000080B5B4B08DF8CF00DF
:1075D000329149F6A860C2F20020007878B1FFE746
:1075E0009DF8CF20329B4CF69B11C0F2022102A8DD
:1075F000019000F01DF8019800F00EF8FFE79DF8EB
:10760000CF00FBF725FA34B080BD00000000000079
:1076100080B5FBF7A9FA80BD80B582B001900199D1
:107620004CF68410C0F2022000F04AFA02B080BD8D
:1076300082B080B5CEB00DF1D00CCDF820C0519302
:1076400050924D904C9100204B9050A84A90FFE7EB
:107650004C980078002800F02982FFE74C980078C9
:107660008DF827019DF92701252840F01082FFE7BA
:107670004C98411C4C9190F9010025380146079126
:10768000532800F202820799DFE811F0F501FF01AB
:10769000FF01FF01FF01FF01FF01FF01FF01FF01EA
:1076A000FF01FF01FF01FF01FF01FF01FF01FF01DA
:1076B000FF01FF01FF01FF01FF01FF01FF01FF01CA
:1076C000FF01FF01FF01FF01FF01FF01FF019D001D
:1076D000FF01FF01FF01FF01FF01FF01FF01FF01AA
:1076E000FF01FF01FF01FF01FF01FF01FF01FF019A
:1076F000FF019401FF01FF01FF01FF01FF01FF01F5
:10770000FF01FF015400FF0155006600FF019D00CD
:10771000FF01FF016600FF01FF01FF01FF01FF0103
:107720006E01D301FF01FF01BA01FF014801FF0112
:10773000FF019401AAE14A98011D4A9100688DF861
:1077400026019DF826014D9908704D9801304D9005
:107750004B9801304B9099E14A98011D4A9100687D
:10776000409040980DF2051101220A23FDF7A4FF75
:107770008DF8FF004098B0F1FF3F0CDCFFE79DF86B
:10778000FF200DF205112D2088549DF8FF000130D7
:107790008DF8FF00FFE79DF8FF100DF20510069031
:1077A000FEF702F806994D989DF8FF20F8F76AFD5C
:1077B0009DF8FF104D9808444D909DF8FF104B9890
:1077C00008444B9062E108984A99073121F007017B
:1077D00001F108024A9291ED000B80ED000B90ED53
:1077E000000BBDEEC00B10EE100A0DF1DE01012200
:1077F0000A23FDF761FF014608988DF8CF1090ED40
:10780000000BB5EE400BF1EE10FA0CDAFFE79DF835
:10781000CF200DF1DE012D2088549DF8CF000130DE
:107820008DF8CF00FFE79DF8CF100DF1DE00059039
:10783000FDF7BAFF05994D989DF8CF20F8F722FD86
:1078400008989DF8CF204D9911444D919DF8CF2077
:107850004B9911444B9190ED000BB6EEC01B30EEEE
:10786000410B9FED951B20EE010B80ED000B90ED81
:10787000000BB5EE400BF1EE10FA10D0FFE70898C0
:1078800090ED000BBDEEC00B10EE100A0DF1DE0105
:1078900001220A23FDF710FF8DF8CF0010E0302001
:1078A0008DF8E3008DF8E2008DF8E1008DF8E0003E
:1078B0008DF8DF008DF8DE0006208DF8CF00FFE7A1
:1078C000FFE79DF8CF0005280CDCFFE79DF8CF20EF
:1078D0000DF1DE01302088549DF8CF0001308DF885
:1078E000CF00EEE79DF8CF200DF1DE0004902E21B1
:1078F00081549DF8CF1001318DF8CF109DF8CF1035
:10790000FDF752FF04994D989DF8CF20F8F7BAFC87
:107910009DF8CF104B9808444B90B7E04A98011D52
:107920004A9100682A902A980DF1AE010391002235
:107930000A23FDF7C1FE014603988DF8A7109DF8B4
:10794000A710FDF731FF03994D989DF8A720F8F790
:1079500099FC9DF8A7104D9808444D909DF8A710EC
:107960004B9808444B9091E04A98011D4A91006859
:10797000209020980DF18601029100220823FDF746
:107980009BFE014602988DF87F109DF87F10FDF751
:107990000BFF02994D989DF87F20F8F773FC9DF836
:1079A0007F104D9808444D909DF87F104B980844E7
:1079B0004B906BE04A98011D4A910068169016980A
:1079C0000DF15E01019100221023FDF775FE0146C5
:1079D00001988DF857109DF85710FDF7E5FE0199B5
:1079E0004D989DF85720F8F74DFC9DF857104D988D
:1079F00008444D909DF857104B9808444B9045E033
:107A00004A98011D4A9100681490FFE71498007885
:107A100070B1FFE7149800784D9908704D980130C7
:107A20004D904B9801304B90149801301490EDE735
:107A30002CE04A98011D4A9100680A900A980DF1BD
:107A40002F01009100221023FDF736FE0146009819
:107A50008DF827100821FDF7A7FE4D99DDF82F00BE
:107A6000DDF833204A6008604D9808304D904B98FF
:107A700008304B900AE04D99252008704D98013050
:107A80004D904B9801304B9000E0FFE70AE04C9896
:107A900000784D9908704D9801304D904B98013009
:107AA0004B90FFE74C9801304C90D1E54B984EB08D
:107AB000BDE8804002B070470000000080842E4185
:107AC0000FB4054B10B503A9044A029800F0CAF898
:107AD00010BC5DF814FB0000E14100020000002230
:107AE0002DE9FF5F82B00021DDE90430020DDDF8F1
:107AF00040B0034318D044F61050A2F2FF32424384
:107B00001514119801281FD0A5EB0B00401C5FEA4B
:107B1000000A4FF000064E4FDFF83891B04650464D
:107B200015D5CAF1000413E0119801244AA30128D5
:107B300001D16FEA0B010298119AC0E90031C0E946
:107B4000024206B0BDE8F09FCBF10000DFE704463B
:107B50000021404A491842EB0450CDE9001012E0E0
:107B6000E00707D032463B4640464946F8F78AFCD4
:107B70008046894632463B4610461946F8F782FC55
:107B800006460F466410002CEAD1DDE90401DDE968
:107B90000023BAF1000F06DAF8F774FC42464B46B0
:107BA000F8F770FC05E0F8F7DFFC42464B46F8F7C3
:107BB000DBFC04460E460022284BF8F75DFD03D897
:107BC0004FF0FF30014607E00022254B20463146AA
:107BD000F8F7B1FBF8F737FD102409E0002C0ADBB9
:107BE0000A220023F8F7ECFA039B30321A55641E80
:107BF00050EA0102F2D1641C039AC4F11103144447
:107C0000119A012A03D0012208430DD10AE008434A
:107C100004D000204FF0110B119072E7A3EB0B057D
:107C20006D1E0DE05B4504DD4FF0000205F101051E
:107C300004E003DA4FF00002A5F10105002AECD0C0
:107C400002981199C0E90231C0E9004579E70000C6
:107C5000000014400000F03F300000000000F0433E
:107C60000000E03F2DE9FF4F95B09B468946064650
:107C700000250FE2252877D100242746F84A012164
:107C8000059400E0044316F8013F203B01FA03F09D
:107C90001042F7D130782A2811D06FF02F033078B6
:107CA000A0F13002092A16D8059A44F0020402EB2A
:107CB000820203EB42021044761C0590EFE759F86C
:107CC000042B0592002A03DA504244F40054059034
:107CD00044F00204761C30782E2816D116F8010FD5
:107CE00044F004042A280DD06FF02F023078A0F160
:107CF0003003092B09D807EB870302EB4303C718AE
:107D0000761CF3E759F8047B761C30786C280FD08A
:107D100006DC4C2817D068280DD06A2814D104E05E
:107D2000742810D07A280FD10DE044F400140AE032
:107D300044F4801401E044F440147278824202D189
:107D400004F58014761C761C307866280BD013DC82
:107D5000582877D009DC002875D04528F6D0462869
:107D6000F4D047281AD19DE118E0632835D0642863
:107D700079D0652812D195E1702873D008DC672886
:107D8000F1D069286FD06E280DD06F2806D1B5E0EC
:107D900073282CD0752875D0782874D05A46179936
:107DA00090476D1C75E1C4F30250022809D00328E6
:107DB0000DD0D9F8001004280DD00D6009F1040988
:107DC00067E1D9F80010EA17C1E90052F6E7D9F8DF
:107DD00000100D80F2E70D70F0E719F8041B8DF824
:107DE000001000208DF80100EA46012003E059F858
:107DF00004AB4FF0FF3061074FF0000102D40DE0FB
:107E000008F101018846B9420FDA8045F8DB1AF81B
:107E100008100029F4D108E008F1010188468142E8
:107E2000FADB1AF808100029F6D105985B46A0EB9A
:107E3000080721463846179A00F094FA284400EBC8
:107E4000080507E04DE029E10DE01AF8010B5A465C
:107E500017999047B8F10108F7D25B46214638469A
:107E6000179A13E142E00A220092C4F302524FF043
:107E7000000A022A08D059F804CB032A4FEAEC7111
:107E80000AD00DE029E02AE009F1070121F00702FC
:107E9000F2E802C1914609E00FFA8CFC4FEAEC715E
:107EA000042A03D14FFA8CFC4FEAEC71002907DA5F
:107EB0000A460021DCF1000C61EB02012D2202E0F8
:107EC000220504D52B228DF80420012203E0E207CD
:107ED00001D02022F7E7904659E00A2102E0102263
:107EE0000DE010214FF0000A00910BE010224FF03E
:107EF000000A44F004040827009203E008224FF02F
:107F0000000A0092C4F30252022A05D059F804CBA9
:107F10000021032A08D009E009F1070121F0070236
:107F2000F2E802C1914605E01FFA8CFC042A01D157
:107F30000CF0FF0C4FF00008220728D5702806D05F
:107F4000009B83F0100353EA0A0305D00EE04022A1
:107F50008DF80420012208E05CEA010206D03022FC
:107F60008DF804208DF8050002229046009B83F0D6
:107F7000080353EA0A030AD15CEA010201D162074D
:107F800005D530228DF804204FF001087F1E5828B7
:107F900004D034A003900EA802900DE036A0F9E7BB
:107FA00053466046009AF8F70BF984460398825CC2
:107FB0000298401E029002705CEA0100F0D1029823
:107FC00006A9081A00F1200A600702D524F48034BB
:107FD00000E00127574502DDA7EB0A0000E0002082
:107FE00000EB0A01009005984144401A0590E00317
:107FF00006D45B462146179A059800F0B3F905446C
:10800000002706E001A85A46C05D179990476D1CED
:108010007F1C4745F6DBE0030CD55B462146179AEB
:10802000059800F09FF9054404E030205A4617995E
:1080300090476D1C0099481E00900029F5DC08E06F
:10804000029802995A460078491C02911799904764
:108050006D1CBAF10001AAF1010AF1DC65E1000032
:10806000092801003031323334353637383961620E
:1080700063646566000000003031323334353637D2
:1080800038394142434445460000000000F058F9A9
:108090000544761C307800287FF4ECAD19B02846F2
:1080A000BDE8F08F620700D4062709F1070222F02D
:1080B000070CFCE80223E14603F000485FEA080CE5
:1080C00002D00FF2702C0DE05FEA045C02D50FF2D3
:1080D000682C07E05FEAC47C02D00FF2602C01E05C
:1080E000AFF2700C4FF0FF3823F00043CDF850C0D2
:1080F00065280CD006DC452809D046281DD0472825
:108100003DD13DE0662818D067287ED138E00021B7
:10811000112F01DB112000E0781CCDE9000106A938
:108120000EA8FFF7DDFCDDE90F010E9A0391002197
:10813000009207F1010A04914DE04FF000400097D2
:10814000CDE9011006A90EA8FFF7CAFCDDE90F0270
:1081500003920E9B11990022DDF80CA0009304926B
:1081600011B9791C00EB010AB7EB0A0004D4C0F185
:10817000FF3007F1010A0490AAEB0700019044E0E8
:10818000012F00DA01270021112F01DD112000E06D
:108190003846CDE9000106A90EA8FFF7A1FCDDE9EC
:1081A0000F010E9A0391002104910092BA46210713
:1081B0000CD40399514500DA8A46BAF1010F05DD66
:1081C000009AAAF10101515C302908D0B84202DAC4
:1081D00010F1040F06DA0121CDE9011015E0AAF132
:1081E0000101E9E7002805DC049901440491AAEBA8
:1081F000000102E0411C514500DD8A460499401A05
:10820000401C01904FF000400290200704D40198D8
:10821000504501DBCDF8048000208DF84F00029816
:108220000DF14F07B0F1004F25D02B200E90029892
:108230004FF0020800280CDA404202902D200E90E8
:1082400007E00A210298F8F741F83031029007F868
:10825000011DB8F10001A8F10108F2DC0298002824
:10826000EFD1791E0E980870307800F0200040F0B1
:10827000450007F8020D12A8C01B00F1070814986A
:10828000007800B1012000EB0A01019801EBE071D8
:1082900005984144401A401E0590E00306D45B4611
:1082A0002146179A059800F05DF805441498007867
:1082B00018B15A46179990476D1CE00324D55B46C8
:1082C0002146179A059800F04DF805441CE00498E3
:1082D000002807DBDDE90301884203DD0098405CEC
:1082E000179901E0179930205A469047049805F1F4
:1082F0000105401C04900198401E019004D12E20DD
:108300005A46179990476D1CBAF10001AAF1010A6B
:10831000DDDC05E017F8010B5A46179990476D1CF4
:10832000B8F10001A8F10108F4DC5B462146179A78
:108330000598ABE62D0000002B0000002000000097
:108340002DE9F041044600251E461746880404D452
:1083500005E039462020B0476D1C641EF9D528463B
:10836000BDE8F0812DE9F041044600251E46904607
:10837000C80301D5302700E02027880404D505E094
:1083800041463846B0476D1C641EF9D52846BDE805
:10839000F08180808080808080808080808080806C
:1083A00080808080808080808080808080808080CD
:1083B00080808080808080808080808080808080BD
:1083C00080808080808080808080808080808080AD
:1083D000808080808080808080808080808080809D
:1083E000808080808080808080808080808080808D
:1083F000808080808080808080808080808080807D
:10840000808080808080808080808080808080806C
:10841000808080808080808080808080808080805C
:10842000808080808080808080808080808080804C
:10843000808080808080808080808080808080803C
:10844000808080808080808080808080808080802C
:10845000808080808080808080808080808080801C
:10846000808080808080808080808080808080800C
:1084700080808080808080808080808080808080FC
:1084800080808080808080808080808080808080EC
:1084900080808080808080808080808080808080DC
:1084A00080808080808080808080808080808080CC
:1084B00080808080808080808080808080808080BC
:1084C00080808080808080808080808080808080AC
:1084D000808080808080808080808080808080809C
:1084E000808080808080808080808080808080808C
:1084F000808080808080808080808080808080807C
:10850000808080808080808080808080808080806B
:10851000808080808080808080808080808080805B
:10852000808080808080808080808080808080804B
:10853000808080808080808080808080808080803B
:10854000808080808080808080808080808080802B
:10855000808080808080808080808080808080801B
:10856000808080808080808080808080808080800B
:1085700080808080808080808080808080808080FB
:1085800080808080808080808080808080808080EB
:1085900080808080808080808080808080808080DB
:1085A00080808080808080808080808080808080CB
:1085B00080808080808080808080808080808080BB
:1085C00080808080808080808080808080808080AB
:1085D000808080808080808080808080808080809B
:1085E000808080808080808080808080808080808B
:1085F000808080808080808080808080808080807B
:10860000808080808080808080808080808080806A
:10861000808080808080808080808080808080805A
:10862000808080808080808080808080808080804A
:10863000808080808080808080808080808080803A
:10864000808080808080808080808080808080802A
:10865000808080808080808080808080808080801A
:10866000808080808080808080808080808080800A
:1086700080808080808080808080808080808080FA
:1086800080808080808080808080808080808080EA
:1086900080808080808080808080808080808080DA
:1086A00080808080808080808080808080808080CA
:1086B00080808080808080808080808080808080BA
:1086C00080808080808080808080808080808080AA
:1086D000808080808080808080808080808080809A
:1086E000808080808080808080808080808080808A
:1086F000808080808080808080808080808080807A
:108700008080808080808080808080808080808069
:108710008080808080808080808080808080808059
:108720008080808080808080808080808080808049
:108730008080808080808080808080808080808039
:108740008080808080808080808080808080808029
:108750008080808080808080808080808080808019
:10876000808080807F80808080808081807F818009
:108770007E80808081817F7F817F7F8281808080F9
:10878000808080808081817F7F817F7E8284807DE8
:108790008085807E85827A807E7C8184817F8380D3
:1087A000847F82878079817B7C7E82847E847D82C7
:1087B000837E80837A84827C8680847E7C867F7AB6
:1087C00085807E7E7F817B7C877E7D847D85817DAB
:1087D000837A7D83817D847F837F7B838081837C9B
:1087E0008081817F7986857E7C85807B7B88857B87
:1087F000808480797E857F7C84807C85817C7F837A
:10880000817D81867C807F81847E847E7F827E7D67
:108810008582817F82847C7C82857B7C8284807B54
:1088200080857F7E8081847C7A8485807B7F88823E
:108830007B7F87837A7A8786767983847B7B828045
:10884000808080818285827E8084837F7E80838118
:108850007D7F81807E7E7F81827D7D81847F7C8320
:1088600085807E8186817D7F82827F7E8080807E02
:10887000808888848385878480808181807E7D7ED6
:108880007E7E7D7D7D7F7F7E7F8080838A898583DC
:10889000818485827F7E80807F7D7C7D7E7E7D7DE4
:1088A0007E8080808080839098969089888B888253
:1088B0007D7B7D7D7A7675797C7C7A797B7F8282FF
:1088C0008183939E9F968883878988817B7B7C7B2D
:1088D00076717174787A79797C7F828284939FA291
:1088E0009C8A8081858D8A817B767677737270739E
:1088F000787A7C7C7B7E81848F9CA3A295888283FE
:10890000898B867F787675726F6C6C72787D7E7CD1
:108910007B7C808898A6ACA492827B80898F8B8197
:10892000756D6B6D6F717274777B7D7D7D7F828ECF
:108930009FACAEA28C7C767E8A918E807167656AD0
:1089400070747675777B7D808080838EA1AFB2A4B2
:108950008C79727B8A928E7F6D636269727778768A
:1089600076797E838484848897A8B2B09C84726F61
:108970007B89918C7B6A5F5F6872797B7A7A7B8076
:10898000838485858D9DACB5AD98806D6C7787911E
:108990008B7C6A5D5D65727C7F7F7C7D7F82868655
:1089A0008994A2B0B3A58F766A6D7A8A8D85736338
:1089B0005E63707D83837F7D7F83898C8B8A8F9AB2
:1089C000A6ACA6937D6C686F7C85857C6E65646BB8
:1089D0007882888783808185898C8A8789929EA7FF
:1089E000A69A8673696B75808480756B686B7682D6
:1089F000898B87828081868A8C8A8A8F97A2A59E9E
:108A00008F7B6D676C767E807A716B6B737F898FDD
:108A10008E88838082868A8B878689919DA2A09387
:108A200082756E71797F827C736D6D757F8A8F8D93
:108A300088827F8185898B8682828996A1A59D8E79
:108A40007D73737980837F766D696E78838A8B8876
:108A5000828081858A8C8A838086919FA5A1948358
:108A600078757980827E756C696D77828889868158
:108A70008082878C8D8A847D7D8694A1A39A8B7D4C
:108A8000797C828581776D696D767F8584817D7E35
:108A900083898D8D89837E7C7D848F9AA19F968B1F
:108AA000838183837F766E6B6C737A7C7D7B7C8124
:108AB000868B8B898684848584827E818B959C9825
:108AC0008E8785888A857C726E71767A79777779D8
:108AD0007F84858482838587878481807F818A9251
:108AE00095938D8B8D8E8B827A7676787774727370
:108AF000797D8082828487888785848383817F7D56
:108B0000828C90908D8C91928D86807F7E7A75720A
:108B100074777777797D8183848587898886858452
:108B200082807D818B8C8B8C8D92908A8886847FCD
:108B300079787776757276797A7D7E82868687886F
:108B4000888886848381818889888B8C8E8E8B8AA5
:108B50008885817E7B797775757677787A7C7F8159
:108B600083858687878787858482828A8B898E8D95
:108B70008C8E898886807F7C787775747575767819
:108B80007B7C808283868687888787858483838AA7
:108B900087888E8A8D8E8A8A8683807D79777572A2
:108BA00074727376767A7D7E8284858788888887DA
:108BB0008786848888878C8A8A8E8B8A8A86848333
:108BC0007E7D7A7777757575757778797C7E7F820B
:108BD00083848586868785878A888D8D8C8F8E8D08
:108BE0008D8B888783807E7A7877757474747576B8
:108BF00077797A7C7E80818383858588898A8D8D4B
:108C00008E8F8F8E8E8C8A888683817E7C7A79780F
:108C1000767676767778797B7C7D7F808182838398
:108C20008687898A8A8C8C8D8D8B8A8987868381B9
:108C30007F7D7C7A7979787879797A7C7D7E7F807E
:108C400081828283828586868888898A8A8A8988C1
:108C50008886848381807E7D7C7B7A7A7A7B7B7C2C
:108C60007D7D7E7F808181828382838584878788E2
:108C700088898989878785848381807E7D7C7B7BC9
:108C80007B7B7B7C7C7D7E7E8080818182828282F8
:108C90008484858787898989898887878584828074
:108CA0007F7D7C7C7A7B7A7A7B7B7C7D7E7F8081FA
:108CB00082828283828386858789888A8A898A8854
:108CC00087868483807F7E7C7C7B7A7B7A7B7C7CBE
:108CD0007E7E7F808182838383838283868488886B
:108CE00089898988898787858482817F7E7C7C7B4E
:108CF0007B7B7B7C7D7D7F7F81818282838383837D
:108D00008382868588898A8A8C898B8888868483F1
:108D1000807F7D7C7B7B7A7B7A7C7C7D7E7F808183
:108D200082838383838383828485868989898B8AEE
:108D3000898A8788848381807D7E7A7C7A7A7B7A2F
:108D40007C7D7C807E818281838383848283828414
:108D500087868C8A8B8E8C8C8C88898583827E7D9D
:108D60007C797B78797A797C7C7D7F808183838430
:108D7000848384838383818784898A898C8C898D89
:108D800087888682837F7D7E7A7B7A797C7B7B7EF7
:108D90007C808081838384848384848283818087B0
:108DA000828989888B8A898B8787858382807D7E6B
:108DB0007B7B7C797C7B7C7D7F7E818082838284CF
:108DC0008383838281827E8486848C888B8D8A8B48
:108DD0008B86888382817D7D7B797B797A7B7A7EA5
:108DE0007C7F7F818182838384838382828281806E
:108DF00088838A8D8A918D8D8E898A8682827D7BF9
:108E00007A7778787779797B7D7D80818184848495
:108E10008584838482838180808686898F8D9192E8
:108E200091928F8B8A83827D79777574737474764F
:108E3000787B7D808284858687868785848581820C
:108E40007F7E8684888F8A929390958E8D8B848383
:108E50007E7877747173707374757A7B7E81828685
:108E6000868788888787858483827F8187838B8CA8
:108E70008A918F8E908B8987817F7C7676747174CE
:108E8000727478777C7E7F848487888888888785D9
:108E9000868382837E878785908A8E928D8E8C884A
:108EA00085817D7977747373727476777C7D808326
:108EB00084878888898787868383807F7E7B7E8579
:108EC00083878E8A8E918C8D8A86837F7C78777457
:108ED00073757477797B7F8183858687888787859B
:108EE0008483827F7F7E7C7C8286848B8E8B8F8E38
:108EF0008B8987837E7D797676747576787A7C7FA8
:108F000081838686878886868483827F7E7D7C7C3B
:108F10007A7C8483858B8C8C8D8D8B888882807EF7
:108F20007A787776767779797C7E80828485868771
:108F3000868686848382807F7E7C7D82818286880D
:108F40008788898887868482807E7C7B7B797A7A11
:108F50007B7C7D7E80818283848484848383828100
:108F6000817F7F81828182858585858685848482D3
:108F700082817F7F7E7D7D7D7D7D7D7E7F7F808107
:108F800081828282828282818181808384828485BF
:108F90008585848584838281817F7E7E7D7D7D7DC4
:108FA0007E7E7F7F808080818182828182818181BB
:108FB0008080818483848585868484858383818180
:108FC000807E7E7E7D7E7D7E7E7E7F7F80808181B5
:108FD0008282828282828281818083838385848669
:108FE00086848684848281817F7F7E7D7E7D7D7E76
:108FF0007E7E7F7F80808181818282828282818168
:10900000808383838584868684868484838182802A
:109010007F7F7E7E7D7D7D7D7E7E7E808080818166
:109020008282828282828184848485848686848608
:109030008484838182807F7F7E7E7D7D7D7D7E7E38
:109040007F7F808080818181828182818385848607
:1090500086868785868584848282807F7F7E7E7DEA
:109060007D7D7D7D7E7E7F7F7F808081818181810E
:1090700081848684868787878686858483828180AB
:109080007F7F7E7E7D7D7D7D7D7E7E7E7E7F7F80FF
:109090008080808180838685868888868687848391
:1090A00083828080807E7D7E7D7C7D7D7D7D7E7ED9
:1090B0007E7F80808081818181848B89878D8C8770
:1090C000888A868185837D807F7C7B7D7C797C7DA1
:1090D0007B7D7E7E7E80818082828282828A8E8A71
:1090E00090928D8B8D898184827B7C7C78777A7954
:1090F000777A7B7A7D7E7E8081828284838485827A
:1091000086918D8F98918D928B838481797A7975F0
:10911000767776777A787B7E7D8082818484838679
:1091200084858485928E919A8F91918886827D79AB
:1091300078767376737678777C7C7D808081848383
:1091400085858586858488928C94988D958E87896F
:109150007E7D7A75767374757678787B7B7E7F7F7B
:1091600084808585838884858682908E8D9B8E936E
:1091700094888B857D7F76767672747675787B7829
:109180007E7E7D847F83858189838587828A928A9A
:109190009A96919D8E918D81857877766F71716F9A
:1091A0007575777C7B8081818583858685868585BD
:1091B00083889089969290988C8F8A81837878752D
:1091C0006F746F7275747A7C7E82848489848887D8
:1091D00084888283847C8F838B9487978F8C9186FD
:1091E0008684797E7673786E7675747C7B7D8481D7
:1091F0008688848B8585888085817B8783838F871C
:109200008E928A928A878A7F817D757C717577714B
:109210007B767A807C848484898587888387828230
:10922000818288818E888B908A8E8A878781807CD4
:10923000797876757677767B7A7F7F818584878665
:10924000868785858382817F8385828C878C8D8BC1
:109250008C8A878682807D7A797776767579787B35
:109260007D7E828285858885888585858182807CD2
:109270008483818C848C8C8A8E89888981837E7A90
:109280007C7677777379767A7C7B80818385868616
:109290008886868783858181807E7D857E88868796
:1092A0008D8A8C8D888A8783847E7D7C787878749B
:1092B0007975797C79817E828483868786888685A4
:1092C000868282827E807C84808589858E898D8C51
:1092D0008A898883847E7D7C777976767777787CB7
:1092E00079807F8185828985878786868582847F4C
:1092F000807E7D7D827F8687858E898D8D8A8B8815
:1093000085857F7E7D777A7676787579797A7D7EA8
:109310008083838686868886878584838280807D15
:109320007E7A7F817F89838B8B8A8E8C898D8587DE
:10933000837F7F7B7A797777787679797B7E7F8177
:1093400083838687858985868683848180807C7DEA
:109350007D7A7D7A837E8688888E8C8D8F8B8C8AB1
:109360008586817E7E777A7675787478797A7E7E46
:10937000828385878888888986868482817F7E7CAF
:109380007A7C787B7A798081838C878F908D938D9E
:109390008C8D8587817D7E777877737775767A79FE
:1093A0007D7F808584868986898885878382837C82
:1093B000817A7C7C787C7A7B7E7B8385848F8891A4
:1093C000918E918E898E828581797D767478717780
:1093D00077747D797E827F8785878987888984876E
:1093E0008381817D7D7D7A7C7A7A7C7B7E7E7F80A5
:1093F0008286878B8D8C908E8E8E89898581817AED
:109400007B787676767579777B7C7C8180848585A0
:10941000878687878584848282807E7F7C7D7B7C33
:109420007C7C7C7E7E7F8080818487858C888D8C0F
:109430008B8B8A878682807F7B7A7976787678793B
:10944000797C7C7F818184848686868586848483FA
:1094500080817E7E7C7C7B7C7B7C7D7D7F7E818031
:109460008282828388848B88898C888B8886858396
:10947000807F7C7B7B777A77787A797D7D7E81802F
:109480008484858685858583848281817E7F7E7DB7
:109490007D7D7C7D7D7D807D817F818280838085D7
:1094A00085858987888987888784858180807B7C7A
:1094B0007A797A787A7B7A7E7D7F818183838486CC
:1094C00084858483848181817F807E7D7E7D7D7E95
:1094D0007D7F7E7F7F808081818281818682888777
:1094E000868A87888786848480817D7C7D787B7866
:1094F0007A7A7B7B7E7E7F8280848384858385836A
:1095000083828181807F7F7E7D7E7D7E7E7E7E7F69
:109510007F80808181818381828684878887898911
:10952000888886848380807D7B7B797979797A7B52
:109530007C7E7E808182848484858484838282810F
:1095400080807F7E7F7D7F7E7E7F7E7F7F7F80802D
:1095500080818181828083848488878789878887C6
:10956000858582807F7C7C7B797A79797B7B7D7E27
:109570007E818182838384848383838282818180CC
:109580007F7F7E7F7E7F7E7F7F7F7F7F80808180E9
:10959000818181818484858786888888888785857C
:1095A0008381807E7D7C7B7B7A7A7B7B7C7D7E7FEA
:1095B0008081828282838383838282818181808091
:1095C0007F7F7F7F7F7F7F7F7F7F808080808081A4
:1095D0008081838384868687888788878585838240
:1095E000807F7D7D7C7B7B7B7B7C7C7D7E7E7F7FAB
:1095F000818181828182828283838283828283814C
:10960000828281828182818282828380838281823E
:10961000828082818081817F80807F807E80807E49
:10962000807E807F7F80807F807F80817F8081803F
:10963000818081818082807F81807F827E7F7F7F29
:109640007E817E7F817D81807F818180818082811A
:10965000818181817F817F817F80817E7F7F80800A
:109660007F807F817F8180808081818081808180F7
:109670008081808080807F80808080808080807FEB
:10968000818081817F81807F817F80817F7F817FD9
:10969000808080807F817F81807F827E81807F80CB
:1096A000808080817F8080808080818080818080B8
:1096B00080808080807F817E827F80817F80817FAB
:1096C00080807F818080807F8081807F827E81809A
:1096D0007F80817E81807E818080818080807F808C
:1096E0008080817F8080807F827F80807F8180807A
:1096F0008180808080817F80808080808080808168
:109700007F817F80817F8180808080808080807F5A
:10971000817F817F807F80807F817F80807F81804B
:10972000807F817F80817E81807F80807F80817F3C
:1097300081817F80817F80817F80817F8180807F28
:1097400081807F827E81807F8081807E837E818117
:109750007E827F7F80817F80817F80827D82807E0C
:10976000827F7F8080807F817F81817F817F7E81FA
:10977000817F817F8080817F81817F817F818080E7
:10978000807F817F8180817F808180807F807F81D9
:10979000807F827E81807F81807F80817F7F8180CA
:1097A00080827E80817F8081807F827E80817F80B9
:1097B00081808080818080807F817E8080808080A9
:1097C000827F8180808080808080808080817F8196
:1097D000808081808080817F817F808080817F8187
:1097E000807F817F80807F81808080817F81817E7A
:1097F000827E818080817F817F81807F817F808068
:10980000818080817F817F80817F817F8080817F57
:1098100081807F827F8080807F80817F81807F8147
:109820007F80808180807F8080808081817F808038
:10983000817F81817F817F7F81808080817E828026
:109840007F827F7F817F8080807F81808080817F19
:10985000818080817F8080817F80817E817F818007
:1098600081807F827D82807E827E818080807F81F8
:109870007F8180808080807F8180817F7F81817FE8
:1098800081827E80817D81808081807F80807E81D9
:10989000807F81807E81817E81807E81817F8082C8
:1098A0007E7F847D82817E81807F7F837E81827FB7
:1098B000807F808081808081808080817F80827FA6
:1098C00081818080818080817F80807F7F807F7F99
:1098D000817F7F80808081817F828081817F7F7F87
:1098E0007F7E817F80818081818180828180828270
:1098F0008081817F7F7F7D7E7F7D8080808282816D
:109900008182808182808081808080828888898A2B
:10991000888382817B7B7C797B7D7D7D7F7E7D7F63
:109920007F7E808282838584838A939394958C81C1
:109930007D766F707373777D7D7E807F7D80818281
:10994000858989898B8586979A979D98857C786982
:10995000646D70717E86828589827F84838086892A
:109960008483857C7C9AA8A2AAA7866C6A5A5266D0
:10997000777A89958B84857C757E88858A91867CAB
:109980007C76729AB9B2B1B08557504D48628C98C6
:109990009DA8997E7370676F848B8B938E7C78758E
:1099A0007397BCB7A8A07A473B4F5C77A6BBAD9F27
:1099B0008C6A545B6A758D9F9B8F8779696F748FF2
:1099C000C4D4C0A98B4E26334F6897C4C8AD9275D6
:1099D00050455871879FADA18C7D6C60667396D59C
:1099E000E8C39971360C286696BEDFD39C66453570
:1099F000416C98B2B8AB8D6B5A5B64788E9BBEEEAF
:109A0000E3995029171B59BDFAF1B97A431D255C1A
:109A1000A2CAC2A7876954536F888F8C8C8C9DD63D
:109A2000E7A75427253266C1FBE69955352F477EB7
:109A3000B7CAAE82685F646F829491827A7E8ABB75
:109A4000EFD4712218325AA1EFFAB5592C344F795C
:109A5000A8C3B1816162737D8388887D757E8F9094
:109A60009BCFE1993618406A89BDE2C572374163E0
:109A70007B8FA6B2986E6070817F7B848B837C82A3
:109A80008C8777A3E9D7701F275B7899CFDC9F4934
:109A900030597F8D98A59B725A708E8F7B7481830D
:109AA0007C808F927D6783D9F9A93A133A6A8FC275
:109AB000E3BD61263F79989E9F99795962889D8F71
:109AC0007872787E848C9187706BA8F8E06C10189F
:109AD0006091B0D2CC87332163A4AF9E8B7A635C54
:109AE0007C9F9F816A6E7B848D9189746A7194E1F9
:109AF000F4992B0A468AA8C4CE9C4922529AB0A453
:109B00009480604F6C9EAC93776A6C6F7F999E894E
:109B10006D6675818BC3F1B645133C7891B1D5BAAA
:109B2000662C417A93A1AEA2754A557E9599978E7F
:109B3000775F658193948B82786C708291C5EDAF6D
:109B4000481B3F7084B1DEBD6932436F839CB9AE60
:109B50007A4E55748592A09C7F626277878D938F31
:109B6000806F6B7B858FC7E8A746264B6979B1DF8D
:109B7000BC6A3E4F667397BBB17F595D6C778BA112
:109B80009F846B68737B879392857570777C7C9BD1
:109B9000DAD381474854547CC7D59D6A5E5A506CCD
:109BA000A4B79E7F73695C6C8EA095857E736A7185
:109BB00084918D8482776B71818EB8D9B26F4C4D50
:109BC0004B5999CDBE9275664D4D7CA5A9998D7C5A
:109BD000615A728B93919186726A7481858D948B90
:109BE0007B7276777DAED5B381695B424789B9B127
:109BF000A2967A4F476F8A929EA48F6A636E747E94
:109C00008E9A8F7D78747075838D8987857C767741
:109C10007FA4BFAB917C65474B7C99A0AAA78963C1
:109C20005C676A7C959E948781746C717B82858A5F
:109C30008B84807D7B7A7A7F818385848595A39AC6
:109C4000948F7C676873757F91958A8380756D7535
:109C50007E81878F8D85827E78767B7E80858885E4
:109C600082817D7A7B7D7E818385939C9796948685
:109C70007574777379878984848276707373747C42
:109C800083838486827D7C7D7C7E838586878682B5
:109C9000807F7E7D8081828C939293938A81807F66
:109CA0007B7E848380807E77757776787C7F7E7EEE
:109CB0007F7C7B7D7F808285858484838181828394
:109CC00083848483878A8888888581818280808252
:109CD000817E7D7D7B7B7D7D7D7E7F7E7D7E7F7FAA
:109CE0008081818182828181818181828281818062
:109CF000808283828181807F7F80808080807F7F5F
:109D00007F7F7F8080808080808080808081818153
:109D1000808080808080808080808080808182823E
:109D20008181807F7F8080808080807F7F7F808036
:109D30008080808080808080808080808080808023
:109D40008080808080808080808082828180807F0F
:109D50007F8080808080807F7F8080808080808006
:109D600080808080808080808080808080808080F3
:109D70008080808080808182818080807F808080E0
:109D8000808080807F8080808080808080808080D4
:109D900080808080808080808080808080808080C3
:109DA00080808080808080808080808080808080B3
:109DB00080808080808080808080808080808080A3
:109DC0008080808080808081807F8081807F818092
:109DD0008080808080808081808080808080818081
:109DE0008080808080808080808080808080808172
:109DF00080808080808180808080808080817F8062
:109E0000808080818081807F807F81808080808051
:109E1000807F817F817F808080817F81807F808043
:109E200080817F8080817F80817F80808180808031
:109E30007F81808180817F7F81808080807F818021
:109E40007E827E81807F817F817F81807F81808013
:109E500080817F80807E827F80817F8081817F8101
:109E60007E80808081808080807F80808080807FF5
:109E7000817F80827E827E8080808080827F8180E0
:109E800080807F817F80827F808080817F837E81D0
:109E90007E808180817F817D7F827E82807E7F80C7
:109EA0007F80847D82807F81808080827F7E8280AF
:109EB0007F817F80807F7F818080828080808080A2
:109EC000808081807F8080807F81817E827F818190
:109ED0007F81808080808080807F8180817F818081
:109EE0007F817F8180808080807F817F8081808072
:109EF00080817F818081818080818080838080815A
:109F00007E7F80807F81807E827F8081807F808055
:109F10007F83808181818081817E83818081807F38
:109F20007F807D80807F81817E80807E7F7F7F803B
:109F3000807F8080808080808080888A8A8F8E8ADF
:109F40008987807F7E797A7A79797C7A7B7E7C7E3C
:109F50007F7F8082838285848384828080807D8BE2
:109F600094919C9E928D8C7C74786C6C7372727CD4
:109F70007C7A82807E838481868884898A848785AE
:109F8000807D80797D999496A39B878581686A718D
:109F9000686D7E7B7D8A868087847D83857F8488CB
:109FA0008184867E7D807A78807A80A4A69DA9A20D
:109FB0007F73765D576E70708790878D90807D83FC
:109FC0007A7984847F87887C7F8077787F7C7B87A1
:109FD0008194B6AA9DA08E625A64545C7E8A8B9B43
:109FE0009E898380716F7A7C7E8B8C848582777565
:109FF0007C797C858885888393B8B19A958456430B
:10A000005660698DA8A7A299856C666467778A8E69
:10A0100093978A7C76746E748186898D8C827E7625
:10A020008FC1BD9C8A7F4F2D486F839BBABEA28093
:10A030006656535F7691A5A6988876675F697B8B95
:10A0400094969387776D6B778290A3CEDEA55A4066
:10A05000453B4288CFD3AB8C7B563A4878A4A9A520
:10A06000A0906D4E5773868C99A49678666971702E
:10A07000778B9E99827CB8DCA24D395D5F5A88CE81
:10A08000D4935F5D675B5C8AB9B58B6F75705F62F7
:10A0900086A89E857C8276636E899E8F7D7C807A81
:10A0A0006F758798CDE9AE4610366986A9D0D390F2
:10A0B000422E527C8E9FB6B184504868858C939D09
:10A0C0009A7C5C5F778F90898C897B6A69808E909F
:10A0D00083817F99D7CC791D216997A6ADB9A25C00
:10A0E0002D3F85B0A8948E8767485A8EB3A480739D
:10A0F0007876676C8BA69C796972837B788396955A
:10A100007A697281A7DBD5811E12519DBCB9B092CC
:10A110005E2F387BBBC49D776A685D6484ACB28C6B
:10A12000685F717C7D85959D886962738A8C868461
:10A130008A85746A778A96C3D7A748052983CBD1C5
:10A14000A684684F435D9AC6B9875E5A6B737D904B
:10A15000A5A480605A748B8E8B8B8E816B657690F4
:10A16000988B7D777C7A767C87928C7879B1D7AB27
:10A17000470F3992C8BA937D6E5E4E659ABDB17D28
:10A180005A5C7284848D979781625F72919B8E81F5
:10A19000787976737B89968E7C71717E84858685CD
:10A1A0008279747A8290B6C29D5022408BC7BF904C
:10A1B000675E676F7A8EA6A48562576E8A959188CE
:10A1C000867D7069738C98947F7171798183878B98
:10A1D000888073727B878C86807C7B7D7B80838A82
:10A1E0008383A3B6A15B2F468DC4B5835E60787B65
:10A1F0008085999E86685A718C988E807E7C797055
:10A20000768696937F716F7D858684838780787349
:10A210007A878C887D7A7B7E7A7B818A8C83748630
:10A22000A9B48B4F3E65A1B4946F6479827D75812A
:10A2300097988469677A8B8F838281837971778617
:10A24000918A7B757A83827E7E8489847A767A8508
:10A2500087847D7D80807F7B808485827B7D7C92EE
:10A26000ABAC8A55466195AD9D7D6A70797B7A81EC
:10A2700092978C72686F838E8C86807F7A76767FD9
:10A280008B8E877A76787F82838485837E79787FC8
:10A290008588847E7B7C7F7F81818383807D7B7FBB
:10A2A00080869BA79D775555779CA38C726B777F93
:10A2B0007F7B828F9286726B74858F8B837C7B7C95
:10A2C0007B7C808789867D77797F848583817F7E8B
:10A2D0007D7C7F828583817D7D7E8082828280807D
:10A2E0007F807F807F83949F9A7D635F77929A8A35
:10A2F000766F7780817D7F878D877A7176828C8B70
:10A30000827C7A7E7F7F7F828685807A7A7E838553
:10A3100082807E7F7F7F7F808282827F7D7E80823F
:10A320008181808080807F80808280838E989580EC
:10A330006A64788D958878737A81817C7D848A8738
:10A340007D7678818786817D7F80807E7D80848414
:10A35000817D7C7F828281808182817F7E7F8182FC
:10A3600081807F7F8080807F808181807F7F8080EF
:10A3700080808080808080808080808080808080DD
:10A380008080807F82888D8B837A777D8386827EB2
:10A390007D7F807F7D7D808283817F7E80808080C5
:10A3A00081818180807F80808080808080808080AB
:10A3B000808080808080808080808080808080809D
:10A3C0008080808080808080808080808080818587
:10A3D0008888837E7C7E8283817F7F8081807E7D72
:10A3E0007F818181807F7F808080807F7E7E7E7F75
:10A3F0007F807F7F7F80807F7E7E80828382807F60
:10A400008081838483818080808182838383828131
:10A410007E7D7E818282817F7E7F7F80818181803F
:10A4200080808182828181818284848381807F7F18
:10A430007F80818281807F7F808080808182807E1A
:10A440007E808282807F808181807F7F8081818009
:10A450007F7F80807F7E7F8080807F7E7F80818104
:10A4600081818181818080818283828180808081DD
:10A470008181828281807F7F7F808282817F7E7FD7
:10A48000808181808181807F7E7F818181807F80CA
:10A49000808180807F8080807F7F7F8081807E7EC2
:10A4A0007F8081807F7F80807F7F808181807F80AF
:10A4B0008080808081818180808080818181808195
:10A4C0008080807F7F808181807F7F8080807F808F
:10A4D000808080807F808080807F8080818080807D
:10A4E0008081818080808081818080808181818065
:10A4F00080808181808080808080808080807F7F5C
:10A500007F7F7F7F7F7F8080808080808080808051
:10A510008180808081818181808081818180808033
:10A5200080808080808080807F7F7F80808080802E
:10A53000808080808080808080808080808080801B
:10A54000808080808080808080808080808080800B
:10A5500080808080808080808080808080808080FB
:10A5600080808080808080808080808080808080EB
:10A5700080808080808080808080808080808080DB
:10A5800080808080808080808080808080808080CB
:10A5900080808080808080808080808080808080BB
:10A5A00080808080808080808080808080808080AB
:10A5B000808080808080808080808080808080809B
:10A5C000808080808080808080808080808080808B
:10A5D000808080808080808080808080808080807B
:10A5E000808080808080808080808080808080806B
:10A5F000808080808080808080808080808080805B
:10A60000808080808080808080808080808080804A
:10A61000808080808080808080808080808080803A
:10A62000808080808080808080808080808080802A
:10A63000808080808080808080808080808080801A
:10A64000808080808080808080808080808080800A
:10A6500080808080808080808080808080808080FA
:10A6600080808080808080808080808080808080EA
:10A6700080808080808080808080808080808080DA
:10A6800080808080808080808080808080808080CA
:10A6900080808080808080808080808080808080BA
:10A6A00080808080808080808080808080808080AA
:10A6B000808080808080808080808080808080809A
:10A6C000808080808080808080808080808080808A
:10A6D000808080808080808080808080808080807A
:10A6E000808080808080808080808080808080806A
:10A6F000808080808080808080808080808080805A
:10A700008080808080808080808080808080808049
:10A710008080808080808080808080808080808039
:10A720008080808080808080808080808080808029
:10A730008080808080808080808080808080808019
:10A740008080808080808080808080808080808009
:10A7500080808080808080808080808080808080F9
:10A7600080808080808080808080808080808080E9
:10A7700080808080808080808080808080808080D9
:10A7800080808080808080808080808080808080C9
:10A7900080808080808080808080808080808080B9
:10A7A00080808080808080808080808080808080A9
:10A7B0008080808080808080808080808080808099
:10A7C0008080808080808080808080808080808089
:10A7D0008080808080808080808080808080808079
:10A7E0008080808080808080808080808080808069
:10A7F0008080808080808080808080808080808059
:10A800008080808080808080808080808080808048
:10A810008080808080808080808080808080808038
:10A820008080808080808080808080808080808028
:10A830008080808080808080808080808080808018
:10A840008080808080808080808080808080808008
:10A8500080808080808080808080808080808080F8
:10A8600080808080808080808080808080808080E8
:10A8700080808080808080808080808080808080D8
:10A8800080808080808080808080808080808080C8
:10A8900080808080808080808080808080808080B8
:10A8A00080808080808080808080808080808080A8
:10A8B0008080808080808080808080808080808098
:10A8C0008080808080808080808080808080808088
:10A8D0008080808080808080808080808080808078
:10A8E0008080808080808080808080808080808068
:10A8F0008080808080808080808080808080808058
:10A900008080808080808080808080808080808047
:10A910008080808080808080808080808080808037
:10A920008080808080808080808080808080808027
:10A930008080808080808080808080808080808017
:10A940008080808080808080808080808080808007
:10A9500080808080808080808080808080808080F7
:10A9600080808080808080808080808080808080E7
:10A9700080808080808080808080808080808080D7
:10A9800080808080808080808080808080808080C7
:10A9900080808080808080808080808080808080B7
:10A9A00080808080808080808080808080808080A7
:10A9B0008080808080808080808080808080808097
:10A9C0008080808080808080808080808080808087
:10A9D0008080808080808080808080808080808077
:10A9E0008080808080808080808080808080808067
:10A9F0008080808080808080808080808080808057
:10AA00008080808080808080808080808080808046
:10AA10008080808080808080808080808080808036
:10AA20008080808080808080808080808080808026
:10AA30008080808080808080808080808080808016
:10AA40008080808080808080808080808080808006
:10AA500080808080808080808080808080808080F6
:10AA600080808080808080808080808080808080E6
:10AA700080808080808080808080808080808080D6
:10AA800080808080808080808080808080808080C6
:10AA900080808080808080808080808080808080B6
:10AAA00080808080808080808080808080808080A6
:10AAB0008080808080808080808080808080808096
:10AAC0008080808080808080808080808080808086
:10AAD0008080808080808080808080808080808076
:10AAE0008080808080808080808080808080808066
:10AAF0008080808080808080808080808080808056
:10AB00008080808080808080808080808080808045
:10AB10008080808080808080808080808080808035
:10AB20008080808080808080808080808080808025
:10AB30008080808080808080808080808080808015
:10AB40008080808080808080808080808080808005
:10AB500080808080808080808080808080808080F5
:10AB600080808080808080808080808080808080E5
:10AB700080808080808080808080808080808080D5
:10AB800080808080808080808080808080808080C5
:10AB900080808080808080808080808080808080B5
:10ABA00080808080808080808080808080808080A5
:10ABB0008080808080808080808080808080808095
:10ABC0008080808080808080808080808080808085
:10ABD0008080808080808080808080808080808075
:10ABE0008080808080808080808080808080808065
:10ABF0008080808080808080808080808080808055
:10AC00008080808080808080808080808080808044
:10AC10008080808080808080808080808080808034
:10AC20008080808080808080808080808080808024
:10AC30008080808080808080808080808080808014
:10AC40008080808080808080808080808080808004
:10AC500080808080808080808080808080808080F4
:10AC600080808080808080808080808080808080E4
:10AC700080808080808080808080808080808080D4
:10AC800080808080808080808080808080808080C4
:10AC900080808080808080808080808080808080B4
:10ACA00080808080808080808080808080808080A4
:10ACB0008080808080808080808080808080808094
:10ACC0008080808080808080808080808080808084
:10ACD0008080808080808080808080808080808074
:10ACE0008080808080808080808080808080808064
:10ACF0008080808080808080808080808080808054
:10AD00008080808080808080808080808080808043
:10AD10008080808080808080808080808080808033
:10AD20008080808080808080808080808080808023
:10AD30008080808080808080808080808080808013
:10AD40008080808080808080808080808080808003
:10AD500080808080808080808080808080808080F3
:10AD600080808080808080808080808080808080E3
:10AD700080808080808080808080808080808080D3
:10AD800080808080808080808080808080808080C3
:10AD900080808080808080808080808080808080B3
:10ADA00080808080808080808080808080808080A3
:10ADB0008080808080808080808080808080808093
:10ADC0008080808080808080808080808080808083
:10ADD0008080808080808080808080808080808073
:10ADE0008080808080808080808080808080808063
:10ADF0008080808080808080808080808080808053
:10AE00008080808080808080808080808080808042
:10AE10008080808080808080808080808080808032
:10AE20008080808080808080808080808080808022
:10AE30008080808080808080808080808080808012
:10AE40008080808080808080808080808080808002
:10AE500080808080808080808080808080808080F2
:10AE600080808080808080808080808080808080E2
:10AE700080808080808080808080808080808080D2
:10AE800080808080808080808080808080808080C2
:10AE900080808080808080808080808080808080B2
:10AEA00080808080808080808080808080808080A2
:10AEB0008080808080808080808080808080808092
:10AEC0008080808080808080808080808080808082
:10AED0008080808080808080808080808080808072
:10AEE0008080808080808080808080808080808062
:10AEF0008080808080808080808080808080808052
:10AF00008080808080808080808080808080808041
:10AF10008080808080808080808080808080808031
:10AF20008080808080808080808080808080808021
:10AF30008080808080808080808080808080808011
:10AF40008080808080808080808080808080808001
:10AF500080808080808080808080808080808080F1
:10AF600080808080808080808080808080808080E1
:10AF700080808080808080808080808080808080D1
:10AF800080808080808080808080808080808080C1
:10AF900080808080808080808080808080808080B1
:10AFA00080808080808080808080808080808080A1
:10AFB0008080808080808080808080808080808091
:10AFC0008080808080808080808080808080808081
:10AFD0008080808080808080808080808080808071
:10AFE0008080808080808080808080808080808061
:10AFF0008080808080808080808080808080808051
:10B000008080808080808080808080808080808040
:10B010008080808080808080808080808080808030
:10B020008080808080808080808080808080808020
:10B030008080808080808080808080808080808010
:10B040008080808080808080808080808080808000
:10B0500080808080808080808080808080808080F0
:10B0600080808080808080808080808080808080E0
:10B0700080808080808080808080808080808080D0
:10B0800080808080808080808080808080808080C0
:10B0900080808080808080808080808080808080B0
:10B0A00080808080808080808080808080808080A0
:10B0B0008080808080808080808080808080808090
:10B0C0008080808080808080808080808080808080
:10B0D0008080808080808080808080808080808070
:10B0E0008080808080808080808080808080808060
:10B0F0008080808080808080808080808080808050
:10B10000808080808080808080808080808080803F
:10B11000808080808080808080808080808080802F
:10B12000808080808080808080808080808080801F
:10B13000808080808080808080808080808080800F
:10B1400080808080808080808080808080808080FF
:10B1500080808080808080808080808080808080EF
:10B1600080808080808080808080808080808080DF
:10B1700080808080808080808080808080808080CF
:10B180008080808080808080808080807F808080C0
:10B1900080808080808080808080808080808080AF
:10B1A000807F80808080808080808080817F81809F
:10B1B000808080808080808080808080807F808090
:10B1C0008081817F8080818080807F817F8080807E
:10B1D0008080808080807F808081808081807F816E
:10B1E0007F8080808080817E82807F81807F82805E
:10B1F0007F827F80817F80817F80817F808080804F
:10B2000081808080817F81817F827E80808080813B
:10B210008080818080807F808080827F7F8080812D
:10B220007F827E81807E817F817F817F81817E811F
:10B2300080807F82807F80807F827F8180817F800D
:10B24000817E81807F80827E82817F817F808080FD
:10B250007F817F808180807F827E81807F818080EE
:10B2600080808080807F81807F817E817F818082DD
:10B270007E81817E817E8180808080817F817F80D0
:10B28000817F81817F8180807F827D827F807F81BD
:10B29000827E827E8080807F817E81817F807F80B0
:10B2A00080817F817F808080817F80817F8180829B
:10B2B0007F807F827F80837F7F817F7F827F817F8E
:10B2C000827D837F7F827F7F827D81827D81817C81
:10B2D00082837C857F80818080827F7F827E808068
:10B2E000807E8280807F7F8180817F80808080805F
:10B2F000807F818081817E827F7F807F808080804F
:10B300007F8080807F81807F7F807F80807F817F42
:10B31000827D837F81817F8180807F827E827F8129
:10B32000807F7F818080837C817E817F81817E821E
:10B330007F817E827E827E80807F817F817E827D12
:10B34000837E81808080808080817F817F80817FFB
:10B35000807F82808080807E827F80807F817F81ED
:10B360007F837E817F8080817E817F7E817F8180DF
:10B3700080808180808180807F80817F80807F80CD
:10B38000808080827E8180808180807F807F827FBC
:10B39000808080807F8081808081807F80818080AC
:10B3A0008180808080808080817E8180808080809C
:10B3B00080817F817F7F80817F827F7F80807F818E
:10B3C000817F827E818080808180807F81817F817A
:10B3D0007F807F807F807E80807F827F8080818071
:10B3E0008082808281807F81808080808080807F59
:10B3F000817E80807F807F8080807F81808181804E
:10B400008281818180818082838184838282828122
:10B41000818080807F7F7F7F7F7F7E7F7F7F807F37
:10B420008080808080818181818181818180817F14
:10B43000848483888486868585848381817E807DDB
:10B440007D7E7C7E7D7D7D7E7E7F807F8080808115
:10B4500081808280818180817F8488848D8A8A8FA7
:10B460008A8C8A888585807F7F797D78797B787BD7
:10B470007B7B7E7E7F8180828381858183847F84C4
:10B480007F808088848A8E89928F8E908B8A878431
:10B490007F7F78797774777478787A7D7E818285FA
:10B4A000848786868883868381837D7F7C87808965
:10B4B0008C87938D8F918B8C888680817A79797235
:10B4C00078737577777B7C7E81838587878888888A
:10B4D00086868382817F7C82857F8F868B9388910D
:10B4E0008F878D8681847B797C737678717A787783
:10B4F000807E808882888A858A8784878280827C11
:10B500007E7B7F867F8E898B958B92908A8C8781BC
:10B51000807E747B74707A71777D76828081898376
:10B520008A89868A84868281807C7F797C797E88FC
:10B530007F918E8B9A8E9294878C847E7C787472A5
:10B54000746F7576767E7C828586898A89898985FD
:10B5500085817F7F7A7B79797B797B89868B9A8DD0
:10B56000989B8B988C85887B797672717174707BCF
:10B570007A7B8781898B878E868A8582847B7F7A96
:10B58000777D757C7B7A817C88928898978F95915E
:10B590008785837776776C737372787A7E818688F5
:10B5A000868E87888A8285817C7F797B797A7C7A8E
:10B5B0007F7E7F847F85819194899E938B948881FF
:10B5C0007E7B7270766C7378747E808385888A87C0
:10B5D0008A888386817F807A7C7A7A7D7C7E80806F
:10B5E00082818383828481808F908A9693898E89D9
:10B5F0007E7B7A74707573727A7B7D82848687888D
:10B6000088868587858283817E7E7E7C7B7D7C7C2F
:10B610007F7F80818283828382808F918B92928BC5
:10B6200088837F787575727575787D7D828385874F
:10B6300085878683858182807E7F7C7D7D7C7E7D03
:10B640007E807F8280828381828181818080828CE2
:10B650008B898A8887807D7C787877797B7A7F7FF1
:10B6600081828284838383828381818180807E7FC3
:10B670007E7E7E7E7F7F7F808081818181818181CE
:10B6800081808180807F868B88888787847F7D7B8F
:10B690007A797A7C7C7E7E818181818182828282BC
:10B6A0008282818181807F7E7F7E7E7E7F7F7F80A0
:10B6B000808081808181818181818080807F81887B
:10B6C0008A89868585827E7B7A7B7B7B7C7E7F8078
:10B6D0007F80808081818282828382828181807F5B
:10B6E0007F7E7F7F7F7F7F807F8080808080818062
:10B6F0008181818180808080808487888684848421
:10B70000807D7B7C7D7D7D7D7F80807F8080808152
:10B7100080818282828281818180807F7F7F7F7F22
:10B720007F807F8080808080808080818181818116
:10B730008080807F81858787848383827F7C7B7CF8
:10B740007E7E7E7E7F80807F7F7F808081818282FF
:10B75000828281818080807F7F7F7F7F807F7F80EA
:10B760007F7F7F80808080808181818180808080D8
:10B770008185868684838382807D7C7D7D7E7E7EBE
:10B780007F8080807F7F80808181818282828281B0
:10B79000808080807F7F7F8080807F7F7F7F8080B0
:10B7A0008080808180818180818080808185868683
:10B7B00084838382807E7D7D7E7E7E7E7E7F7F7F92
:10B7C0007F7F7F8081818181828282818180808070
:10B7D00080807F8080807F7F7F7F8080808080806E
:10B7E000808080808180808184858684838382813B
:10B7F0007E7D7D7E7F7E7E7E7F7F7F7F7E7F808061
:10B80000818181828282818181808080808080802C
:10B81000807F7F7F7F80808080808080808080822A
:10B8200084858583838382817F7E7F7F7F7F7E7F08
:10B830007F7F7F7E7E7F7F8080808181818181810B
:10B84000818181818180808080807F7F7F7F7F7FF9
:10B850007F808080808081838484838383828180D1
:10B860007F7F80807F7F7F7F7F7E7E7E7E7F7F7FEA
:10B8700080808081818181818181818181818181BB
:10B880008080808080807F7F7F7F7F8082838383B2
:10B89000838382828180808080808080807F7F7FA0
:10B8A0007E7E7E7E7F7F7F7F8080808080808081A3
:10B8B000818181818181818181808080808080827D
:10B8C0008283838383828281808080808080808065
:10B8D000807F7F7F7E7E7E7F7F7F7F808080808075
:10B8E000808080808181818181818181818181804D
:10B8F000818282838383838383828181808080802D
:10B90000808080807F7F7F7E7E7E7E7E7E7F7F7F49
:10B910007F7F7F8080808080808080818181818125
:10B9200081828283848484848483838282818181EE
:10B930008180808080807F7F7F7F7F7F7E7E7F7F12
:10B940007F7F7F7F7F7F7F7F8080808080808080FF
:10B9500081818283838484848484848383838382B7
:10B96000828281818181808080807F7F7F7F7F7FD5
:10B970007F7E7F7F7F7F7F7F7F7F7F7F7F7F7F80D7
:10B980008181828282838383838282828282828295
:10B9900081818181818080808080807F7F7F7F7FA7
:10B9A0007F7F7F7F7F7F7F7F7F7F7F7F80818181A0
:10B9B000818182828282828282828281818181816E
:10B9C00081818080808080807F7F7F7F7F7F7F7F7D
:10B9D0007F7F7F7F7F808080808181818181828263
:10B9E000828281818181818181818180808080804A
:10B9F00080807F7F7F7F7F7F7F7F7F7F8080808051
:10BA00008080808080818282818182818181818128
:10BA100081818180808080807F7F7F7F7F7F7F7F2B
:10BA20007F80808080808080808080808080808017
:10BA300080818181818181818080808080808080FF
:10BA400080808080808080808080808080808080F6
:10BA500080808080808080808080808080818181E3
:10BA600080808080808080808080808080808080D6
:10BA700080808080808080808080808080808080C6
:10BA800080808080808080808080808080808080B6
:10BA900080808080808080808080808080808080A6
:10BAA0008080808080808080808080808080808096
:10BAB0008080808080808080808080808080808086
:10BAC0008080808080808080808080808080808076
:10BAD0008080808080808080808080808080808066
:10BAE0008080808080808080808080808080808056
:10BAF0008080808080808080808080808080808046
:10BB00008080808080808080808080808080808035
:10BB10008080808080808080808080808080808025
:10BB20008080808080808080808080808080808015
:10BB30008080808080808080808080808080808005
:10BB400080808080808080808080808080808080F5
:10BB500080808080808080808080808080808080E5
:10BB600080808080808080808080808080808080D5
:10BB700080808080808080808080808080808080C5
:10BB800080808080808080808080808080808080B5
:10BB900080808080808080808080808080808080A5
:10BBA000808080808080808080807F7F8081818194
:10BBB0008181807F7E808080818181828280807F80
:10BBC00080808081828181807F7D7E7E8081807F78
:10BBD0007F7F7E7F81828282838382807D7D7D8064
:10BBE000828281807E838D9695897A6E6E77828936
:10BBF00089857F7B797A7C7E8284868584807D7B43
:10BC00007B7E8283827E7C7B7F828483817E7E7F3B
:10BC1000808181889BB0B69E72483B5583AAB5A3AC
:10BC200081665C6474848F93918A81787272788063
:10BC3000878B8B87807975757A82898B88817C78F0
:10BC4000797E98B8CBB57A381C3B7FBED1B4815988
:10BC5000505F76868C8F9091897D6F696E7C8B9317
:10BC6000928A7F7571727A848C8E89817975787CDD
:10BC700084A1C3D1AD631D0E459FDFE1AB6943478E
:10BC800066829093939590836F6264758B999A8F77
:10BC90007F746D7076828C918E847B7275798385CA
:10BCA00096B6CBBB7326023094EBFDBD62252A61AC
:10BCB00098B2A48D7B7D7F7A6C646F8AA4A89471FE
:10BCC0005A5B728D9C988A7B7374767C7F858B8B94
:10BCD0008A7B7D9BBDC1873C0C2D89E3FCBE621F26
:10BCE0002761A3BEA9886E717C7D776B7588A0A142
:10BCF0008E6E5B5F78939F9784716E737E84878569
:10BD00008584827E777CA4C4C58736072889E6FFB0
:10BD1000C6611E1C5D9FC4B48E7067737A7A757697
:10BD20008A98A28D735C5C748EA29C8974696F780A
:10BD300086898A8682817B7A777996BBCDA85B15C6
:10BD40000D54BAFEED9A3E143478B5C1A8806A6BE2
:10BD5000747A76757E909F9A856859637C99A199CB
:10BD6000816E696F7E888D8A84817D7B79797D8201
:10BD700089889BADB59456252365BBF1DE8F3E1AAD
:10BD80003C7EB6C2A57E6467717D7D7B808A979577
:10BD90008671626778909B9786756D707A848989C1
:10BDA0008782807B79797B81868A85879AADAE830D
:10BDB0004A23397FCBE9C377372A548DB5B09678BB
:10BDC0006E737B7B75747F909D96826A606A7E94A9
:10BDD0009992817571757D8185858785827D77775B
:10BDE0007B838989867E7B778098AEB4935F343677
:10BDF00067AAD2C792593E4E7699A498867B7B7DDE
:10BE00007A736F798A9C9D8D736262748A98968A20
:10BE10007C7474787E8083858888847D767578824A
:10BE2000888C88817A777889A0B1A77E4E354A7F41
:10BE3000B4C8AF815A50617B8E928E8A8A877E7198
:10BE4000686B7B8F9A9788776D6F788186888888F2
:10BE500085807974747B858C8D867F78787A7E82F4
:10BE600084858584827D7B787E8E9EA593765952CB
:10BE700065839EA2968375737377767A838F979284
:10BE80008371686C7A89908F87807D7C7B78787BE2
:10BE9000838B8D897F7774787F8386848483817F89
:10BEA0007A79797F848788827F7B7C7C808D979E5E
:10BEB000917B655E6A7C8C908D8986867D746D6FC2
:10BEC0007C8A9591877D7577787B7D80878B8C8642
:10BED0007D7673787F8587868583817D7A787A7F82
:10BEE00084888784807D7C7B7C7E80848585837F3D
:10BEF0007D7B838E969484756C717A808180848A30
:10BF00008C887B737178828587848586837E77753C
:10BF100079808686858482817D7A797A8184868516
:10BF200082817E7E7C7B7E8084858483807F7D7C15
:10BF30007D7D8182838481817E828C8E8C807979E3
:10BF40007C7E7C797E838A87807C7A7E7F7D7E7F03
:10BF50008587868380818483817B7B8081827F80CB
:10BF6000838685827B777B8386837E7F8486837AC4
:10BF7000777B818682808182847F787679808685CE
:10BF80008481807E7C7C7E81868886817D7D7F80A9
:10BF90007D7C7E838583818181827F7D7E81858496
:10BFA00080808084827E7C7D7E808181828384818A
:10BFB0007C7B7F8383817F8082817E7E818384817D
:10BFC0007F808282807E80828281818284807E8066
:10BFD0008282807E80807C7A7D7F8281818485825E
:10BFE0007F7E81848281838585827E7D7F7F7E7F47
:10BFF0008080807E7D7D7E80818284848482818237
:10C000008281818282817F7D7D7E7E7D7B7C7F803F
:10C010007E7D7E81817E7F8283818080828280801E
:10C020008282817F7F80807F7F808181808080800D
:10C030008080808181808181807F7F8080808080FE
:10C0400080807F7F7F8080808181808080808081F0
:10C0500081808080808080818180808181808181D9
:10C060008080807F808080808080808080808080D1
:10C0700080807F8181807F807F8080807F808181C0
:10C080007F7F817F80817F8081817F7E80808080B3
:10C09000808080807F808081808081808181807F9E
:10C0A000808080807F7F8083807E808080827F7E92
:10C0B0008082807D8282817F807F7F8081817F817D
:10C0C00080807F7E8281807F807F7F81817F828070
:10C0D0007F827E837E82817D80817F7F7F81808160
:10C0E000817E837D80827E817F81807D828081814F
:10C0F00080807E7D837E81817D8280817F81807C46
:10C1000080837C837E7E80807F82817F817E827F30
:10C11000808180807F7D84807E827F817D7F808022
:10C120007F827F80827D847E7F837C837D7F827D12
:10C13000827F80817E81827E82807F807E80827D00
:10C1400082807F818181808180817E847C827D84E8
:10C15000817C837F7D837E80807D867C81817B82E4
:10C1600081817E837F80807F808081807E818081CD
:10C17000847E7F81807F7F81817A847E7F847B85BE
:10C180007D81827A847D80827E827F7F847E8183AE
:10C190007F817F7E827E7F827F7C81877C7D8580A0
:10C1A0007D8182807A867E7E857A857D81827A8590
:10C1B0007D80827D827E80847E81827E817E7E8380
:10C1C0007A847E7E827F7F80847D7E837F7E838073
:10C1D000807E857985817E837C857C80827F81825B
:10C1E0007E837E7F8080807F7E818080817E837E53
:10C1F000817E80837C81817E7F817F8081817B863F
:10C200007F7C82817E8082817B867E7C8979877A31
:10C21000877E7A877C81817F818080817E847B8319
:10C22000807D82817B847E837A83877784847A850C
:10C230007B857C7E857B7F8679867C847F7B8A7705
:10C2400080857D827E8184778B7983817C827F83E8
:10C250007B7E867980847E7F847E807F847A8183E2
:10C260007F7B877F7B83837E7F82807C857D7D86CD
:10C270007E817D877B7E83837B82837F7D808280BE
:10C280007E827F817D81827F7E82837D7F838179B3
:10C29000877E7E837D847C82817A867E7F837E8199
:10C2A0007E80817F80827F807F7D847F7F8281808E
:10C2B0007C84827B84827D8180827C82837B80857A
:10C2C0007A8280857C7E85807D8185807985827873
:10C2D00083827F7E81827F7F837D837D7F837E7F5C
:10C2E0008380807E82807F83817D83817E80838244
:10C2F0007D8182807D82827C82807F807F817D8142
:10C30000807D81807F807F81827F84828182838023
:10C310007F827E7F807F807F838282838582838409
:10C32000818081857E81847E7E817C7C7B7E7C7A1F
:10C330007C7F7C7E81808081857E8C9283919388B6
:10C34000888E857C8480747B7C74767C7A787F810F
:10C350007D8286828487848384838081817D7E7EC2
:10C360007D7D7D7F7D8080808281849389889B8C88
:10C3700088908B7E808574747E74707C7A767E83E0
:10C3800080808B84838A868382857E7D807C7B7C93
:10C390007D7D7B807E808182847F8894878B9A8B51
:10C3A000888F8C7C7F8672747D73717A7D767E87B0
:10C3B0007E838B868588888183847D7D7E7B7B7B65
:10C3C0007D7B7D807F818282857F91928297958817
:10C3D00089908577867D6D797A70737E7B76858589
:10C3E0007F888B85848B867E85817A7E7E79797D38
:10C3F0007C7981807E848284828796888B9A8E86DF
:10C400008E8E7B7D8474707C766E797E777C88815D
:10C41000828B8984878A8181847D7B7D7C797A7E09
:10C420007C7D81818382878385978A889A90858D98
:10C430008F7B7B85746E7C766E797F787B89848038
:10C440008D89848889837F837E797D7C787A7D7CE1
:10C450007C8181808385828E958493998A89908856
:10C4600078817F6F747973707A7D77818684858A0D
:10C470008C86888B8380847E7B7B7C79787D7B7CBB
:10C480007F818182838E9288949A8B8B93877D8122
:10C490008170727A6F6F787A767D8780838D8887D6
:10C4A000888B8381877E7C7E7C79787E7A7A817E98
:10C4B00081818593898D99918D8F91827F86777304
:10C4C000797570737A7576817F7F868886868B868C
:10C4D000848684807F807C7A7D7B7B7C7E7D7E8071
:10C4E000888D8691948C8E918B838683787A7B74E9
:10C4F000737878747A7E7B7E838382858883858651
:10C50000838282827E7F807D7D7E7E7D7D85878227
:10C510008C8F898C908A8689867F7F807B797C7AD4
:10C52000787A7C7A7B7E7E7D808180818382818324
:10C5300084818283828181818080848381868583D6
:10C540008486838283817F80807E7E7F7E7D7E7EE7
:10C550007D7E7F7E7E80807F8081808081818081E2
:10C5600081818181818082838182848283848382AC
:10C570008282818181807F80807E7F7F7E7F7F7FBE
:10C580007E7F7F7F7F807F7F8080808181808181AF
:10C590008181818281828382828282818181808085
:10C5A00080807F807F7F7F7F7F7F7F7F7F7F807F97
:10C5B0008080808080808080818080818180818176
:10C5C00081818181818181808180808080807F8064
:10C5D0007F7F80807F7F808080808081808182815A
:10C5E00081818181818180818080808080807F7F46
:10C5F000807F808080818081818181818180818034
:10C6000080808081807F80807F7F807F7F80807F2F
:10C610007F80808080808081807F7F81807F80801C
:10C620007F807F7F80807F81807F81827F7F81820A
:10C630007F7D8281807F80807F7F81817F818180FB
:10C640007F7F82817F80817F7E81817F81817F7FEB
:10C65000837F7F8180827C81837E7F8180817E7EDB
:10C6600083817F7E82837E7D8086807980888079C9
:10C670007E8980778185827A7E86807D7D81827FBA
:10C680007D80837F7D8182817E80818080808081AA
:10C6900081807F8081817F808081817F7F82838094
:10C6A0007D8186807D83857F7D7F807F7D7F818288
:10C6B0008181807D8083817D7F84847F7F81828072
:10C6C0007E8080807F80807E7D7E7F7E7D7E7F7F7E
:10C6D0007F81828382828182828180849095918B06
:10C6E0008787857D77777B7C7A78797C7D7A797C82
:10C6F0007F8181818487878583838483807F7F8016
:10C700007F82929FA0958881817C736C6E777E7DFD
:10C710007A797E807D797A8187898787898B8781FD
:10C720007E7D7D7C797A7C859CADAB9B877D7A73A1
:10C7300069646B7A83837F7E81817C777A838B8C3B
:10C7400089888989827A77797C7E7F81848696AD93
:10C75000B5A88C766E6C67616374868D88818083E2
:10C760008079777F8B908D878484807871727A81CD
:10C770008281868993ACBEB99B77635E5C5A5D709B
:10C780008B9A988C83827E77717687929189828149
:10C790007E756E6E7A86898785888B9FBDC4AB7DDA
:10C7A0005C5353545B7093AAA795837E786E676E33
:10C7B0008495958B82817E746B6E7E8B8E89858746
:10C7C000857C90BBCFB277525056555977A5BCAEF9
:10C7D0008D797771635C6F91A2998881837C6B649A
:10C7E0007189948D85858981728BC0D3AC6A4C54D4
:10C7F0005A545E89BBC4A37D707267585E81A5A838
:10C80000928181816F5F6682979387848A8673683D
:10C8100092D6E8B167484C453F5CA2D9D1A0796C6B
:10C82000634C44659CB8AB91878371565372949D59
:10C83000918B908B7560638ACEECCC8C5C452E27F7
:10C84000529FD8D8B4917452353B689BB4AFA4972B
:10C8500080604B56758D95989C98826A616D778F34
:10C86000CBF2D68D4F372B2C58A2DCE0BA8E69481C
:10C87000333C6C9FB8B6A695785A4A59788D979DE7
:10C880009F947C68656E758CCEEEC68154442E2CC8
:10C8900063AFD9CEAD906B4332487DA2ADACA593CA
:10C8A0007052566B7E88929F9C87726D7274757FF2
:10C8B000B5E7D39B76603C1E418BB9C0B9AF925CA3
:10C8C0003B43648392A4B2A5846461686B74889AC4
:10C8D0009B8C827D766F707993C3D6BD9D835D36C8
:10C8E00033598097ABB5AA8B6B5D5E667284999E57
:10C8F00093887F776B6C7983888A8D8B8179777940
:10C900007985ACBDAF9F927752495D6E7C91A1A1B4
:10C91000907E746D6B6F7C8C918E8C877E7371783A
:10C920007B7F858B8A84807C7C7E87A7B5A8A09638
:10C930007C5D566269728797968D847D7470747C75
:10C94000878B8B8C877F7675797A7D8588878381C5
:10C950007F7B78839CA59D9E9C856E696D6A6E7FAA
:10C960008A8885847F7774787E84888A8B88807CA7
:10C970007B7A797D82858383827E7A7982949A9884
:10C980009C9A8A7876766F717D838180817C7675BA
:10C99000797C8186888A8984817E7D7C7E8283827F
:10C9A00083837F7D7C818E929295968B7F7D7C7533
:10C9B000757E807E7E7F7B767678797D828587879F
:10C9C00085838280808183848382817F7C7C858A49
:10C9D0008A8C908D8481817D797D817F7F817F7B31
:10C9E000797979797C7F8182838282818080828358
:10C9F000838484848281848889898A8A86838381E6
:10CA00007E7E7E7E7D7D7E7C7B7B7B7B7C7D7E7E59
:10CA10007F808181818282828282828282828285FB
:10CA200088888888888584838180807F7F7E7E7ED9
:10CA30007D7D7C7C7C7C7D7D7D7E7F7F8080818117
:10CA4000818282828282828386888888888887869B
:10CA50008583828181807F7F7E7E7E7D7C7C7C7CE5
:10CA60007C7D7D7D7E7F7F7F8080808181818183D1
:10CA70008687888888888887858483828281807F6A
:10CA80007E7E7E7D7D7D7D7D7E7E7E7F7F808080C3
:10CA90008181828282828385868788888888888649
:10CAA0008484838281807F7E7E7E7D7D7D7D7D7E90
:10CAB0007E7E7F8080818181818282828282838565
:10CAC00086878787878787858483828281807E7E29
:10CAD0007E7E7D7D7D7D7E7E7F7F7F80808181816A
:10CAE00081828282828385868787878787878584FC
:10CAF00083828181807F7E7E7D7D7D7D7D7E7E7F48
:10CB00007F8080808181818181828182838485860A
:10CB10008686868786858584828281807F7E7E7DEB
:10CB20007D7D7D7D7E7E7F7F7F8080818181818113
:10CB300081818182838485858586868685858483B7
:10CB40008281807F7E7E7D7D7D7D7D7E7E7E7F7FFE
:10CB50007F808081818181818181828383848484BB
:10CB6000858584848383828181807F7F7F7E7E7EB2
:10CB70007E7E7E7E7E7F7F7F7F80808080808080C3
:10CB80008182828383838383838382828281818182
:10CB9000808080807F7F7F7F7F7F7F7F7F7F7F7FA1
:10CBA0007F7F7F808080808081828181828282817C
:10CBB0008181818180807F7F807F7F7F7F7F807F79
:10CBC0008080808080808080808080808080808065
:10CBD0008080808082817F7F7F7F827F7F81827F54
:10CBE00081827F7F7D81857F7D81808081807F7F45
:10CBF000827F80807F827F80807D80818080827F35
:10CC000081817F8080807D7F827F7C7E8081817F2B
:10CC10007F82817F7D82837E7F807D807F7D818218
:10CC20007D80827F7E82827D84817E8181817C7E07
:10CC3000847A81818080817E818080827E84807EF2
:10CC4000857F7F80817E817D827C83857A818480DF
:10CC50007981847F7D82817E837F7B8581807D85D4
:10CC600080797F867F7B86847F7A81857C7E8382C4
:10CC70007E7B84827D81837E80827C7F82827F7DB9
:10CC8000828180807C8482807D83827C7B868479A3
:10CC9000818682787D89807882867E7883847C7F95
:10CCA000827F8082837F7D877D7985827C7C84867C
:10CCB000777C89837B7F86807782867C7E7F7F807E
:10CCC0007F7F838082817F83837C7E84807C7D8262
:10CCD000817D7E828281808083847F7D81837F7A53
:10CCE00080868079828680797F8883797D86837C3F
:10CCF0007E83847F7F818281818182818282807F25
:10CD000081818081807E7E81817D7F818281808022
:10CD100082828180808180848A8A878585868480DA
:10CD20007F80807F7D7C7D7D7C7B7C7D7E7E7E8028
:10CD300081818282828383828181818080868F94B7
:10CD4000938D87868584807C7A7A7A7A7878797AE6
:10CD50007C7D7F80818383848484848483828181B9
:10CD6000807F7F7E828C9499968E87828282807C5F
:10CD700077747476797B7B7C7D7F828485858585DD
:10CD80008484848281807F7E7E7E7E7D818B949B65
:10CD90009A938A827F7F7F7D78747171757A7E81A4
:10CDA000808182848788898784828080807F7E7B5F
:10CDB0007A7A7B7D8088929A9E9B9289807D7B7B0C
:10CDC0007A76726F6F737980848686858587888985
:10CDD0008885817D7B7B7C7E7F7E7D7D7D7E848D55
:10CDE00098A0A09A8E8279757678797773706F7330
:10CDF0007B838A8D8C89858384858785817C787601
:10CE0000767A7E818281807F7F828A949DA29F959F
:10CE1000887B726F71757877757373767D868C9069
:10CE20008F8A858280818283817E7A7675777B7F07
:10CE300083848381807F8188919BA09F978A7C7166
:10CE40006C6D71777A7B7977777A7F868C8E8D8916
:10CE500084807F7F828384817E7A7777797D8183E6
:10CE60008482817F7E838A949C9F9D9386786E6A5C
:10CE70006B71777C7E7D7C7A7C7F858A8D8D8A86BE
:10CE8000817E7C7D7E8081807E7C7A7A7B7E8183C0
:10CE900085858381807F7F8184888E939696928A10
:10CEA0008178716E6F72767A7D7F7F8081838689CB
:10CEB0008B8A8884807D7B7A7B7D7E7E7E7E7E7E73
:10CEC00080828586878583807E7C7C7D7E7F7F8057
:10CED00082868C939899958D83786F6B6C70757A38
:10CEE0007E8080808184878A8C8C89847E79777625
:10CEF000787A7D808080807F808284868686848127
:10CF00007E7C7B7B7D7E8081808083868D939797DE
:10CF1000938A7F746B686A70777E83858584848446
:10CF200086898A8A87837D787574777A7E81838300
:10CF3000828181818384858583807D7B7A7A7C7FF1
:10CF4000818283828180808082868B8F91918D8780
:10CF50007F77716F6F73787D818384858485858702
:10CF6000878684817E7A7878797C7E8182828282CB
:10CF700081818283838382807E7D7C7C7D7F8081B2
:10CF800082818180808181828385878A8B8A88845F
:10CF90007E79757374777B7F8284858584848484AD
:10CFA0008383817F7D7B7A7A7C7D8081838382828B
:10CFB000818180818181807F7F7E7E7E7F80818173
:10CFC0008281818080808080808080808284878947
:10CFD0008A8986817C777575777B7E828484848458
:10CFE0008383848383817F7D7B7A7A7C7E80828346
:10CFF000838382818181818180807F7E7D7D7E7F30
:10D00000808182828281808080808080807F7F7F1B
:10D010007F81838687888683807C7978797B7D8011
:10D0200081828282828283838382817F7D7C7C7CF9
:10D030007E7F8182828281818181818181807F7FE7
:10D040007E7E7E7F808181818181818080808080E1
:10D0500080807F7F7F7F8081828383838281807EC7
:10D060007D7D7D7E7F8081818181818181818080C4
:10D07000807F7F7F7F7F7F808081818181818080B1
:10D08000808080807F8080808080808080808080A1
:10D09000808080808080808080808080808081818E
:10D0A00081818180807F7F7F7F7F8080808181817F
:10D0B000818080808080808080808080808080806F
:10D0C000818180808080808080808080808080805E
:10D0D0008080808080808080808080808080808050
:10D0E0008080808080808080808080807F7F808042
:10D0F0008080808080808080808080808080808030
:10D10000808080808080808080808080808080801F
:10D11000808080808080808080808080808080800F
:10D1200080808080808080808080808080808080FF
:10D1300080808080808080808080808080808080EF
:10D1400080808080808080808080808080808080DF
:10D1500080808080808080808080808080808080CF
:10D1600080808080808080808080808080808080BF
:10D1700080808080808080808080808080808080AF
:10D18000808080808080808080808080808080809F
:10D19000808080808080808080808080808080808F
:10D1A000808080808080808080808080808080807F
:10D1B000808080808080808080808080808080806F
:10D1C000808080808080808080808080808080805F
:10D1D000808080808080808080808080808080804F
:10D1E000808080808080808080808080808080803F
:10D1F000808080808080808080808080808080802F
:10D20000808080808080808080808080808080801E
:10D21000808080808080808080808080808080800E
:10D2200080808080808080808080808080808080FE
:10D2300080808080808080808080808080808080EE
:10D2400080808080808080808080808080808080DE
:10D2500080808080808080808080808080808080CE
:10D2600080808080808080808080808080808080BE
:10D2700080808080808080808080808080808080AE
:10D28000808080808080808080808080808080809E
:10D29000808080808080808080808080808080808E
:10D2A000808080808080808080808080808080807E
:10D2B000808080808080808080808080808080806E
:10D2C000808080808080808080808080808080805E
:10D2D000808080808080808080808080808080804E
:10D2E000808080808080808080808080808080803E
:10D2F000808080808080808080808080808080802E
:10D30000808080808080808080808080808080801D
:10D31000808080808080808080808080808080800D
:10D3200080808080808080808080808080808080FD
:10D3300080808080808080808080808080808080ED
:10D3400080808080808080808080808080808080DD
:10D3500080808080808080808080808080808080CD
:10D3600080808080808080808080808080808080BD
:10D3700080808080808080808080808080808080AD
:10D38000808080808080808080808080808080809D
:10D39000808080808080808080808080808080808D
:10D3A000808080808080808080808080808080807D
:10D3B000808080808080808080808080808080806D
:10D3C000808080808080808080808080808080805D
:10D3D000808080808080808080808080808080804D
:10D3E000808080808080808080808080808080803D
:10D3F000808080808080808080808080808080802D
:10D40000808080808080808080808080808080801C
:10D41000808080808080808080808080808080800C
:10D4200080808080808080808080808080808080FC
:10D4300080808080808080808080808080808080EC
:10D4400080808080808080808080808080808080DC
:10D4500080808080808080808080808080808080CC
:10D4600080808080808080808080808080808080BC
:10D4700080808080808080808080808080808080AC
:10D48000808080808080808080808080808080809C
:10D49000808080808080808080808080808080808C
:10D4A000808080808080808080808080808080807C
:10D4B000808080808080808080808080808080806C
:10D4C000808080808080808080808080808080805C
:10D4D000808080808080808080808080808080804C
:10D4E000808080808080808080808080808080803C
:10D4F000808080808080808080808080808080802C
:10D50000808080808080808080808080808080801B
:10D51000808080808080808080808080808080800B
:10D5200080808080808080808080808080808080FB
:10D5300080808080808080808080808080808080EB
:10D5400080808080808080808080808080808080DB
:10D5500080808080808080808080808080808080CB
:10D5600080808080808080808080808080808080BB
:10D5700080808080808080808080808080808080AB
:10D58000808080808080808080808080808080809B
:10D59000808080808080808080808080808080808B
:10D5A000808080808080808080808080808080807B
:10D5B000808080808080808080808080808080806B
:10D5C000808080808080808080808080808080805B
:10D5D000808080808080808080808080808080804B
:10D5E000808080808080808080808080808080803B
:10D5F000808080808080808080808080808080802B
:10D60000808080808080808080808080808080801A
:10D61000808080808080808080808080808080800A
:10D6200080808080808080808080808080808080FA
:10D6300080808080808080808080808080808080EA
:10D6400080808080808080808080808080808080DA
:10D6500080808080808080808080808080808080CA
:10D6600080808080808080808080808080808080BA
:10D6700080808080808080808080808080808080AA
:10D68000808080808080808080808080808080809A
:10D69000808080808080808080808080808080808A
:10D6A000808080808080808080808080808080807A
:10D6B000808080808080808080808080808080806A
:10D6C000808080808080808080808080808080805A
:10D6D000808080808080808080808080808080804A
:10D6E000808080808080808080808080808080803A
:10D6F000808080808080808080808080808080802A
:10D700008080808080808080808080808080808019
:10D710008080808080808080808080808080808009
:10D7200080808080808080808080808080808080F9
:10D7300080808080808080808080808080808080E9
:10D7400080808080808080808080808080808080D9
:10D7500080808080808080808080808080808080C9
:10D7600080808080808080808080808080808080B9
:10D7700080808080808080808080808080808080A9
:10D780008080808080808080808080808080808099
:10D790008080808080808080808080808080808089
:10D7A0008080808080808080808080808080808079
:10D7B0008080808080808080808080808080808069
:10D7C0008080808080808080808080808080808059
:10D7D0008080808080808080808080808080808049
:10D7E0008080808080808080808080808080808039
:10D7F0008080808080808080808080808080808029
:10D800008080808080808080808080808080808018
:10D810008080808080808080808080808080808008
:10D8200080808080808080808080808080808080F8
:10D8300080808080808080808080808080808080E8
:10D8400080808080808080808080808080808080D8
:10D8500080808080808080808080808080808080C8
:10D8600080808080808080808080808080808080B8
:10D8700080808080808080808080808080808080A8
:10D880008080808080808080808080808080808098
:10D890008080808080808080808080808080808088
:10D8A0008080808080808080808080808080808078
:10D8B0008080808080808080808080808080808068
:10D8C0008080808080808080808080808080808058
:10D8D0008080808080808080808080808080808048
:10D8E0008080808080808080808080808080808038
:10D8F0008080808080808080808080808080808028
:10D900008080808080808080808080808080808017
:10D910008080808080808080808080808080808007
:10D9200080808080808080808080808080808080F7
:10D9300080808080808080808080808080808080E7
:10D9400080808080808080808080808080808080D7
:10D9500080808080808080808080808080808080C7
:10D9600080808080808080808080808080808080B7
:10D9700080808080808080808080808080808080A7
:10D980008080808080808080808080808080808097
:10D990008080808080808080808080808080808087
:10D9A0008080808080808080808080808080808077
:10D9B0008080808080808080808080808080808067
:10D9C0008080808080808080808080808080808057
:10D9D0008080808080808080808080808080808047
:10D9E0008080808080808080808080808080808037
:10D9F0008080808080808080808080808080808027
:10DA00008080808080808080808080808080808016
:10DA10008080808080808080808080808080808006
:10DA200080808080808080808080808080808080F6
:10DA300080808080808080808080808080808080E6
:10DA400080808080808080808080808080808080D6
:10DA500080808080808080808080808080808080C6
:10DA600080808080808080808080808080808080B6
:10DA700080808080808080808080808080808080A6
:10DA80008080808080808080808080808080808096
:10DA90008080808080808080808080808080808086
:10DAA0008080808080808080808080808080808076
:10DAB0008080808080808080808080808080808066
:10DAC0008080808080808080808080808080808056
:10DAD0008080808080808080808080808080808046
:10DAE0008080808080808080808080808080808036
:10DAF0008080808080808080808080808080808026
:10DB00008080808080808080808080808080808015
:10DB10008080808080808080808080808080808005
:10DB200080808080808080808080808080808080F5
:10DB300080808080808080808080808080808080E5
:10DB400080808080808080808080808080808080D5
:10DB500080808080808080808080808080808080C5
:10DB600080808080808080808080808080808080B5
:10DB700080808080808080808080808080808080A5
:10DB80008080808080808080808080808080808095
:10DB90008080808080808080808080808080808085
:10DBA0008080808080808080808080808080808075
:10DBB0008080808080808080808080808080808065
:10DBC0008080808080808080808080808080808055
:10DBD0008080808080808080808080808080808045
:10DBE0008080808080808080808080808080808035
:10DBF0008080808080808080808080808080808025
:10DC00008080808080808080808080808080808014
:10DC10008080808080808080808080808080808004
:10DC200080808080808080808080808080808080F4
:10DC300080808080808080808080808080808080E4
:10DC400080808080808080808080808080808080D4
:10DC500080808080808080808080808080808080C4
:10DC600080808080808080808080808080808080B4
:10DC700080808080808080808080808080808080A4
:10DC80008080808080808080808080808080808094
:10DC90008080808080808080808080808080808084
:10DCA0008080808080808080808080808080808074
:10DCB0008080808080808080808080808080808064
:10DCC0008080808080808080808080808080808054
:10DCD0008080808080808080808080808080808044
:10DCE0008080808080808080808080808080808034
:10DCF0008080808080808080808080808080808024
:10DD00008080808080808080808080808080808013
:10DD10008080808080808080808080808080808003
:10DD200080808080808080808080808080808080F3
:10DD300080808080808080808080808080808080E3
:10DD400080808080808080808080808080808080D3
:10DD500080808080808080808080808080808080C3
:10DD600080808080808080808080808080808080B3
:10DD700080808080808080808080808080808080A3
:10DD80008080808080808080808080808080808093
:10DD90008080808080808080808080808080808083
:10DDA0008080808080808080808080808080808073
:10DDB0008080808080808080808080808080808063
:10DDC0008080808080808080808080808080808053
:10DDD0008080808080808080808080808080808043
:10DDE0008080808080808080808080808080808033
:10DDF0008080808080808080808080808080808023
:10DE00008080808080808080808080808080808012
:10DE10008080808080808080808080808080808002
:10DE200080808080808080808080808080808080F2
:10DE300080808080808080808080808080808080E2
:10DE400080808080808080808080808080808080D2
:10DE500080808080808080808080808080808080C2
:10DE600080808080808080808080808080808080B2
:10DE700080808080808080808080808080808080A2
:10DE80008080808080808080808080808080808092
:10DE90008080808080808080808080808080808082
:10DEA0008080808080808080808080808080808072
:10DEB0008080808080808080808080808080808062
:10DEC0008080808080808080808080808080808052
:10DED0008080808080808080808080808080808042
:10DEE0008080808080808080808080808080808032
:10DEF0008080808080808080808080808080808022
:10DF00008080808080808080808080808080808011
:10DF10008080808080808080808080808080808001
:10DF200080808080808080808080808080808080F1
:10DF300080808080808080808080808080808080E1
:10DF400080808080808080808080808080808080D1
:10DF500080808080808080808080808080808080C1
:10DF600080808080808080808080808080808080B1
:10DF700080808080808080808080808080808080A1
:10DF80008080808080808080808080808080808091
:10DF90008080808080808080808080808080808081
:10DFA0008080808080808080808080808080808071
:10DFB0008080808080808080808080808080808061
:10DFC0008080808080808080808080808080808051
:10DFD0008080808080808080808080808080808041
:10DFE0008080808080808080808080808080808031
:10DFF0008080808080808080808080808080808021
:10E000008080808080808080808080808080808010
:10E010008080808080808080808080808080808000
:10E0200080808080808080808080808080808080F0
:10E0300080808080808080808080808080808080E0
:10E0400080808080808080808080808080808080D0
:10E0500080808080808080808080808080808080C0
:10E0600080808080808080808080808080808080B0
:10E0700080808080808080808080808080808080A0
:10E080008080808080808080808080808080808090
:10E090008080808080808080808080808080808080
:10E0A0008080808080808080808080808080808070
:10E0B0008080808080808080808080808080808060
:10E0C0008080808080808080808080808080808050
:10E0D0008080808080808080808080808080808040
:10E0E0008080808080808080808080808080808030
:10E0F0008080808080808080808080808080808020
:10E10000808080808080808080808080808080800F
:10E1100080808080808080808080808080808080FF
:10E1200080808080808080808080808080808080EF
:10E1300080808080808080808080808080808080DF
:10E1400080808080808080808080808080808080CF
:10E1500080808080808080808080808080808080BF
:10E1600080808080808080808080808080808080AF
:10E17000808080808080808080808080808080809F
:10E18000808080808080808080808080808080808F
:10E19000808080808080808080808080808080807F
:10E1A000808080808080808080808080808080806F
:10E1B000808080808080808080808080808080805F
:10E1C000808080808080808080808080808080804F
:10E1D000808080808080808080808080808080803F
:10E1E000808080808080808080808080808080802F
:10E1F000808080808080808080808080808080801F
:10E20000808080808080808080808080808080800E
:10E2100080808080808080808080808080808080FE
:10E2200080808080808080808080808080808080EE
:10E2300080808080808080808080808080808080DE
:10E2400080808080808080808080808080808080CE
:10E2500080808080808080808080808080808080BE
:10E2600080808080808080808080808080808080AE
:10E27000808080808080808080808080808080809E
:10E28000808080808080808080808080808080808E
:10E29000808080808080808080808080808080807E
:10E2A000808080808080808080808080808080806E
:10E2B000808080808080808080808080808080805E
:10E2C000808080808080808080808080808080804E
:10E2D000808080808080808080808080808080803E
:10E2E000808080808080808080808080808080802E
:10E2F000808080808080808080808080808080801E
:10E30000808080808080808080808080808080800D
:10E3100080808080808080808080808080808080FD
:10E3200080808080808080808080808080808080ED
:10E3300080808080808080808080808080808080DD
:10E3400080808080808080808080808080808080CD
:10E3500080808080808080808080808080808080BD
:10E3600080808080808080808080808080808080AD
:10E37000808080808080808080808080808080809D
:10E38000808080808080808080808080808080808D
:10E39000808080808080808080808080808080807D
:10E3A000808080808080808080808080808080806D
:10E3B000808080808080808080808080808080805D
:10E3C000808080808080808080808080808080804D
:10E3D000808080808080808080808080808080803D
:10E3E000808080808080808080808080808080802D
:10E3F000808080808080808080808080808080801D
:10E40000808080808080808080808080808080800C
:10E4100080808080808080808080808080808080FC
:10E4200080808080808080808080808080808080EC
:10E4300080808080808080808080808080808080DC
:10E4400080808080808080808080808080808080CC
:10E4500080808080808080808080808080808080BC
:10E4600080808080808080808080808080808080AC
:10E47000808080808080808080808080808080809C
:10E48000808080808080808080808080808080808C
:10E49000808080808080808080808080808080807C
:10E4A000808080808080808080808080808080806C
:10E4B000808080808080808080808080808080805C
:10E4C000808080808080808080808080808080804C
:10E4D000808080808080808080808080808080803C
:10E4E000808080808080808080808080808080802C
:10E4F000808080808080808080808080808080801C
:10E50000808080808080808080808080808080800B
:10E5100080808080808080808080808080808080FB
:10E5200080808080808080808080808080808080EB
:10E5300080808080808080808080808080808080DB
:10E5400080808080808080808080808080808080CB
:10E5500080808080808080808080808080808080BB
:10E5600080808080808080808080808080808080AB
:10E57000808080808080808080808080808080809B
:10E58000808080808080808080808080808080808B
:10E59000808080808080808080808080808080807B
:10E5A000808080808080808080808080808080806B
:10E5B000808080808080808080808080808080805B
:10E5C000808080808080808080808080808080804B
:10E5D000808080808080808080808080808080803B
:10E5E000808080808080808080808080808080802B
:10E5F000808080808080808080808080808080801B
:10E60000808080808080808080808080808080800A
:10E6100080808080808080808080808080808080FA
:10E6200080808080808080808080808080808080EA
:10E6300080808080808080808080808080808080DA
:10E6400080808080808080808080808080808080CA
:10E6500080808080808080808080808080808080BA
:10E6600080808080808080808080808080808080AA
:10E67000808080808080808080808080808080809A
:10E68000808080808080808080808080808080808A
:10E69000808080808080808080808080808080807A
:10E6A000808080808080808080808080808080806A
:10E6B000808080808080808080808080808080805A
:10E6C000808080808080808080808080808080804A
:10E6D000808080808080808080808080808080803A
:10E6E000808080808080808080808080808080802A
:10E6F000808080808080808080808080808080801A
:10E700008080808080808080808080808080808009
:10E7100080808080808080808080808080808080F9
:10E7200080808080808080808080808080808080E9
:10E7300080808080808080808080808080808080D9
:10E7400080808080808080808080808080808080C9
:10E7500080808080808080808080808080808080B9
:10E7600080808080808080808080808080808080A9
:10E770008080808080808080808080808080808099
:10E780008080808080808080808080808080808089
:10E790008080808080808080808080808080808079
:10E7A0008080808080808080808080808080808069
:10E7B0008080808080808080808080808080808059
:10E7C0008080808080808080808080808080808049
:10E7D0008080808080808080808080808080808039
:10E7E0008080808080808080808080808080808029
:10E7F0008080808080808080808080808080808019
:10E800008080808080808080808080808080808008
:10E8100080808080808080808080808080808080F8
:10E8200080808080808080808080808080808080E8
:10E8300080808080808080808080808080808080D8
:10E8400080808080808080808080808080808080C8
:10E8500080808080808080808080808080808080B8
:10E8600080808080808080808080808080808080A8
:10E870008080808080808080808080808080808098
:10E880008080808080808080808080808080808088
:10E890008080808080808080808080808080808078
:10E8A0008080808080808080808080808080808068
:10E8B0008080808080808080808080808080808058
:10E8C0008080808080808080808080808080808048
:10E8D0008080808080808080808080808080808038
:10E8E0008080808080808080808080808080808028
:10E8F0008080808080808080808080808080808018
:10E900008080808080808080808080808080808007
:10E9100080808080808080808080808080808080F7
:10E9200080808080808080808080808080808080E7
:10E9300080808080808080808080808080808080D7
:10E9400080808080808080808080808080808080C7
:10E9500080808080808080808080808080808080B7
:10E9600080808080808080808080808080808080A7
:10E970008080808080808080808080808080808097
:10E980008080808080808080808080808080808087
:10E990008080808080808080808080808080808077
:10E9A0008080808080808080808080808080808067
:10E9B0008080808080808080808080808080808057
:10E9C0008080808080808080808080808080808047
:10E9D0008080808080808080808080808080808037
:10E9E0008080808080808080808080808080808027
:10E9F0008080808080808080808080808080808017
:10EA00008080808080808080808080808080808006
:10EA100080808080808080808080808080808080F6
:10EA200080808080808080808080808080808080E6
:10EA300080808080808080808080808080808080D6
:10EA400080808080808080808080808080808080C6
:10EA500080808080808080808080808080808080B6
:10EA600080808080808080808080808080808080A6
:10EA70008080808080808080808080808080808096
:10EA80008080808080808080808080808080808086
:10EA90008080808080808080808080808080808076
:10EAA0008080808080808080808080808080808066
:10EAB0008080808080808080808080808080808056
:10EAC0008080808080808080808080808080808046
:10EAD0008080808080808080808080808080808036
:10EAE0008080808080808080808080808080808026
:10EAF0008080808080808080808080808080808016
:10EB00008080808080808080808080808080808005
:10EB100080808080808080808080808080808080F5
:10EB200080808080808080808080808080808080E5
:10EB300080808080808080808080808080808080D5
:10EB400080808080808080808080808080808080C5
:10EB500080808080808080808080808080808080B5
:10EB600080808080808080808080808080808080A5
:10EB70008080808080808080808080808080808095
:10EB80008080808080808080808080808080808085
:10EB90008080808080808080808080808080808075
:10EBA0008080808080808080808080808080808065
:10EBB0008080808080808080808080808080808055
:10EBC0008080808080808080808080808080808045
:10EBD000808081818182828283828383828282811A
:10EBE00081818080807F7F7F7F7F7F7F7F7F7F7F2E
:10EBF00080808080808081808083838385858687F4
:10EC00008686868585838281807F7F7D7D7C7D7DF4
:10EC10007D7D7D7E7E7F7F808081818182818380FA
:10EC20008685858A888A8C89898A85868480807E83
:10EC30007B7D797A7A7A7A7C7B7E7E7F8081818304
:10EC40008184818480837F8686858E898C8F8D895F
:10EC500090828A82807D7E757C757779767A7C7BDE
:10EC60007F807F848383878285858183817F7F8C7A
:10EC70007F8D8C88928F898F8983877E7B7D767448
:10EC800079717878787C7F7D84848488868688838F
:10EC90008582827E8277888680978790958E8A93F8
:10ECA0008283857579786D757470797978828281BF
:10ECB0008C86898C8688878283807C7D7B788F8018
:10ECC0008C998A97998C8F8F7D807E6C7670697312
:10ECD00072707C7E7C8A87898F8C8A8D8883867D02
:10ECE0007C7C78767B7490868CA48F9CA18F8E8F91
:10ECF0007D7380616D6F617173727D86838C958980
:10ED00009591878E84817C7C727775717A748598F1
:10ED100089A3A795A69F888C8669746B5A6B6766D2
:10ED2000747C798C8F8B9A9292908C84807F73788C
:10ED3000727077737B7A829C959DAF9F9DA18F7D2A
:10ED4000836F606D5F5C706A7282868896978E9A18
:10ED50008F878B7D7B76766E7475707B7C7A8581F0
:10ED6000A29B99B49C999E89787870586A655B7269
:10ED70007575858E88929989938E83838179757C48
:10ED8000727779767C7C7F837E91A992A7AF9291EE
:10ED9000967468775C5972666C81888094988594C3
:10EDA000907C85827577807578827C7F868182836E
:10EDB00082817B8EA6909FB28A8A926E5F71625426
:10EDC000767B6D9196849598837E8D74718376742D
:10EDD00084847D828D7A7D89767A827E7B80AB9DEC
:10EDE00095B79D81887E57597651678C7E869CA009
:10EDF0007F9392687B7D6C71858377948C7A8B820C
:10EE000077767F7A728A827C98B6969BB7846F8673
:10EE1000654B68745D7CA08090A6897C887D647851
:10EE20008170829386848E85727C7B7079838481E5
:10EE30008C8D7B9BB48997A77F677A6E4B6B826AB8
:10EE400080A19084938D6E72826E718A87828C927B
:10EE500081798574707A7E7B828F86858B7DA0A96F
:10EE60008A9B9F7D6C776D4C707D6A8A9A8F8D939B
:10EE70008D717A7D69788381848C917E83837374AC
:10EE80007A7B78858A83888D7AA3AC88999F7F68FE
:10EE9000796F4D71806D8498968095926B7D7C70B2
:10EEA00071818A788F927E85827C71797F73828866
:10EEB00083878690AB99929E8F7271795B5E7A732D
:10EEC000748D95898B96817681787177857D809117
:10EED000878286837A758078768580838390AF94E5
:10EEE00097A190756F7B595B7A6D7688958B879D1E
:10EEF000807A82797274857B7C90858486867B7823
:10EF000081787681808080A1A48EA09F8979837585
:10EF10005E6F776B7488877E8F907E82867D74802B
:10EF200082778287827F88847A82807A7B808178E8
:10EF300096A28B99A58F7E8A82656F7D686D82818E
:10EF400076878F7C818B817784867780897F7D86A9
:10EF5000857A8086797B837E7D999789979B877F49
:10EF60008B7C6B7A7A6E74827D7587857A828780D6
:10EF70007A87847A84867F7F86827B82827B7D808B
:10EF8000898E8C93928E8A89857B7C7B7577797A42
:10EF9000787C7F7B7F80807E81837F828482828376
:10EFA000848082837F807F878C878E908D898B8AF7
:10EFB0007F81807B7A7B7C777A7D797B7D7E7C7E8E
:10EFC000827E8082828183858282848280878C8611
:10EFD0008A8E89868887807F817C797C7C787A7D1F
:10EFE0007B7A7D7E7B7D807E7E8182808284828230
:10EFF000848383888988898B898788868282827FB7
:10F000007D7E7D7B7C7D7C7B7D7C7C7C7D7D7D7E37
:10F010007F7E7F808080828486878989898A8A89A9
:10F02000878685838281807F7E7E7D7D7D7C7C7DE1
:10F030007C7C7C7D7D7D7D7D7E7E7F8384858787D6
:10F0400088898A89888787868584838181807F7F74
:10F050007E7D7D7D7D7C7C7C7C7D7D7D7D7E8183D8
:10F0600084868788898A8988878685858382818145
:10F07000807F7F7E7E7E7E7E7D7D7D7D7D7E7D7DB3
:10F080007F82848687878889898887868584848229
:10F09000818080807F7F7E7E7E7D7D7D7D7C7C7D8E
:10F0A0007D7D7E808385878788898A898887858416
:10F0B000848382818080807F7F7E7E7E7D7D7D7C5B
:10F0C0007C7D7D7D7F8183868788898A8A89888700
:10F0D000858484828180807F7F7F7E7E7D7D7D7D33
:10F0E0007D7D7D7D7E7E818385878889898A8A88EA
:10F0F000878685848381807F7F7E7E7D7D7D7D7D0B
:10F100007D7D7D7E7E7F7F818385878889898A8AD0
:10F1100088878685848281807F7E7E7D7D7D7D7DE2
:10F120007D7D7E7E7E7F7F808284868788898989B7
:10F1300089888785848381807F7E7D7D7D7D7D7DBF
:10F140007D7D7E7E7E7F7F808283848586868787A5
:10F150008686858483828180807F7F7E7E7E7E7EA0
:10F160007E7E7E7E7E7F7F80818283838484858590
:10F17000848484848383828281818180807F7F7F75
:10F180007E7E7E7E7E7E7E80808081818282828283
:10F19000828282828181818080807F7F7F7F7F7F6A
:10F1A0007F7F7F7F7F7F8182828282828282818154
:10F1B00080818180807F7F7F7F7F7F7F8180818250
:10F1C000818081808181807F7F83817E807E7E813E
:10F1D0007F7F7E7F82807E7E7D7F84817F817F8135
:10F1E000807D8082837E7F827E817D7E8180817E24
:10F1F00080807F80828082837F807E7F837D81810B
:10F200007E81827F82807E837D8381808080817DFC
:10F21000827F81817F808281807C85827B838081E7
:10F220007C7D80807F7F857F82837E827F82807FDE
:10F2300080817F807F817D83827F7E85827D8184C6
:10F240007D7D827F7E837D7F81827D7C88837784C4
:10F2500085827B7F877E7983837C7C81817E7F82B0
:10F26000827F82827E81837F7F8183807F81837D95
:10F270007F8180807F808180817E7E81817E7E8390
:10F2800083807F8182807F80838987848587858052
:10F290007F80817E7D7F7F7D7C7D7D7D7D7E7F7F8C
:10F2A000808181838B8A86858787847F7E80807E2C
:10F2B0007B7C7E7E7B7A7C7E7E7D7E818281828F5E
:10F2C0009A98928E8F8D847B797C7D7875777B7808
:10F2D000716E72797D7D7F858B8D99A9AFA89A8E8D
:10F2E0008A857B706C7176756F6D70747270737CCB
:10F2F0008589898B90A1B2B1A39186837E736A6858
:10F300007075736E6C717576767A848E91908F912C
:10F31000A2B4B6A89386817A6E63606970716D6CD1
:10F32000737B7E7D7D85909695908E9EB5BCAD90CD
:10F330007973726D625B63707876707078808382A7
:10F34000868F989B948D99B3C4BA967261646D6AE6
:10F35000605E67787F7B74727C878B8C8C929897C9
:10F360009094A7B9B6997460616C6F676067768393
:10F3700081777075849095918D8C8E8D8E9AADBAB3
:10F38000B0906C57596771726C6C757F86837D7B0A
:10F3900080899092908C89868FA2B5BAA785625198
:10F3A0005667787D797473798185858181858C91A3
:10F3B000918C838292ACC0BA9C73544F5D727F7EF5
:10F3C0007670737C878C8A8480818890928C848606
:10F3D00097B1C1B9986B473D4E708E9B927D6A6420
:10F3E0006D81939C988D817C7D828894A6B8BEAFF8
:10F3F0008F674943577C9FAEA384624F536C8DA5A2
:10F40000AB9E8772686C7A8FA8BDC6BB9F78564347
:10F41000485F7E969D927C685F667A91A1A49A89E6
:10F42000776E6D798EA8BCC1B2936E5248526B87CD
:10F430009A9C8E78655E677B91A0A29886766D6EA9
:10F440007D97B3C5C3AD8A654C4756718C9C9B8B29
:10F4500075625C6579909FA39A89786D6D7B93AE98
:10F46000BFBEAA8967504B59728B9B9A8A75625BA3
:10F4700062758B9CA29B8C7B706D778AA2B4B9AEAF
:10F480009679615659697E8F9590827267656E7D17
:10F490008D969891857A74758193A5AFAC9E88728C
:10F4A000625D6473838E90897C70696A727F8A91D1
:10F4B000918B837C797C8594A2AAA89B89756660D0
:10F4C00064707E898E8A82776F6C7078838A8E8E64
:10F4D0008A847F7C7F8A98A3A6A093817166636AE1
:10F4E00077838A8B867D746E6E747E878E908D870F
:10F4F000807A777A8593A1A8A397867468636875E4
:10F50000828C8E8A8277706D727B858C8F8C867FE1
:10F510007876787F8D9BA4A3988B7D726E6E7680B3
:10F52000878A87817B7573747981878A8A87827DD0
:10F530007A7A7C80848E979D9C93897F7874747985
:10F54000808586837E7A7675767B818688888581BC
:10F550007E7B7C7D818489909798948C857F7A7856
:10F56000797D818483807D7A79787A7E82848584AE
:10F5700082807E7D7E808283858A8F94938F898529
:10F58000807D7B7C7F81817F7D7B7A797A7D8082A3
:10F59000838382817F7F7F8082838382848A8E922D
:10F5A000908C8984807D7C7E8081807E7D7B7A7951
:10F5B0007A7D808182828181807F80818383838242
:10F5C00084898E908F8C8885817F7E7F8181807EEB
:10F5D0007C7B797A7A7C7F80818180807F80818248
:10F5E0008383838284898D908E8B888583817F80BD
:10F5F00080817F7D7C7A7A7A7A7B7D7E7F7F7F7F38
:10F6000080808182828383838284888B8D8C8A89A7
:10F6100087868482828281807F7D7C7C7B7B7B7BF2
:10F620007C7D7D7D7E7E7F7F8080818282828283E1
:10F6300086888A8B8A898988868584838382817F6C
:10F640007F7E7D7D7C7C7C7C7C7C7D7D7E7E7E7FE8
:10F650007F80808181818284868788878888878768
:10F660008585848383828180807F7E7E7E7D7D7D93
:10F670007D7D7D7D7E7E7E7F7F7F7F80808082839B
:10F68000858686868787878685858484838281812F
:10F6900080807F7F7E7E7E7E7E7D7D7E7E7E7E7E86
:10F6A0007F7F7F7F80808081838484848585868539
:10F6B000858484848383828281818080807F7F7F30
:10F6C0007F7E7E7E7E7E7E7E7E7E7F7F7F7F7F8052
:10F6D00081828283838484848483838383828282FD
:10F6E000818181808080807F7F7F7F7F7F7F7F7F20
:10F6F0007F7F7F7F7F7F7F7F808182828282838303
:10F7000083828282828282818181818180808080E5
:10F71000807F7F7F7F7F7F7F7F7F7F7F7F7F7F7FF8
:10F7200080808181818181828282828181818181C7
:10F73000818181808080808080807F7F7F7F7F7FCC
:10F740007F7F7F7F808080808080808181818180B9
:10F7500080818181818180818080808080808080A3
:10F760007F7F80808080808080808080808080809B
:10F770008080808080808080808080808181808087
:10F780008080808080808080808080808080808079
:10F7900080808080808080808080808080817F7F6A
:10F7A0008080807F7F8081807E808181808080805A
:10F7B0008081807F8081817F7F8181807F80808048
:10F7C0008080817F80817E7E8281807F8182828134
:10F7D0008082827F7F82817C7F7F7E7F807E80822D
:10F7E0007E7F82807E808081828080818080827F17
:10F7F00081808081808081817F7E83827E80818103
:10F800007E7E7E80807C83807F83808081838081F8
:10F810008181837D82807F80818080827F827F7FE3
:10F82000817F80837F7F8180807F837E82827E80D4
:10F8300080807E808080827F7F837F80817F8181C6
:10F840007E81807F807F827F80817F8280808180B7
:10F8500080817F827F7F808081807F8180818081A5
:10F86000817F808080807F8080807E817F80817F9B
:10F87000818080818080818080817F817F82808083
:10F8800080808080807F817F817F817F81817F8177
:10F890007E827F807F827E817F817F808080818069
:10F8A0008080807F818081807F8180808081817F56
:10F8B0007F80827F8181807F80817F808080808047
:10F8C00080818080817F7F80808082807F807F8137
:10F8D0007E837F8180807F81808080808080817E28
:10F8E000837E817F827E837E81807F80807F808215
:10F8F0007E837F827F817F817F817F80807F807F09
:10F900008180817E807F81808180817E80808081F6
:10F9100080808080807F81808080807F80807F81E8
:10F92000807F80817F8080808081808080817E81D7
:10F93000807F817F80817F8080808180807F7F80C9
:10F940008080827E807F807F827F80817F818080B7
:10F95000808180807E827F80807F808080808180A7
:10F96000807F818080818080807F81807F817F8097
:10F9700080817F827E817F808080808080807F7F89
:10F98000817F817F817F817F817F8180807F808077
:10F9900080817F817F817F8180807F807F80807F69
:10F9A0008180807F827F807F8080808080807F8157
:10F9B0007F808080808080817F818080817F808047
:10F9C00080808080817F808080818080817F818035
:10F9D0007F80817F817F7F7F807F818080817F8129
:10F9E0008080808180817F8180808080807F807F17
:10F9F000817F808181808180818080808081808002
:10FA00007F807F817F8080818080808080808180F6
:10FA100080808080808080808080808081808182E2
:10FA2000818281808281818180818180817F8080CB
:10FA30007F807F807F7F807F7F7F7F7F7F7F7F7FD3
:10FA40007F807F80808181818181818181818582A8
:10FA5000868785888787878684858182817E807D69
:10FA60007D7D7C7C7D7C7F7D7E807F8081808381AD
:10FA7000828380838181827F87828789868B8A893E
:10FA80008B8887888284807E7F7B7B7B79797B787B
:10FA90007D7B7D807F828383858585868584858344
:10FAA000828286828688858C88898B8788878385F1
:10FAB000807F7E7A7B79787979787C797D7E7E8289
:10FAC00081848584868684878384828586838A86EA
:10FAD000898B888A8986878482827E7D7C797A7800
:10FAE000787979797D7B7F8080848385868486841C
:10FAF000868385818287818988868C88898B86899F
:10FB0000858482807E7C7A7979787879797B7C7D2E
:10FB1000807F8283838685858783868382828882AD
:10FB2000888A858E898A8C8689868382807C7D7985
:10FB30007879757A77797C7B7F7F818384858586E8
:10FB4000858684858383808982878B858D8B898D4B
:10FB500088878782807F7A7A7A757976767A787BD9
:10FB60007D7D81828485868587878487828382865E
:10FB700086858D868C8E878E87878682807E7A7931
:10FB8000797577777679797B7E7F8184848688859D
:10FB90008886858583818588828D898891888C8CEB
:10FBA0008687857E7E7C767975747774787A7A7E9E
:10FBB00080808585858985898685868281858882FC
:10FBC0008C8A8892898B8C8685847D7C7B75777501
:10FBD00072777577797C7D81828386868787878631
:10FBE000858581828A85888F888E90898C8A848297
:10FBF000807978787175737278767A7D7F82848661
:10FC00008789888888858583817E89858492888C88
:10FC100094888C8A83807F79747771707671777A13
:10FC20007A808285858988878986848580817D819F
:10FC30008A828B918B90928C8A8A837C7E76727575
:10FC400070717475797B80818389868A8A888986B8
:10FC5000868381817B8788828F8D8D8F908B85892C
:10FC6000807A7C747374727475797A7E82828687E6
:10FC7000888988878484827F7F7B8489838C908E27
:10FC80008F8F8D8786817B7A7674737475767A7C94
:10FC90007F8283868686878585838281807E7F8931
:10FCA0008B898E93928D8D8B85817D7A7876757513
:10FCB0007677787B7D7F8082848485848484838347
:10FCC0008281878C8A8B8F918E8B8A87837F7B7AC8
:10FCD0007977767778787A7B7D7E7F80818283845E
:10FCE0008484848483898E8B8A8D8D898584817EAA
:10FCF0007C797A7A7879797A7A7B7C7D7F7F808249
:10FD00008283848484848483888D88888A8A878394
:10FD100082807F7C7A7B7B7A7A7A7C7C7C7D7E7F1A
:10FD20007F808282838383848383848B8B88898989
:10FD30008A868281807F7B7B7C7B7B7A7B7C7C7CE0
:10FD40007C7E7F80808182838383838483878D8C84
:10FD50008B8A8B8B86827F7F7E7A78797B7A7979A2
:10FD60007B7D7D7D7E808181828384858484848582
:10FD70008C908F8D8B8D8C87817C7D7B787675794F
:10FD80007979797A7D7E7E7E80838383838486857C
:10FD90008584899295948F8F908E877E7B7C7A76EE
:10FDA000727477787777797D7E7D7E808384838493
:10FDB0008587878584889194918C8B8E8B847C79C0
:10FDC0007B7A767374797A79787B7F80807F81847F
:10FDD000858483858686848186909695908E8F8F84
:10FDE000887E797879777373757A7B7A7B7D828266
:10FDF00082818386868583848584827F848E96989B
:10FE0000928E8E8E897E77757776737174797C7C0D
:10FE10007C7E828585848486878684828283827FB5
:10FE20007D818D979A948F8E8D897F777375767487
:10FE30007273787C7E7E7F838687868585868684BE
:10FE4000818080807E7C7C86939C9B948E8C8B842E
:10FE50007A737174757473757A7F818080838687F5
:10FE6000868485868683817F7F7F7D7C7A81909D55
:10FE7000A1988F89878278706C71767877777C818A
:10FE8000848280828485828182848583807E7E7F55
:10FE90007E7C7C7D8191A3ACA4918077746F6B6A2A
:10FEA000727E8585807E7F807E7C7E838989858247
:10FEB00080807E7B7A7D828483807F807F879FB5F0
:10FEC000B79C78605E676D717A8A9693837470755B
:10FED0007B7C808894978C7C7071767B7E838B8E04
:10FEE000897D75757B7F839DC1D0AF70403A577512
:10FEF0008892A0A89A7A5A576A838D8E9298947D98
:10FF0000645F7189928C8484847C72717D8B8E8411
:10FF10007B7C99C1D0AA622C2A588FB2B7A98F6F67
:10FF200051455A89B4BB9B725D62717D86919993EC
:10FF30007F6A6676888F888281837E76747D879ECD
:10FF4000C2D2AC57161A63B2D7C3946A504A577CD0
:10FF5000A7BDAA7D59556D858F8E8D8E8675686B70
:10FF60007F9092877D7D7D7C7679838D8B94B7C8D9
:10FF7000A34C0F267FD4DEA6664D5A6B78879DADC5
:10FF80009A75565B7991958884868677686C819698
:10FF9000978676747B7F7B7E848C8A7B78A4CABAB2
:10FFA000691C1E6BC7DBAA694F61747D7F8FA1A09E
:10FFB000815F59708F978E8280847A706C7D929762
:10FFC0008C7772767F837F83868B8279707DB2D0C7
:10FFD000B6611A206DC7DCAE6D4C59708287929F56
:10FFE0009983605A6B8C9D95877C7B7872717C902D
:10FFF0009A917A6A6B7B8A8E88827D7E7A7A7789FB
:020000040201F7
:10000000B5CAAF5A1C2173CCE3B2653F4E739093CF
:100010009591907E675D6B8BA29F886E68708087DC
:100020008A8887837B73737C898E8B7E77757C82CD
:10003000858388AAB8A35F2A3076C9DFAF5F3145D0
:100040007AABAB957770767A7977818F978D776871
:10005000697D8E968A7D74757D8185838483807D9C
:10006000787B7E86898392A4A788553A5191C7C62A
:1000700093523B568CAEAA8A6C68738385828084C7
:100080008A877D71717C8B928B7F76757B8285856B
:1000900082817E7E7C7E7F82848292A5A98D5B3C5C
:1000A0004982BACBA6694045709FB2A3806762714E
:1000B000838E8B847D7F80817E787A7F898B887D1B
:1000C00076747A858A8A827B787A8083857F839822
:1000D000AAA98354374E86BFCEA96C3E40689CB611
:1000E000AC8A675D67808E9389807B7C7F7F7B7B1A
:1000F0007D86898A827A74777D878A89817B777AFF
:100100007F8584899AA7A481563C4E82B8CCAE756F
:10011000443C5F91B4B3956F5A60768D9690827827
:10012000777C82827F7B7E828988837A75777E88DE
:100130008B898079757A81858D9DA9A381573B4BE9
:100140007CB5CCB67E48385186B1BCA27859546A89
:10015000879C9A8C7971737D8586827D7D82868667
:10016000807A757A81898B877D77757B81899EAA54
:10017000AB8A5F3A406BA7CEC79659363E6CA1BF9B
:10018000B59066515976929F9885746E7580878672
:10019000817D7D8287868178757781898D897F775A
:1001A00073778EAABBA979432B4584C6DDC07C3FFB
:1001B000294582B6CAAE81564B5E809DA1957B7063
:1001C0006E7B8789847A787A878C8D81756F73804E
:1001D0008D928D7F746D7A97B6BE9E66312A539D3F
:1001E000D6DEB0662F265391C4C9A8744E4B6388DF
:1001F000A0A2917A6E6F7C8588827B797F888C89BA
:100200007D737077848F91897D70738DAFC3AE7865
:100210003B223E84C9E5C6813E243F7BB3C9B488F6
:100220005C4E5B7A959E958276737B8185807B7927
:100230007F888D8B7E736D73808E958E82727890A1
:10024000AFB79B673731589CCED5AB6A3932588EE1
:10025000B8BEA2795955678495998D7F77777C814F
:10026000807E7B7E838A89857A74737B848C8D877C
:100270007C8191A9AD966941395A93C3CEAE764738
:10028000395380A9B6A685685D667989918D868087
:100290007E7F7D7D797A7D848A8B877E7774787F77
:1002A000888A85878F9EA2957554465680AAC1B3C9
:1002B0008D60484D6D91A9A9957C68656E7D898D8D
:1002C0008B85827F7E7C7A797B80868988817C772A
:1002D000787C8385909BA7A48E6B4C445A85AFC2D3
:1002E000B38B60484D6B8EA7A9997F6D656D78853E
:1002F0008A8B888683807C7775777E878D8E877ED4
:100300007473757E889BA9AF9E7D5640476B9ABCDF
:10031000C1A67A5547567596A7A5917C6C69707AE7
:10032000848889878784817C7775787E868C8D86A2
:100330007F7675758194A8B2A4855A41436493B8B9
:10034000C2AA825A49527090A3A49581716C7078A8
:100350007F8486888988847D7773757C858C8D8879
:100360007F7874768599ADAE9A744F404E77A3BF6F
:10037000BA9C72534C5E7C97A39E8D7B706E747A90
:10038000818387878986827C7674777F878C8B854B
:100390007D77757F92A6AB9D7C59464E6F99B6B816
:1003A000A07A5B4F5B7691A09E907E726F737A808D
:1003B0008486868785837D7976787D84898A868020
:1003C00079798596A6A3906E544A5D80A4B7AE91C4
:1003D0006D5653678198A0998878706F767E848671
:1003E0008686858683807A76767B82898C898586E7
:1003F0008E97978B745F55627C9CAEAB93745C5602
:10040000647D959F9B8B7A6E6D737D8486868483D5
:100410008383807D79787A81868A888A8C93958F88
:100420007F6A5E5E7089A2A89E856C5C5E7086970E
:100430009C9485766F70798087878682807F7F7FA6
:100440007D7D7D7F828585898E95968E7E6B5F60B2
:1004500071889DA49B877062637082919691867A61
:100460007474797F8486858381807F7F7E7E7D7FA3
:1004700080848B9298948977686068798F9D9E922A
:100480007F6E656A778791938D817873767B82859D
:10049000868582807E7F7E7F7E7F8083899197950F
:1004A0008B7A6B6367768A999C938272696C768487
:1004B0008E908C837B76777B8084858482807F7F1F
:1004C0007E7F7E7F80848B929692867669656D7C36
:1004D0008E98988D7E716C707B878D8E88807977F1
:1004E000797D8284858381807F7E7E7E7F80838903
:1004F000909392887B6F696D798892938C807470E9
:10050000727B858C8C88817A78797D8184848482E1
:10051000807F7E7E7E7F80858A90928F857A706EC6
:10052000727C878D8D867D7573767D85898A8681BF
:100530007C7A7B7D808283838281807F7E7D7E82C8
:10054000878D918F887F7672737A83898B867F7887
:1005500074767B81868786837F7D7D7E7F818282A4
:10056000838281807F7D7E81868B8E8D8780797668
:10057000787D848888847E7977787B7F8283838185
:100580007F7F7E7F7F80808183838382807F808264
:10059000868A8A88847F7B7B7D808384827F7C7B44
:1005A0007B7C7D7F7F7F7F7F7F808080808081825A
:1005B0008283828281828385858482807F7E7F8020
:1005C0008181807E7D7D7D7E7F7F807F7F8080803A
:1005D000808080818181818181808081828383820A
:1005E000817F7E7E7F808181807F7E7E7F7F808015
:1005F00080808080808080808080818181818080F7
:10060000808081828281807F7F7F80808181807FE6
:100610007F7F7F80808080808080808080808080DD
:10062000808080808080808081818180807F7F80C9
:1006300080818180807F7F7F8080808080808080BB
:1006400080808080808080808080808080808080AA
:10065000808080808080808080808080808080809A
:10066000808080808080808080808080808080808A
:10067000808080808080808080808080808080807A
:10068000808080808080808080808080808080806A
:10069000808080808080808080808080808080805A
:1006A000808080808080808080808080808080804A
:1006B000808080808080808080808080808080803A
:1006C000808080808080808080808080808080802A
:1006D000808080808080808080808080808080801A
:1006E000808080808080808080808080808080800A
:1006F00080808080808080808080808080808080FA
:1007000080808080808080808080808080808080E9
:1007100080808080808080808080808080808080D9
:1007200080808080808080808080808080808080C9
:1007300080808080808080808080808080808080B9
:1007400080808080808080808080808080808080A9
:100750008080808080808080808080808080808099
:100760008080808080808080808080808080808089
:100770008080808080808080808080808080808079
:100780008080808080808080808080808080808069
:100790008080808080808080808080808080808059
:1007A0008080808080808080808080808080808049
:1007B0008080808080808080808080808080808039
:1007C0008080808080808080808080808080808029
:1007D0008080808080808080808080808080808019
:1007E0008080808080808080808080808080808009
:1007F00080808080808080808080808080808080F9
:1008000080808080808080808080808080808080E8
:1008100080808080808080808080808080808080D8
:1008200080808080808080808080808080808080C8
:1008300080808080808080808080808080808080B8
:1008400080808080808080808080808080808080A8
:100850008080808080808080808080808080808098
:100860008080808080808080808080808080808088
:100870008080808080808080808080808080808078
:100880008080808080808080808080808080808068
:100890008080808080808080808080808080808058
:1008A0008080808080808080808080808080808048
:1008B0008080808080808080808080808080808038
:1008C0008080808080808080808080808080808028
:1008D0008080808080808080808080808080808018
:1008E0008080808080808080808080808080808008
:1008F00080808080808080808080808080808080F8
:1009000080808080808080808080808080808080E7
:1009100080808080808080808080808080808080D7
:1009200080808080808080808080808080808080C7
:1009300080808080808080808080808080808080B7
:1009400080808080808080808080808080808080A7
:100950008080808080808080808080808080808097
:100960008080808080808080808080808080808087
:100970008080808080808080808080808080808077
:100980008080808080808080808080808080808067
:100990008080808080808080808080808080808057
:1009A0008080808080808080808080808080808047
:1009B0008080808080808080808080808080808037
:1009C0008080808080808080808080808080808027
:1009D0008080808080808080808080808080808017
:1009E0008080808080808080808080808080808007
:1009F00080808080808080808080808080808080F7
:100A000080808080808080808080808080808080E6
:100A100080808080808080808080808080808080D6
:100A200080808080808080808080808080808080C6
:100A300080808080808080808080808080808080B6
:100A400080808080808080808080808080808080A6
:100A50008080808080808080808080808080808096
:100A60008080808080808080808080808080808086
:100A70008080808080808080808080808080808076
:100A80008080808080808080808080808080808066
:100A90008080808080808080808080808080808056
:100AA0008080808080808080808080808080808046
:100AB0008080808080808080808080808080808036
:100AC0008080808080808080808080808080808026
:100AD0008080808080808080808080808080808016
:100AE0008080808080808080808080808080808006
:100AF00080808080808080808080808080808080F6
:100B000080808080808080808080808080808080E5
:100B100080808080808080808080808080808080D5
:100B200080808080808080808080808080808080C5
:100B300080808080808080808080808080808080B5
:100B400080808080808080808080808080808080A5
:100B50008080808080808080808080808080808095
:100B60008080808080808080808080808080808085
:100B70008080808080808080808080808080808075
:100B80008080808080808080808080808080808065
:100B90008080808080808080808080808080808055
:100BA0008080808080808080808080808080808045
:100BB0008080808080808080808080808080808035
:100BC0008080808080808080808080808080808025
:100BD0008080808080808080808080808080808015
:100BE0008080808080808080808080808080808005
:100BF00080808080808080808080808080808080F5
:100C000080808080808080808080808080808080E4
:100C100080808080808080808080808080808080D4
:100C200080808080808080808080808080808080C4
:100C300080808080808080808080808080808080B4
:100C400080808080808080808080808080808080A4
:100C50008080808080808080808080808080808094
:100C60008080808080808080808080808080808084
:100C70008080808080808080808080808080808074
:100C80008080808080808080808080808080808064
:100C90008080808080808080808080808080808054
:100CA0008080808080808080808080808080808044
:100CB0008080808080808080808080808080808034
:100CC0008080808080808080808080808080808024
:100CD0008080808080808080808080808080808014
:100CE0008080808080808080808080808080808004
:100CF00080808080808080808080808080808080F4
:100D000080808080808080808080808080808080E3
:100D100080808080808080808080808080808080D3
:100D200080808080808080808080808080808080C3
:100D300080808080808080808080808080808080B3
:100D400080808080808080808080808080808080A3
:100D50008080808080808080808080808080808093
:100D60008080808080808080808080808080808083
:100D70008080808080808080808080808080808073
:100D80008080808080808080808080808080808063
:100D90008080808080808080808080808080808053
:100DA0008080808080808080808080808080808043
:100DB0008080808080808080808080808080808033
:100DC0008080808080808080808080808080808023
:100DD0008080808080808080808080808080808013
:100DE0008080808080808080808080808080808003
:100DF00080808080808080808080808080808080F3
:100E000080808080808080808080808080808080E2
:100E100080808080808080808080808080808080D2
:100E200080808080808080808080808080808080C2
:100E300080808080808080808080808080808080B2
:100E400080808080808080808080808080808080A2
:100E50008080808080808080808080808080808092
:100E60008080808080808080808080808080808082
:100E70008080808080808080808080808080808072
:100E80008080808080808080808080808080808062
:100E90008080808080808080808080808080808052
:100EA0008080808080808080808080808080808042
:100EB0008080808080808080808080808080808032
:100EC0008080808080808080808080808080808022
:100ED0008080808080808080808080808080808012
:100EE0008080808080808080808080808080808002
:100EF00080808080808080808080808080808080F2
:100F000080808080808080808080808080808080E1
:100F100080808080808080808080808080808080D1
:100F200080808080808080808080808080808080C1
:100F300080808080808080808080808080808080B1
:100F400080808080808080808080808080808080A1
:100F50008080808080808080808080808080808091
:100F60008080808080808080808080808080808081
:100F70008080808080808080808080808080808071
:100F80008080808080808080808080808080808061
:100F90008080808080808080808080808080808051
:100FA0008080808080808080808080808080808041
:100FB0008080808080808080808080808080808031
:100FC0008080808080808080808080808080808021
:100FD0008080808080808080808080808080808011
:100FE0008080808080808080808080808080808001
:100FF00080808080808080808080808080808080F1
:1010000080808080808080808080808080808080E0
:1010100080808080808080808080808080808080D0
:1010200080808080808080808080808080808080C0
:1010300080808080808080808080808080808080B0
:1010400080808080808080808080808080808080A0
:101050008080808080808080808080808080808090
:101060008080808080808080808080808080808080
:101070008080808080808080808080808080808070
:101080008080808080808080808080808080808060
:101090008080808080808080808080808080808050
:1010A0008080808080808080808080808080808040
:1010B0008080808080808080808080808080808030
:1010C0008080808080808080808080808080808020
:1010D0008080808080808080808080808080808010
:1010E0008080808080808080808080808080808000
:1010F00080808080808080808080808080808080F0
:1011000080808080808080808080808080808080DF
:1011100080808080808080808080808080808080CF
:1011200080808080808080808080808080808080BF
:1011300080808080808080808080808080808080AF
:10114000808080808080808080808080808080809F
:10115000808080808080808080808080808080808F
:10116000808080808080808080808080808080807F
:10117000808080808080808080808080808080806F
:10118000808080808080808080808080808080805F
:10119000808080808080808080808080808080804F
:1011A000808080808080808080808080808080803F
:1011B000808080808080808080808080808080802F
:1011C000808080808080808080808080808080801F
:1011D000808080808080808080808080808080800F
:1011E00080808080808080808080808080808080FF
:1011F00080808080808080808080808080808080EF
:1012000080808080808080808080808180808080DD
:1012100080808080808080808080808080808080CE
:1012200080808080808080808080808080808080BE
:1012300080808080808080808081808080808080AD
:10124000808180808080808080808080808080809D
:10125000808080807F81808080817F80817F80818D
:101260007F80818080817E81808081807F8180807D
:101270007F817F81808080808080808080817F816D
:101280008080807F807F81817F81807F818080815D
:101290007F818080807F8080817F817F80817F804F
:1012A00080808080808081807F818080818080803C
:1012B0007E80817F8080807F81808081807F817F30
:1012C00080808080807F817F808081807F8080811E
:1012D0007F827E827F8080808180807F827F80810C
:1012E0007F8080807F827F7F817F818080827F81FD
:1012F0008080817F81808080807F8180807F817EEF
:10130000817F827F818080807E8181808080807FDC
:1013100081808080807F817F80808080807E827FCE
:101320008080817F81817E827F807F827D81807FBE
:10133000817F82807F817F81808080807F817F81AB
:10134000807E808180817F8080807F8080817F819E
:1013500080807F7E82808080817F7F81808081808D
:101360007F817F818080817F7F827E818082807F7C
:1013700080817F81827E81817F80817F807F7F806D
:101380007F81817F7E818081817F8180807F81815B
:101390008080807F7F817F81817F81807F82807F4D
:1013A000817F7F817E80817F7F837F7F817F80813E
:1013B00080818080807F837E837E8080807F81812A
:1013C0007F827E80817F7E827F81807E827F817F1F
:1013D000827F817E81817E807F7F7F817F81817E10
:1013E00081808080807F80817F81807F817F8180FC
:1013F0008080818080817F817E817E827F80817FED
:101400007F807F7F827D827F7F81807F827F7F80E0
:1014100080817F817F7F80807F817F828080807FCD
:101420007F81817E837D81807F80817F81807E82BC
:10143000808180827E81808080808080817F827FA9
:101440008080807F82807F817E827E827F8180809B
:101450007F80817F817E827F8080807F81807F818D
:101460007F817F8180827F817F80807F8080807F7D
:10147000827E827E8181807F81817E827F81808168
:101480007F817F80807F817F8080807F818181805C
:101490008081808081817F81807F807F808080804B
:1014A000808080807F807F807F808080808080803F
:1014B0007F7F807F81807F807F7F80807F81808130
:1014C0008180818081808482838482848282818100
:1014D0008080807F7F7E7F7E7F7E7F7E7F7F7F801C
:1014E0007F808081818082818281818281818783E6
:1014F000878A858B898789868483817F7F7C7B7CB3
:10150000797B7A7A7C7B7D7E7E80818083828184F8
:101510008182827F827E84898292898E938B918C54
:101520008A8885807F7B78797476767579787B7FF9
:101530007E838385888588878687838580827C8370
:10154000887D92858A9487918E878C8680837C792A
:101550007C747579717A7877817A828481898586BD
:101560008A8587868383827E7F887E8A8C83948A1D
:101570008B93858D8782827F7A7A78747874767877
:10158000787B7E7E81848487878788858684838232
:10159000807D82877F8F898697858F91828E847EDA
:1015A0008479787B73757972797B77807F7F878385
:1015B000858A8587888484847E817F7885847E92ED
:1015C000878A97889091858A877C827B747C7274E5
:1015D00079727A7A7A8180838686878888848882FD
:1015E00082837B807B7B7A87828696849595889799
:1015F0008986897E7D7A77717771737A737D7F7E34
:10160000878588888A8688878183807B7F7A7A7BB2
:101610007A798B838A998B959A8A948C82857B7749
:1016200074746E7376727D7D7E8785888B898989D7
:101630008782837F7B7E787A7B787D7C7C859088AF
:10164000979A8E9B93898E817D7A74706F726E7477
:101650007A778183838B888C8A88898384807C7E57
:101660007A797B797B7C7D7F818192908D9F93912C
:10167000988986847C7773756E7177727B7D7F85A0
:10168000848988888A85878380827D7E7C7C7C7B38
:101690007E7C7F807F8381838381838C948C8F93F6
:1016A0008987827E797375737376787C7E81858471
:1016B0008686868783858281817E807E7D7E7D7E13
:1016C0007D7E7F7F81808182818381818C908D8CE2
:1016D0008E8B84807D7975747676777A7D80818330
:1016E000858585858584838281807F7E7D7D7D7DE6
:1016F0007D7E7E7F80808181828282828181898DD0
:101700008A8A8988847E7C7A7777777A7B7C7F80E7
:10171000828182848383838383828281807F7E7EB1
:101720007E7E7D7E7F7F7F808081818181818181BE
:1017300081878B8A888686837E7B7A7A7A7A7C7D9B
:101740007E7F808180808181828283838382818188
:10175000807F7F7E7E7E7E7F7F8080808081818192
:10176000818081818085898987848483807C7B7B5B
:101770007C7C7C7D7F7F807F808080818182828273
:101780008282828180807F7F7F7F7F7F7F807F805A
:101790008080808080808081808287888885848422
:1017A000827F7C7B7C7D7D7D7E7F807F7F7F7F8055
:1017B0008081818283838282818080807F7F7F7F1E
:1017C0007F7F807F7F807F80808080808180828615
:1017D000888885838482807D7B7D7D7E7E7E7E7F02
:1017E0007F7F7E7E7F8081818182828282818180F3
:1017F00080807F7F7F807F807F7F7F7F7F7F8080F3
:101800008081808285878785838382807E7C7D7EC0
:101810007E7E7E7E7F7F7F7E7F7F808181818282D0
:1018200082828181808080807F7F8080807F7F7FB7
:101830007F807F8080808080838687868483838189
:10184000807D7D7E7E7F7E7E7F7F7F7F7E7E7F80B0
:10185000818181828282818181808080808080807C
:1018600080807F7F7F7F7F8080808080818486866C
:101870008583838381807E7E7F7F7F7E7E7E7F7F68
:101880007E7E7E7F80818181818282818181818152
:10189000808080808080807F7F7F7F7F7F8080804E
:1018A0008285858583838382817F7F7F7F807F7F21
:1018B0007F7F7F7F7E7E7F8080808181818181812B
:1018C0008181808080808080808080808080807F17
:1018D00080808284858583838282817F7F7F8080F0
:1018E0007F7F7F7F7F7F7E7E7F7F808181818181FF
:1018F000818181808181818180808080807F807FE3
:1019000080807F828485848282828181807F7F80C3
:1019100080807F7E7E7E7E7E7E7F7F8080808080D6
:1019200081818181818181818180808080808080AE
:10193000808080818384848282818181807F808095
:1019400080807F7F7F7F7F7F7F7F8080808080809F
:101950008080808081818181818080808080808082
:10196000808082848585838282818180808081815C
:10197000807F7F7E7E7E7E7F7F7F80808080808074
:10198000808081818181818181808181818181804B
:101990008284858583828282818080808180807F2D
:1019A0007E7E7E7E7E7E7E7F7F7F7F7F808080804A
:1019B00080818181818181818181858688868484FD
:1019C00084838180808081807E7E7E7E7D7D7C7D23
:1019D0007E7E7E7E7F808180808181828281818205
:1019E00082818386878885858584838180808080C5
:1019F0007E7D7D7E7D7D7C7C7D7E7E7E7E80808109
:101A0000818082828281818282838687888786869E
:101A1000868583818081807F7E7D7E7D7D7C7C7DCF
:101A20007D7E7D7E7F8080808081828282818282B5
:101A300084868788878887868583838181807E7E68
:101A40007E7E7D7C7C7C7D7D7D7D7E7F7F7F7F80BB
:101A50008181818181828587888888898887868439
:101A6000848382807F7F7E7E7D7C7D7D7D7C7D7D8D
:101A70007E7E7E7F7F80808080818183858688874F
:101A800089898888868685848281807F7F7E7D7D26
:101A90007D7D7D7D7D7D7E7E7E7F7F80808080815F
:101AA00084848686878888888787868584838281E0
:101AB000807F7E7E7E7D7D7D7D7D7E7E7E7E7F7F46
:101AC00080808082848585868787878786868584CF
:101AD00083828281807F7F7E7E7D7D7D7D7E7D7E17
:101AE0007E7E7F7F7F7F82848485868788878786C6
:101AF0008685848483828180807F7F7E7E7E7D7DDB
:101B00007D7D7D7E7E7E7E7F8183838485868786C4
:101B10008686868585848382828180807F7F7E7EA3
:101B20007E7D7D7D7D7D7D7E7E81838283858685B4
:101B3000858685848484838282818180807F7F7E84
:101B40007E7E7D7E7D7E7E7E7E808584838787848B
:101B5000858784828484818182807E7F7F7D7D7E73
:101B60007D7C7D7E7E7E7F807F7F878A85888C8856
:101B7000848888818386817E81817B7C7F7C7A7C5E
:101B80007D7A7B7E7D7C7E807E828B88888E8D8830
:101B9000898B848285817D807F7B7B7D7B797C7B4B
:101BA0007A7B7E7D7D808180838E8D8B93918A8CE4
:101BB0008D868186817B807D787B7B78787B7A7946
:101BC0007D7D7D808081818A928E97989091908A88
:101BD0008485817A7E7B76797775777877787C7A59
:101BE0007D807F84828C96909C9B9395908A85843F
:101BF0007E7A7C7576777376767578797B7D7F8053
:101C0000818583889690979F9396928A88837E7C1D
:101C100079777576737576747979797F7E80838329
:101C200084899493979F9496938A89827F7C78780D
:101C300076757475747578777A7D7D828183858FEA
:101C40009691A099939A8B8B887E817A7878757516
:101C5000757475767679797C7F7F838287988F9982
:101C6000A18F9C92888F808281787C78747774733E
:101C70007674767A797C807E83828F9592A3989908
:101C80009C8C918982867A7D7A747873737473736D
:101C90007776797E7A828085988B9C9E919F8F8EB5
:101CA0008F8386807A7E7677777375767478787886
:101CB0007D7B7F827F918F91A09399998D93898568
:101CC000867C7E7B7579747576757778797B7D7F78
:101CD000808186928D989B929C938E938487837A41
:101CE0007E76757773747774787A797F7F7F858055
:101CF00090908DA09098998B948886867C7E78763B
:101D00007773747574777A787E7E7F857E8B908BFF
:101D10009B94939A8D918D8587807D7D787679735C
:101D20007679737C797A817C81847E918B8E9C8C90
:101D3000979488938585877C7F7C767B76757A748B
:101D40007B797A7F7C808181838D8B8F988F96932E
:101D50008B928785887C817C777C757779757A7999
:101D60007A7E7D7F828083878E8B93948F958F8BF5
:101D70008E8486837C8079787A757878777C7A7C93
:101D8000807D83818284878E8B939490948F8D8CB9
:101D90008685827E7D7A787877767978797D7B8082
:101DA0008080848383898E8C9594929690908D8781
:101DB00087817E7E787878747876767A777B7C7C7B
:101DC000817F818481878E8A9693929890928F8862
:101DD00089827E7F787978747776767978797D7B59
:101DE0007E807E83818284898C8F94939695939252
:101DF0008D8A86837F7C79787776777678797A7C16
:101E00007D7E80808182828382898A8D939196955E
:101E100094948F8E8985817D7977757374737476C8
:101E200077787C7D7F818184848585848B8B8D937D
:101E30009194959293918C8B85807F78787572734D
:101E400073727676787D7D80848387878789868D97
:101E50008D8D9390929490918F8A8A84817F7978E6
:101E600075737372727476777B7C7F8182858586C9
:101E70008687858B8A8C908D919090908D8B8985AB
:101E8000817F7A7976747373737476767A7B7E81C8
:101E9000818484858686868589888A8C8B8D8D8DC4
:101EA0008C8B89878581807D7B7A7777767677774B
:101EB000787A7C7D7F808183838485848584838711
:101EC00086878A898B8C8B8B8B89888683827F7DA2
:101ED0007C7A7978777778787A7B7C7E7F8081824C
:101EE0008383838484838385858688878989898998
:101EF00089888886848381807E7D7C7B7A7A7A7AE1
:101F00007B7B7C7D7E7F7F808181828282828283D7
:101F1000848385858687878787878686858483826D
:101F200082807F7F7E7D7D7D7C7D7D7D7D7D7E7ED3
:101F30007F7F7F808080808081828183838384848F
:101F4000848484848483838282818080807F7F7F75
:101F50007F7F7E7E7F7E7F7F7F7F7F7F7F80808091
:101F60008080818181828282838283838282828255
:101F700082818181808080807F7F7F7F7F7F7F7F64
:101F80007F7F7F7F807F8080808080808080818154
:101F90008181818181818181818181818180808034
:101FA0008080808080808080808080808080808031
:101FB0008080808080808081818181818181818118
:101FC000818180808080808080808080808080800F
:101FD0008080808080808080808080808080808001
:101FE00080808181808081808080808080808080EE
:101FF00080808080808080808080808080808080E1
:1020000080808080808080808080808080808080D0
:1020100080808080808080808080808080808080C0
:1020200080808080808080808080808080808080B0
:10203000808080808080808080808080808080819F
:102040007F808080807F80807F8180818080808091
:1020500080808080807F8080808080808080817F81
:10206000808080818080818081808180808080816B
:102070007E817F8080808080817E81808080808161
:102080007F817F80817F817F8080808081807F8150
:102090007F80807F817F80817F8081807F827D8241
:1020A0007F80817F8080808080817F817F81817F30
:1020B0008081817E82807E81807E827F8180807F20
:1020C00080827E82807F80837E82807F827E81800C
:1020D0007F7F827F80817E81817F81817E80827E01
:1020E00081817E81817F817F807F81817F827D82EE
:1020F0007F8080818080817D827F8080807F8081E1
:102100007D847E81807E8180807F837E81808080CF
:102110007F80808180827D817F827F81817E827EBF
:10212000837E817F827E81827E81807F80808080AD
:10213000817F80827E81817F7F837E81817F817F9D
:102140008080817E81807F81807F80827E81807F90
:10215000817F807F827E81817E828080808080807E
:10216000807F827F8081807F81807F827F7F817F6F
:102170008081807F817F7F81807F827F7F80807F61
:10218000827F80827E81808080818080808180804B
:102190008080817F807F81808081807F808080813E
:1021A0007F8080817F808180817F817F807F81802F
:1021B000808180817F8080808080807F8080807F20
:1021C00080808080808181818183828383828381FA
:1021D00082818280838181817F8180807F817F81F4
:1021E0007F80807F817F81808080818081818181EB
:1021F0008185828685868687858685838381817FA2
:102200007F7E7E7D7D7D7D7E7D7F7F8080818182E2
:1022100081828281838181818080807F7F7F7E7FB8
:102220007F8381858686888988898885868382815F
:102230007E7E7D7B7B7B7A7D7B7D7F7E81818284C0
:1022400084848583848482838180807E7E7D7D7D7D
:102250007D8280858586888A898A8A878884858127
:102260007F7E7C7B7B79797A787C7B7D7E808183A5
:1022700083848584868485838381827E807D7D7D41
:102280007C827E848485878A878C888889848582FD
:10229000817E7E7A7C787A79797B7B7D7D807F8375
:1022A000828584858585858483828280807E7E7D0B
:1022B0007C827E8484858889878B888889848683CC
:1022C0007F807C7B7C787A79787B7A7B7E7E80824B
:1022D000808583848684858582848181807E7E7EDC
:1022E0007C837F8486848A888A8A8A888984868295
:1022F00080807C7C7A797879777B797B7D7D808022
:10230000828483858585858584848281817E807CA5
:1023100081818087838789888A8B878A8685847F65
:10232000807D7B7B787779767A787B7C7D7F8181F5
:102330008485848884868584848381817F7E7E7C75
:10234000837E8585848A89898B8A878B8386817E33
:102350007F7B7A7A777879767C797C7E7E818283BE
:102360008486848885858682848181807F7E7D7E47
:10237000827F8685868C888B8C8989888385807D01
:102380007F787B78767977787B797D7F7D83818490
:102390008684868684868484838380827E7F7E840E
:1023A000818589868D8B8C8C8B89898584807E7DC7
:1023B000797877757777767A787D7D7F8282848663
:1023C00085878885888584858182807E7E7D8380DF
:1023D0008487858B8B8B8D8C888C8585837D7F7A9C
:1023E00079787775787579797A7D7D81818383862F
:1023F0008586868586838581837F817C82847F8BA9
:10240000858A8D8B8B8E888B8882867D7E7B787883
:1024100077767877787C797F7E81838385858685DA
:102420008783868382837E827D7E7D857F87898583
:10243000908A8F8D8D8A8B8683847C7F7878777461
:1024400076757678797B7E7E81838486868786889A
:10245000858684838580837F8289818E898B928D16
:102460008F8F8A8A8980837C787B7176737175758A
:10247000757A7B7B837F8587848A87878A86858731
:102480008183827D808580888886908A8F8E8B8CE0
:10249000878782817B7B7775767176737678797C96
:1024A0007E818285858788868985878583838081EB
:1024B0007D83838289878B8D8D8D8E8B89898282A6
:1024C0007E7A7A76757573757578787C7D7F83836F
:1024D0008687868986878784848381817E81877FBA
:1024E0008C888892898F8D8A8A8683807E777A7499
:1024F0007476717775787A7C7F8083828784888709
:1025000085888385838181807E8683858D868E8E76
:102510008C8E8C8986857E7F7976787175737377DA
:10252000777A7C7F80848585888688878686848381
:1025300082817F7F8482858A888B8E8C8C8D878731
:10254000857F7F7A7776747374747578797C7F80F1
:10255000838486878787878785858382827F7F8339
:1025600082838886898B898A8A878685807F7D7A1F
:10257000797776777777797A7B7F7F818383858593
:102580008585858483838182808183828586868810
:102590008988888885858380807D7C7B7A79797A33
:1025A000797B7C7D7F7F808182838383838382822A
:1025B00082818180828282858486878687868584DF
:1025C0008381807F7D7D7C7B7B7B7B7C7D7D7F7F32
:1025D00080818182828282828182818181808181E7
:1025E00081828383848484858383838181807E7ECA
:1025F0007D7D7D7C7D7D7D7E7F7F808181818181F0
:1026000082818181818180808081808282828382B7
:1026100083838282818180807F7F7E7E7E7E7E7EBC
:102620007E7F7F80808081818181818181808080A7
:102630008080808080818181818081808080808095
:1026400080807F807F7F808080808080808080808D
:10265000808080808080808080808080808080807A
:10266000808080808080808080808080808080806A
:10267000808080808080808080808080808080805A
:10268000808080808080808080808080808080804A
:10269000808080808080808080808080808080803A
:1026A000808080808080808080808080808080802A
:1026B000808080808080808080808080808080801A
:1026C000808080808080808080808080808080800A
:1026D00080808080808080808080808080808080FA
:1026E00080808080808080808080808080808080EA
:1026F00080808080808080808080808081808080D9
:102700008080818080818080807F808080808180C7
:1027100080808080808081808080808180808080B7
:1027200080808080807F81808081818081817F80A6
:102730007E7F82817F807F8081808080817F80809A
:102740007F818080807F7F80808080808280828285
:102750008080807E80807F80817F80817F80817F7C
:102760007F837F82817F81807F80817F827F808065
:102770007F7F808080807F807F807F81807F80815D
:102780007F80807F8180808080817F818080827F48
:102790008180807F8180818080817F7F8080817F38
:1027A000807F807F8180808180817F808180808028
:1027B000807F808080808180808080808080817F19
:1027C000817F7F81808080807F817F8080817E810A
:1027D0007F807F808180808080818080817F8080F9
:1027E0007F817F7F808081807F817F81807F8180EA
:1027F00080808081808080817F8181807F817E80D8
:102800007F818081807F827F8080817E837E8180C6
:1028100081808080808180817F817F807F817F81B6
:10282000817F807F817F80817F81807F80817F80A9
:102830007F817F817F80817E81808180807F817F99
:10284000807F8180817F80817E817F808080808089
:102850007F817F818080807F7F817F81807F807F7B
:10286000807F817F827F817F80807F818080808068
:102870007F817E827E817F817F817F808080818059
:10288000818080808180808080807F808080808047
:102890008080818080817F827F8080807F81808135
:1028A0008080817F80808080828080807F817F8225
:1028B0007F80808080817F818080817F8180808017
:1028C0008080817F81808180808180807F817F8006
:1028D000807F80808080818080807F8080818080F8
:1028E0008080807F808081808080808080818080E7
:1028F00080807F80808080808080808080808080D9
:1029000080808180818080817F81808081808081C2
:102910007F808080817F80808081808181808080B5
:102920007F8280818281828281818180817F827F9A
:1029300081807F80807E80807F827F838181838190
:10294000828281828180817E807F7E7F7E7D7F7D8D
:102950007E85808789848C88888B85878582838023
:102960007E7F7B7D7C7A7D7C7B7E7C7E7F7E818092
:1029700080828281838281847F82817F827D89833C
:10298000889085928D8B9188898782817F797C77E9
:10299000767A747A7A797F7D80838284868487864A
:1029A00082878082827C827C7C807785877F968804
:1029B0008E9B8996938792848283797977727474D7
:1029C000727679777F7F808785868C858B878587F0
:1029D0008281807D7C7C7A797C85828994889A96B4
:1029E0008F9B8D8F8D8580817875786F72766E7AEA
:1029F0007779817F858688898A898987878383819A
:102A00007C7E7A787D7581897C978D8BA38B979C52
:102A10008496857E857477746F7170727279797D12
:102A200083818989898E898C89868680807D7A7B5D
:102A30007679797582888299928FA393959C8A8BF7
:102A4000897B7B77706F6F6E6E757477817E868BF6
:102A5000878F8D8A8F8788857E82787B79737B7458
:102A600078797D9086969F8FA39D8E9C8C838778A6
:102A700074746D6B6E6E6F76787C8485898F8B90A5
:102A80008F898D8582837A7A79737776757A7A7B66
:102A900084948D9AA492A0A08D968B7E7F76716E81
:102AA0006D6C6C7274767F8084898A8D8C8C8B8738
:102AB00087837E807C787C78797B797D7D7D85922B
:102AC00090949F95969C8F8C8A807B79757071719C
:102AD000707377787C7F82858689898989888786E3
:102AE000848380807E7C7D7C7B7C7D7B808F8D8FD2
:102AF00098939296908A87837E7A797673757576A5
:102B000078787B7C7D8080828283848485858484C0
:102B10008483838281817F7F7F7C878E8B91918F5D
:102B2000908D8B8581817B7B7B787978797A797BB5
:102B30007B7B7D7C7E7F808282838384848484848B
:102B40008383828281817F818C8E8D908E8E8C8911
:102B500086817F807E7D7C7B7C7B7B7A797A7A7BA9
:102B60007C7C7E7F8082828383838484838383834F
:102B700082828280828B8E8D8D8B8B8A85837E7DF7
:102B80007F7D7D7B7B7C7C7B7A797A7B7C7D7D7E87
:102B90008081828282838383838383838382818211
:102BA00082878E8D8D8B8B8A8683807D7E7E7D7DD8
:102BB0007B7D7D7B7A78797A7B7C7D7E8081828249
:102BC00082838383838384848484838382868C8BBF
:102BD0008B89888985827F7D7E7E7E7D7C7D7D7CE4
:102BE0007B797A7B7C7C7D7E8081828181828383FC
:102BF0008383838484838381838A8C8B8A88898777
:102C000084817E7E7F7F7F7D7C7E7D7C7A797A7BEE
:102C10007C7C7C7E7F80807F7F80818281828384B8
:102C20008483848A8E8E8C8A8A8A8783808081803E
:102C30007F7D7C7D7C7A7978797A7A7B7B7D7F7FDA
:102C4000807F808282838383848585858B8F8E8D30
:102C50008A8B8A8784818081817F7D7C7C7C7A7865
:102C60007778797A7A7B7D7E7F7F7F80818282838D
:102C7000838584858B8F8F8E8C8C8B8885828283D5
:102C800082807E7D7D7C7A7877787979797A7B7D90
:102C90007D7D7E7F81818282838584878D8F8E8DED
:102CA0008C8C8A8784828382817F7E7D7D7B79780C
:102CB000787979797A7C7E7E7E7E80818282828339
:102CC00084858A8D8D8C8B8B8A8784828282818099
:102CD0007E7E7D7C7A79797A7A7A7A7B7D7E7E7E39
:102CE0007F80818182828384888B8B8B8A8A8A878A
:102CF0008583828281807F7E7E7D7B7A7A7B7B7AF0
:102D00007B7C7D7D7E7E7F808080818182838588C3
:102D10008989898989878684838281807F7F7F7E74
:102D20007D7C7C7C7C7C7C7C7D7E7E7E7F808081CB
:102D3000818282828586878888898988868584833E
:102D400081807F7F7E7E7E7D7D7D7D7D7C7D7D7EA5
:102D50007E7E7F7F80808080818283848586868757
:102D6000878686858483828180807F7F7F7E7E7E4A
:102D70007E7E7D7D7E7E7E7E7E7F7F7F7F80818268
:102D80008383848484848483838382828181818019
:102D900080807F7F7F7F7E7E7E7E7E7E7E7F7F7F48
:102DA0007F7F7F8081828282828282828181818113
:102DB0008180807F7F7F7F7F7F7F7F7F808080801B
:102DC00080808080818181808182828181818080F8
:102DD0008080807F80807F7F8080808080808080F6
:102DE00080808080808080808080808081828180DF
:102DF0008080808080807F808080807F80808081D4
:102E00008081818181817F80807F817F7F7E8283BD
:102E10007F80807E8081807F7F82817F7F7E7D83B7
:102E200083808184837A7F7F827D82827C82827D9F
:102E30007D84807D7F837F8280827F7C827F7E8095
:102E400081817E7E81828281817D7E7F80817F847F
:102E500081807D7E847C7F837E7E8281807F858071
:102E60007E82847D7E817E7F7D8280827D85808161
:102E70007D7F857B8082827E7E827F857F7F827F51
:102E80007C817E827A83857B80817C7F84817E8346
:102E900081807B82817D82827C8181817A84807D38
:102EA00083817E7E7F81827D81847D827E7F807F23
:102EB00082807D8281817983857E7C8483797D8611
:102EC00083787F868476828B7A7C86817982847A05
:102ED0007D87807C7F887E778687787B8A847281F5
:102EE0008C7B768887757D89817882867D7A8785D7
:102EF0007781897F7983877C7B83857A7F867E7CD7
:102F000084837D7D85817A8087807B80867F7D81BB
:102F100083807E7F81847E7A83837C7D86807D81B1
:102F20008082827E7E83827C80857D7B8683797FA2
:102F30008A7F75838D7C758A8B73798D8173838C81
:102F4000797A86847C7E84817F7F8081827E7F8285
:102F5000807F8082817E8082817E7D83827E7D8370
:102F6000827E7F81817E808280808082817F7F815E
:102F7000817D7E81827E7D83847D7C84857C7A8454
:102F8000887C7884887B7985867B7A85847C7D8241
:102F9000827E7F8182807F8182807E80817E7F832E
:102FA000807B7F85827C7E84837E7D8184807B7F25
:102FB000847F7C8082817E7E82837D7B84857C7D14
:102FC00084837D7E84807C8084807C8084817C7FFF
:102FD00084817D7F83817E7F83827D7D82837F7CF0
:102FE0007F84837D7B8286817A7E85827C7D8483DB
:102FF0007E7E82827D7F83817D7F82817E7E8182D3
:103000007F7D8083827D7E83827D7D81827E7E81C5
:10301000817F7F82827F7E8080808080807F7E80B3
:1030200081807F8081817F808181807F808180819C
:1030300083817E8083817E7F81827F7D7F81807E90
:103040007E81817F7E8081817F808181807F80827F
:10305000868683828485827F7F81827F7E7F807F58
:103060007D7C7E7F7E7D7E80807F7F81818181816E
:1030700085898783838686827F7F81807D7C7D7F33
:103080007E7C7C7E7F7F7E7F818281818283838143
:10309000828B92918C888A88817A797C7C7A797B00
:1030A0007E7D7A7A7C7F7F7F818487868485858414
:1030B0008186949A9489878883776E7178797675FA
:1030C0007B817E7A7A7E828181858A8B88858585DF
:1030D000817F8D9C9C8E8486877B6C67717A7875E6
:1030E000798387807B7E85868282878D8A838182B1
:1030F000827B8096A29A88828882716367787D79C4
:1031000077818B877D7A8088847F838B8E867F7F93
:10311000827F78899FA2918082857A6760708080A3
:103120007A7C898D82787A85878180868F8A7F7B79
:103130007D81797F9AAAA28A8187816E5C6278817B
:103140007C79828F897B757E888580848E91857C51
:103150007B7F7B758EA9AC96818386755D586E8268
:10316000817A7E8E9081767A87877F808B92887B2A
:10317000797E7E737FA6B7A68881897C6050617E48
:10318000837B7D8E9886737381887D7C8996907D04
:10319000787D80746F97BBB796818B85644A527730
:1031A000847C7C90A19175707E86797284979581DC
:1031B000798384766778ABBFAA918E9579524D66F4
:1031C0007D76738DA1997C738283746D80979080D6
:1031D0007F8988726A7593B2ADA29D97815B515DBC
:1031E000696F748B9E998C83858071717D898882CB
:1031F000888B8277717A7B87A9B5AD9C908466565F
:10320000576472778694968E807D7E77767A858BEA
:10321000858786827B74797A88A7ADA69E97866714
:103220005E63656B74858F8A8782807C757C8488F9
:103230008A898C887E79767775829FA39C9C9989F0
:10324000716B6E696E7680868483807E7C777D83E9
:103250008688898D88817F7C7B77849FA09B9F9CBB
:103260008B767371686C747A7E7F817E7B7B797CD0
:103270008285888B8D8B8685807D7A8496969396C1
:1032800094867774736C6E76797C7E807E7D7D7B90
:103290007D818486898B898786837F7F88919191C0
:1032A000938F847D7A75727477797B7D7D7C7C7A4F
:1032B0007A7C7D7F8285868687868584848B908FC5
:1032C00090928D8784817B79797878797A79797A07
:1032D000797A7C7D7E8082828485848584868C8DCB
:1032E0008D8E8F8A8787837F7F7E7B7B7C7A797BBD
:1032F0007A797A7B7A7C7E7E7F8181818383848ADE
:103300008B8B8E8E8A8A8B868486828081807C7D60
:103310007D79797A79787A7B7A7C7D7D7E807F82EF
:103320008987888C8B878A8A848686828183807D40
:103330007F7D7A7B7C797A7C7A7A7D7C7C7E7F7ECD
:10334000838783878A868689868487868383848029
:1033500080807E7C7E7C7B7D7C7B7B7D7B7D7E7E9E
:103360007E81858285878484868583858482838324
:103370007F80807E7E7E7D7C7D7D7C7E7F7D7F806C
:103380007F808181808282818180808081807F8036
:103390007F7F7E807F7F7F7F7E7F7F7E80807E803D
:1033A000827F7F81808082808281817F7F82808016
:1033B00080807F807F807F80807E827F80817F8110
:1033C0007F807F80807F807F7F80817F81807F8002
:1033D000807F80807F80807F81807F80817F8081EF
:1033E000807F817F8081817F81807E81807F8080DE
:1033F000807F817F80827F80807E7F827F818080CE
:103400007F81817F827E7F81808081808080807FBC
:10341000827F80808080808180807F817F817F7FAC
:1034200082807F80807F807F81807F8080807F819D
:10343000817E817F80817F80808080808080807F8E
:103440008080817F808080817F8180807F8180807B
:1034500080817F7F808080817F8180818081807F6B
:10346000807F817F80807F817F817F827F7F817F5E
:103470008080807F81807F827F7F80817E82807F4D
:10348000827F80817F8080817F80808081807F813A
:10349000808081808180807F81817E817F8080802B
:1034A0008081807F818080817F8080817D82807F1C
:1034B000827F817F807F81807F827F807F80817F0C
:1034C000817F817F80817F80817F807F81817F81FB
:1034D0007F7F808080807F81807F807F8080817EF1
:1034E000827F7F817E818080807F817E827F7F83DB
:1034F0007E807F837E81827E837E81817F817F81CA
:103500007E81817E828080807F807F817F80817FBD
:10351000817F81817F817F80807F818080808180A9
:103520007F827F7F817F8081808080827E81827D9B
:10353000837E80817F817F827F80817E817F80808A
:103540007F8081807F80817F80818080817F80807B
:103550007F808180807F8180808080827F80818168
:103560007F81837E80817D81817E80837E80827F5A
:103570007F817F7F827E81827E8280807F81817E4B
:10358000827F818080817E817F808080807E827F3B
:103590007F827F7F81807F7F81807F818080827F2B
:1035A00080817F808080807F7F8080817F8181801B
:1035B00081808181808080827F8081808080818104
:1035C00080817F81807E81807F81828181818080F6
:1035D000818180818181817F7F807F7F7F7F807EED
:1035E0007D7E7E7D7E7F7F8080838F8E8C93908A90
:1035F0008986827F817D7B7E7B797B7977797A79F9
:103600007B7F7E7F83828285878586868996989157
:1036100093938B827E7B77777776787876767778D8
:10362000787B7F8083868788888787868584828564
:10363000949A938F8D8980767374767675797C7B76
:103640007A797C7D7E818487898988888684828155
:10365000807E819299938F8C8C85787272787A783B
:10366000797B7F7F7A797A7F838385878A8A86824E
:103670008080807E7B7E92A6A89C8A84827A6D64FC
:1036800069767D7C787C8587827C7C848A8B878444
:103690008789857E78797B7D7A8199ADB19D857B9F
:1036A0007A796E63667481837C797D83827B787D91
:1036B00089908E88848586817A75777C8190A3B085
:1036C000AC96807270706B676A768287837C7C8030
:1036D00084838183898D8D87807D7C7C7A78797BDA
:1036E000869CB1B7A88C756B6C6E6B696E7883879E
:1036F000847F7D7F828486878A8A8985807C7A79A7
:1037000078797A7E8EA7BBBDA683675D636C727184
:1037100071767F888B877F7B7C828A8D8D8984817F
:103720007E7E7B797777788198B2C4C0A37D5E5521
:103730005D6C767773737A868E8D857B787E8991C2
:10374000928A8079797C7F7E7B777889A6C3CDBC8D
:10375000966C525060747D7A727078858F8F867CFB
:1037600079818E9693867870737B83847E777A9046
:10377000B0C9C9AC815C4F5C76898A7B6A646E8112
:103780009092887C79818F989485736B6F7D898CFA
:1037900084797D93B3C8C3A376524859758A8C7DCA
:1037A0006A626A7E919893867D7D869091897B6F0F
:1037B0006D7581898A8A91A0B0B6AB8F6F585464B9
:1037C0007A8B8B7E6E666B7B8B94938C8583868ADB
:1037D0008A847B74747A8184868C98A8B1AC997E33
:1037E000675E6575848780736A6B76838D8E8A8445
:1037F00082868B8E8C847C77797D8181858F9EAB50
:10380000ADA08971636572808681766D6C748088E5
:103810008A868282858B8D89827A76777C807F808A
:103820008897A8AFA8937B6B69737E837E746D6D58
:10383000757E8484817F82898E8E89817B7B7F8364
:1038400085817C808EA1ADA99780706E757D7F7912
:10385000726F737A80807C7A7D858D908C857F7E77
:10386000818585817C787C8B9EABAA9D8B7D7879C8
:103870007976727274797C7A7674787F868A898791
:103880008687888885817E7F7F808793A0A69F908A
:103890007F737070717173787C7E7C7877797E83AA
:1038A0008687888A8A898682818080807E818C9AB8
:1038B000A39E8F8179797B787574777B7C79767616
:1038C000797C7E7E808488898785858685848180D1
:1038D00081899399968E8682807D787576797C7BB6
:1038E00079797B7C7B7B7D7F8282828485868583E0
:1038F00084848482848D92918D8A8987827D7A7B6B
:103900007C7B79787A7B7A79797C7E7E7F808283F2
:1039100083828384848382868D8E8D8C8C8B888435
:103920008180807D7B7B7B7B7A797A7B7C7C7C7ED3
:1039300080808081828383838383878B8B8B8C8C35
:103940008987868382807E7D7D7C7A7B7B7A7B7B88
:103950007C7D7E7E7F80818182828383838788864F
:103960008889888686848282807F7F7E7D7C7D7B3D
:103970007C7C7C7C7D7D7D7F7F7F8081818282825B
:10398000878986898A888787858383817F807E7DF2
:103990007D7C7B7B7C7B7B7D7C7D7E7E7F80818054
:1039A00082828388868588888585858383817F80D8
:1039B000807C7D7D7B7A7D7C7B7E7E7E7E7F808130
:1039C00082818383828483828383828282808081D6
:1039D000807E807F7E7E7F7E7E80808081808082F0
:1039E00080818281818282807F817E807F7F7F7FD4
:1039F0007E7E807E7F8080818082818281808180C6
:103A000081817F807F817E7F807F807F807F7F7FBD
:103A1000818180818181808181808180807F7F80A0
:103A2000807F8080808080817F817F80817F808196
:103A30007F817F817F817F7F817F807F817F808188
:103A40007F827F8181808081807F817F80807F8174
:103A5000807F8081807F837E81807E82807F808165
:103A60007F8081807F817F7F827E81807F817F8058
:103A70007F817F7F817F817F80817F827E827F7F48
:103A8000817E817F818080817F8180818081817F33
:103A9000817F80817E817F8080817F8181817F8124
:103AA0007E827F81817E827F808081807F817F8016
:103AB000817E82807E827F808080807F807F818106
:103AC0007F827F7F7F817F80818080808081807FF7
:103AD000817F817F8180817F81817F817E81817FE4
:103AE0008081808081808080817F81807E82807FD4
:103AF00081807E82807F827E7F827F8080808081C5
:103B0000807F827F808080817F817E817F808080B6
:103B1000817E817F808081807F818080807E8280A5
:103B20007F817F807F807F81807E837E81827F8195
:103B30007F817F827E81817E82807F80817E818283
:103B40007D837F8081808080807E837F80827F8074
:103B5000817F7F827F7F827F808080817F80808065
:103B6000817F817F81807F817F818080817F817F54
:103B700081817F818080808080817F807F81808043
:103B80008180817F837E817F7F827F8080817E8133
:103B900080817F80807F827D827F7F817E817F8127
:103BA0007F8180817F8080817F7F8080817E837E16
:103BB00081817F817F817F827E82807F82807F8002
:103BC000807F81817D827F8080807F81807F817FF7
:103BD0008180807F817E81807F81807F81817E81E5
:103BE000807F8180808080807F837E82807E827FD4
:103BF0008080817E827F80817F7F81807F817F80C6
:103C000081807F817F80817F817F808080808080B4
:103C10007F8080817F818080807F80817F81807FA5
:103C200080817F81807F827E8180808180807F8192
:103C30007F807F80807F827F808180808081808183
:103C40007F80817F80807F80807F80817F80808077
:103C50008080817F817F81818081808180817F815F
:103C6000808081808080807F81807F8080807F8055
:103C7000808080818081808181808080807F817F41
:103C8000807F807F81828182828281838082818124
:103C90008180807F807F807F7F7F807F807F7F802B
:103CA0007F80808080818081808081808080808012
:103CB00080808080808481848583848583838380E1
:103CC000827F807F7F7E7F7E7E7F7D7F7E807F8004
:103CD00080818181818082808181808080807F81DC
:103CE0007F807F807F82848388868787878587839C
:103CF0008382807F7E7C7D7D7B7E7C7E7F7F7F82DA
:103D000080828281838182818180817F807F7E7FAA
:103D10007F7F7F7F7F7F8385858A88898B8988885D
:103D20008482817D7C7B787A79797B7C7D7F8081C0
:103D3000848384858385838381817F7F7E7D7D7D70
:103D40007D7E7E7E807F808187858A8B8A8C8C8930
:103D5000898781847C7D7B78797878797B7A807E8D
:103D6000828383858685858681857F817F7D7D7D34
:103D70007C7C7E7B807D808081818388858C8A8B22
:103D80008C8C89898582827C7C79787778767A793F
:103D90007C7E7F8283858587858784848381807FFD
:103DA0007E7D7E7B7E7B7F7D7F7F8081818185881C
:103DB000858E888C8B8A87888282807B7D787A77D3
:103DC00079787C7B7E7F80838285838683868383EC
:103DD000837F817E7E7D7E7D7E7D7E7F7E818081F4
:103DE00081818189828B89888C8987888481837A83
:103DF0007E79797979777B7A7B817C8482848585E9
:103E000084878383847E837D7F7E7D7D7E7C7E7FB1
:103E10007D817E82818182828188838889868B8769
:103E200086878381817C7C7C787B78797B7C7D80B4
:103E30007F82848386848584838382817F7F7D7E65
:103E40007C7D7D7D7E7E807F818182828282828177
:103E500080848283868385858384837F827D7D7E43
:103E60007A7D7B7C7D7E7D81808183828483838358
:103E7000828181807F7F7E7E7E7E7E7E7F7F80804E
:103E80008181818281828182808180838184858217
:103E9000868384838280807E7C7E7A7D7C7C7E7D2E
:103EA0007F808181838283838283828181807F80FE
:103EB0007E7F7E7D7F7E7F7F7F8081808281818209
:103EC00081818180808182818481838382828280DA
:103ED00080807D7F7D7D7E7D7E7E7F8080818282F1
:103EE0008283828282818180807F7F7F7F7E7F7FCD
:103EF0007F7F8080808081818181818181808080BD
:103F00007F818081828182828282818080807E7FA7
:103F10007E7E7E7E7F7F7F808181818181828181A3
:103F200081808080807F7F7F7F7F7F7F8080808097
:103F3000808180818080808080808080808080807F
:103F4000818181818181818080807F7F7F7F7F7F70
:103F50007F8080808080818180818080808080805F
:103F60008080808080808080808080808080808051
:103F7000808080808080808080808180818181823B
:103F80008181818080807F7F7F7F7F7F7F80808035
:103F9000808181818181818080808080807F80801C
:103FA0008080808080808080808080808080808011
:103FB00080808080808080808081818181818080FC
:103FC000808080807F807F7F8080808080808080F4
:103FD00080808080808080808080808080808080E1
:103FE00080808080808080808080808080808080D1
:103FF00080808080808080818081808080808080BF
:1040000080808080808080808080808080808080B0
:1040100080808080808080808080808080808080A0
:104020008080808080808080808080808080808090
:104030008080808080808080808080808080808080
:104040008080808080808080808080808080808070
:104050008080808080808080808080808080808060
:104060008080808080808080808080808080808050
:104070008080808080808080808080808080808040
:104080008080808080808080808080808080808030
:104090008080808080808080808080808080808020
:1040A0008080808080808080808080808080808010
:1040B0008080808080808080808080808080808000
:1040C00080808080808080808080808080808080F0
:1040D00080808080808080808080808080808080E0
:1040E00080808080808080808080808080808080D0
:1040F00080808080808080808080808080808080C0
:1041000080808080808080808080808080808080AF
:10411000808080808080808080808080808080809F
:10412000808080808080808080808080808080808F
:10413000808080808080808080808080808080807F
:10414000808080808080808080808080808080806F
:10415000808080808080808080808080808080805F
:10416000808080808080808080808080808080804F
:10417000808080808080808080808080808080803F
:10418000808080808080808080808080808080802F
:10419000808080808080808080808080808080801F
:1041A000808080808080808080808080808080800F
:1041B00080808080808080808080808080808080FF
:1041C00080808080808080808080808080808080EF
:1041D00080808080808080808080808080808080DF
:1041E00080808080808080808080808080808080CF
:1041F00080808080808080808080808080808080BF
:1042000080808080808080808080808080808080AE
:10421000808080808080808080808080808080809E
:10422000808080808080808080808080808080808E
:10423000808080808080808080808080808080807E
:10424000808080808080808080808080808080806E
:10425000808080808080808080808080808080805E
:10426000808080808080808080808080808080804E
:10427000808080808080808080808080808080803E
:10428000808080808080808080808080808080802E
:10429000808080808080808080808080808080801E
:1042A000808080808080808080808080808080800E
:1042B00080808080808080808080808080808080FE
:1042C00080808080808080808080808080808080EE
:1042D00080808080808080808080808080808080DE
:1042E00080808080808080808080808080808080CE
:1042F00080808080808080808080808080808080BE
:1043000080808080808080808080808080808080AD
:10431000808080808080808080808080808080809D
:10432000808080808080808080808080808080808D
:10433000808080808080808080808080808080807D
:10434000808080808080808080808080808080806D
:10435000808080808080808080808080808080805D
:10436000808080808080808080808080808080804D
:10437000808080808080808080808080808080803D
:10438000808080808080808080808080808080802D
:10439000808080808080808080808080808080801D
:1043A000808080808080808080808080808080800D
:1043B00080808080808080808080808080808080FD
:1043C00080808080808080808080808080808080ED
:1043D00080808080808080808080808080808080DD
:1043E00080808080808080808080808080808080CD
:1043F00080808080808080808080808080808080BD
:1044000080808080808080808080808080808080AC
:10441000808080808080808080808080808080809C
:10442000808080808080808080808080808080808C
:10443000808080808080808080808080808080807C
:10444000808080808080808080808080808080806C
:10445000808080808080808080808080808080805C
:10446000808080808080808080808080808080804C
:10447000808080808080808080808080808080803C
:10448000808080808080808080808080808080802C
:10449000808080808080808080808080808080801C
:1044A000808080808080808080808080808080800C
:1044B00080808080808080808080808080808080FC
:1044C00080808080808080808080808080808080EC
:1044D00080808080808080808080808080808080DC
:1044E00080808080808080808080808080808080CC
:1044F00080808080808080808080808080808080BC
:1045000080808080808080808080808080808080AB
:10451000808080808080808080808080808080809B
:10452000808080808080808080808080808080808B
:10453000808080808080808080808080808080807B
:10454000808080808080808080808080808080806B
:10455000808080808080808080808080808080805B
:10456000808080808080808080808080808080804B
:10457000808080808080808080808080808080803B
:10458000808080808080808080808080808080802B
:10459000808080808080808080808080808080801B
:1045A000808080808080808080808080808080800B
:1045B00080808080808080808080808080808080FB
:1045C00080808080808080808080808080808080EB
:1045D00080808080808080808080808080808080DB
:1045E00080808080808080808080808080808080CB
:1045F00080808080808080808080808080808080BB
:1046000080808080808080808080808080808080AA
:10461000808080808080808080808080808080809A
:10462000808080808080808080808080808080808A
:10463000808080808080808080808080808080807A
:10464000808080808080808080808080808080806A
:10465000808080808080808080808080808080805A
:10466000808080808080808080808080808080804A
:10467000808080808080808080808080808080803A
:10468000808080808080808080808080808080802A
:10469000808080808080808080808080808080801A
:1046A000808080808080808080808080808080800A
:1046B00080808080808080808080808080808080FA
:1046C00080808080808080808080808080808080EA
:1046D00080808080808080808080808080808080DA
:1046E00080808080808080808080808080808080CA
:1046F00080808080808080808080808080808080BA
:1047000080808080808080808080808080808080A9
:104710008080808080808080808080808080808099
:104720008080808080808080808080808080808089
:104730008080808080808080808080808080808079
:104740008080808080808080808080808080808069
:104750008080808080808080808080808080808059
:104760008080808080808080808080808080808049
:104770008080808080808080808080808080808039
:104780008080808080808080808080808080808029
:104790008080808080808080808080808080808019
:1047A0008080808080808080808080808080808009
:1047B00080808080808080808080808080808080F9
:1047C00080808080808080808080808080808080E9
:1047D00080808080808080808080808080808080D9
:1047E00080808080808080808080808080808080C9
:1047F00080808080808080808080808080808080B9
:1048000080808080808080808080808080808080A8
:104810008080808080808080808080808080808098
:104820008080808080808080808080808080808088
:104830008080808080808080808080808080808078
:104840008080808080808080808080808080808068
:104850008080808080808080808080808080808058
:104860008080808080808080808080808080808048
:104870008080808080808080808080808080808038
:104880008080808080808080808080808080808028
:104890008080808080808080808080808080808018
:1048A0008080808080808080808080808080808008
:1048B00080808080808080808080808080808080F8
:1048C00080808080808080808080808080808080E8
:1048D00080808080808080808080808080808080D8
:1048E00080808080808080808080808080808080C8
:1048F00080808080808080808080808080808080B8
:1049000080808080808080808080808080808080A7
:104910008080808080808080808080808080808097
:104920008080808080808080808080808080808087
:104930008080808080808080808080808080808077
:104940008080808080808080808080808080808067
:104950008080808080808080808080808080808057
:104960008080808080808080808080808080808047
:104970008080808080808080808080808080808037
:104980008080808080808080808080808080808027
:104990008080808080808080808080808080808017
:1049A0008080808080808080808080808080808007
:1049B00080808080808080808080808080808080F7
:1049C00080808080808080808080808080808080E7
:1049D00080808080808080808080808080808080D7
:1049E00080808080808080808080808080808080C7
:1049F00080808080808080808080808080808080B7
:104A000080808080808080808080808080808080A6
:104A10008080808080808080808080808080808096
:104A20008080808080808080808080808080808086
:104A30008080808080808080808080808080808076
:104A40008080808080808080808080808080808066
:104A50008080808080808080808080808080808056
:104A60008080808080808080808080808080808046
:104A70008080808080808080808080808080808036
:104A80008080808080808080808080808080808026
:104A90008080808080808080808080808080808016
:104AA0008080808080808080808080808080808006
:104AB00080808080808080808080808080808080F6
:104AC00080808080808080808080808080808080E6
:104AD00080808080808080808080808080808080D6
:104AE00080808080808080808080808080808080C6
:104AF00080808080808080808080808080808080B6
:104B000080808080808080808080808080808080A5
:104B10008080808080808080808080808080808095
:104B20008080808080808080808080808080808085
:104B30008080808080808080808080808080808075
:104B40008080808080808080808080808080808065
:104B50008080808080808080808080808080808055
:104B60008080808080808080808080808080808045
:104B70008080808080808080808080808080808035
:104B80008080808080808080808080808080808025
:104B90008080808080808080808080808080808015
:104BA0008080808080808080808080808080808005
:104BB00080808080808080808080808080808080F5
:104BC00080808080808080808080808080808080E5
:104BD00080808080808080808080808080808080D5
:104BE00080808080808080808080808080808080C5
:104BF00080808080808080808080808080808080B5
:104C000080808080808080808080808080808080A4
:104C10008080808080808080808080808080808094
:104C20008080808080808080808080808080808084
:104C30008080808080808080808080808080808074
:104C40008080808080808080808080808080808064
:104C50008080808080808080808080808080808054
:104C60008080808080808080808080808080808044
:104C70008080808080808080808080808080808034
:104C80008080808080808080808080808080808024
:104C90008080808080808080808080808080808014
:104CA0008080808080808080808080808080808004
:104CB00080808080808080808080808080808080F4
:104CC00080808080808080808080808080808080E4
:104CD00080808080808080808080808080808080D4
:104CE00080808080808080808080808080808080C4
:104CF00080808080808080808080808080808080B4
:104D000080808080808080808080808080808080A3
:104D10008080808080808080808080808080808093
:104D20008080808080808080808080808080808083
:104D30008080808080808080808080808080808073
:104D40008080808080808080808080808080808063
:104D50008080808080808080808080808080808053
:104D60008080808080808080808080808080808043
:104D70008080808080808080808080808080808033
:104D80008080808080808080808080808080808023
:104D90008080808080808080808080808080808013
:104DA0008080808080808080808080808080808003
:104DB00080808080808080808080808080808080F3
:104DC00080808080808080808080808080808080E3
:104DD00080808080808080808080808080808080D3
:104DE00080808080808080808080808080808080C3
:104DF00080808080808080808080808080808080B3
:104E000080808080808080808080808080808080A2
:104E10008080808080808080808080808080808092
:104E20008080808080808080808080808080808082
:104E30008080808080808080808080808080808072
:104E40008080808080808080808080808080808062
:104E50008080808080808080808080808080808052
:104E60008080808080808080808080808080808042
:104E70008080808080808080808080808080808032
:104E80008080808080808080808080808080808022
:104E90008080808080808080808080808080808012
:104EA0008080808080808080808080808080808002
:104EB00080808080808080808080808080808080F2
:104EC00080808080808080808080808080808080E2
:104ED00080808080808080808080808080808080D2
:104EE00080808080808080808080808080808080C2
:104EF00080808080808080808080808080808080B2
:104F000080808080808080808080808080808080A1
:104F10008080808080808080808080808080808091
:104F20008080808080808080808080808080808081
:104F30008080808080808080808080808080808071
:104F40008080808080808080808080808080808061
:104F50008080808080808080808080808080808051
:104F60008080808080808080808080808080808041
:104F70008080808080808080808080808080808031
:104F80008080808080808080808080808080808021
:104F90008080808080808080808080808080808011
:104FA0008080808080808080808080808080808001
:104FB00080808080808080808080808080808080F1
:104FC00080808080808080808080808080808080E1
:104FD00080808080808080808080808080808080D1
:104FE00080808080808080808080808080808080C1
:104FF00080808080808080808080808080808080B1
:1050000080808080808080808080808080808080A0
:105010008080808080808080808080808080808090
:105020008080808080808080808080808080808080
:105030008080808080808080808080808080808070
:105040008080808080808080808080808080808060
:105050008080808080808080808080808080808050
:105060008080808080808080808080808080808040
:105070008080808080808080808080808080808030
:105080008080808080808080808080808080808020
:105090008080808080808080808080808080808010
:1050A0008080808080808080808080808080808000
:1050B00080808080808080808080808080808080F0
:1050C00080808080808080808080808080808080E0
:1050D00080808080808080808080808080808080D0
:1050E00080808080808080808080808080808080C0
:1050F00080808080808080808080808080808080B0
:10510000808080808080808080808080808080809F
:10511000808080808080808080808080808080808F
:10512000808080808080808080808080808080807F
:10513000808080808080808080808080808080806F
:10514000808080808080808080808080808080805F
:10515000808080808080808080808080808080804F
:10516000808080808080808080808080808080803F
:10517000808080808080808080808080808080802F
:10518000808080808080808080808080808080801F
:10519000808080808080808080808080808080800F
:1051A00080808080808080808080808080808080FF
:1051B00080808080808080808080808080808080EF
:1051C00080808080808080808080808080808080DF
:1051D00080808080808080808080808080808080CF
:1051E00080808080808080808080808080808080BF
:1051F00080808080808080808080808080808080AF
:10520000808080808080808080808080808080809E
:10521000808080808080808080808080808080808E
:10522000808080808080808080808080808080807E
:10523000808080808080808080808080808080806E
:10524000808080808080808080808080808080805E
:10525000808080808080808080808080808080804E
:10526000808080808080808080808080808080803E
:10527000808080808080808080808080808080802E
:10528000808080808080808080808080808080801E
:10529000808080808080808080808080808080800E
:1052A00080808080808080808080808080808080FE
:1052B00080808080808080808080808080808080EE
:1052C00080808080808080808080808080808080DE
:1052D00080808080808080808080808080808080CE
:1052E00080808080808080808080808080808080BE
:1052F00080808080808080808080808080808080AE
:10530000808080808080808080808080808080809D
:10531000808080808080808080808080808080808D
:10532000808080808080808080808080808080807D
:10533000808080808080808080808080808080806D
:10534000808080808080808080808080808080805D
:10535000808080808080808080808080808080804D
:10536000808080808080808080808080808080803D
:10537000808080808080808080808080808080802D
:10538000808080808080808080808080808080801D
:10539000808080808080808080808080808080800D
:1053A00080808080808080808080808080808080FD
:1053B00080808080808080808080808080808080ED
:1053C00080808080808080808080808080808080DD
:1053D00080808080808080808080808080808080CD
:1053E00080808080808080808080808080808080BD
:1053F00080808080808080808080808080808080AD
:10540000808080808080808080808080808080809C
:10541000808080808080808080808080808080808C
:10542000808080808080808080808080808080807C
:10543000808080808080808080808080808080806C
:10544000808080808080808080808080808080805C
:10545000808080808080808080808080808080804C
:10546000808080808080808080808080808080803C
:10547000808080808080808080808080808080802C
:10548000808080808080808080808080808080801C
:10549000808080808080808080808080808080800C
:1054A00080808080808080808080808080808080FC
:1054B00080808080808080808080808080808080EC
:1054C00080808080808080808080808080808080DC
:1054D00080808080808080808080808080808080CC
:1054E00080808080808080808080808080808080BC
:1054F00080808080808080808080808080808080AC
:10550000808080808080808080808080808080809B
:10551000808080808080808080808080808080808B
:10552000808080808080808080808080808080807B
:10553000808080808080808080808080808080806B
:10554000808080808080808080808080808080805B
:10555000808080808080808080808080808080804B
:10556000808080808080808080808080808080803B
:10557000808080808080808080808080808080802B
:10558000808080808080808080808080808080801B
:10559000808080808080808080808080808080800B
:1055A00080808080808080808080808080808080FB
:1055B00080808080808080808080808080808080EB
:1055C00080808080808080808080808080808080DB
:1055D00080808080808080808080808080808080CB
:1055E00080808080808080808080808080808080BB
:1055F00080808080808080808080808080808080AB
:10560000808080808080808080808080808080809A
:10561000808080808080808080808080808080808A
:10562000808080808080808080808080808080807A
:10563000808080808080808080808080808080806A
:10564000808080808080808080808080808080805A
:10565000808080808080808080808080808080804A
:10566000808080808080808080808080808080803A
:10567000808080808080808080808080808080802A
:10568000808080808080808080808080808080801A
:10569000808080808080808080808080808080800A
:1056A00080808080808080808080808080808080FA
:1056B00080808080808080808080808080808080EA
:1056C00080808080808080808080808080808080DA
:1056D00080808080808080808080808080808080CA
:1056E00080808080808080808080808080808080BA
:1056F00080808080808080808080808080808080AA
:105700008080808080808080808080808080808099
:105710008080808080808080808080808080808089
:105720008080808080808080808080808080808079
:105730008080808080808080808080808080808069
:105740008080808080808080808080808080808059
:105750008080808080808080808080808080808049
:105760008080808080808080808080808080808039
:105770008080808080808080808080808080808029
:105780008080808080808080808080808080808019
:105790008080808080808080808080808080808009
:1057A00080808080808080808080808080808080F9
:1057B00080808080808080808080808080808080E9
:1057C00080808080808080808080808080808080D9
:1057D00080808080808080808080808080808080C9
:1057E00080808080808080808080808080808080B9
:1057F00080808080808080808080808080808080A9
:105800008080808080808080808080808080808098
:105810008080808080808080808080808080808088
:105820008080808080808080808080808080808078
:105830008080808080808080808080808080808068
:105840008080808080808080808080808080808058
:105850008080808080808080808080808080808048
:105860008080808080808080808080808080808038
:105870008080808080808080808080808080808028
:105880008080808080808080808080808080808018
:105890008080808080808080808080808080808008
:1058A00080808080808080808080808080808080F8
:1058B00080808080808080808080808080808080E8
:1058C00080808080808080808080808080808080D8
:1058D00080808080808080808080808080808080C8
:1058E00080808080808080808080808080808080B8
:1058F00080808080808080808080808080808080A8
:105900008080808080808080808080808080808097
:105910008080808080808080808080808080808087
:105920008080808080808080808080808080808077
:105930008080808080808080808080808080808067
:105940008080808080808080808080808080808057
:105950008080808080808080808080808080808047
:105960008080808080808080808080808080808037
:105970008080808080808080808080808080808027
:105980008080808080808080808080808080808017
:105990008080808080808080808080808080808007
:1059A00080808080808080808080808080808080F7
:1059B00080808080808080808080808080808080E7
:1059C00080808080808080808080808080808080D7
:1059D00080808080808080808080808080808080C7
:1059E00080808080808080808080808080808080B7
:1059F00080808080808080808080808080808080A7
:105A00008080808080808080808080808080808096
:105A10008080808080808080808080808080808086
:105A20008080808080808080808080808080808076
:105A30008080808080808080808080808080808066
:105A40008080808080808080808080808080808056
:105A50008080808080808080808080808080808046
:105A60008080808080818181808080808080808033
:105A70008080808080808080808080808080808026
:105A80008080818080808080808080808080808015
:105A900080808080808080808080808081828283FE
:105AA0008382828180807F7F7F7F7F7F7F7F7F7FF8
:105AB0007F7F7F808080818284878A8C8C898580AB
:105AC0007C7A7A7B7D7F80807E7C7B7A7B7D7F8108
:105AD00083848485888E9396958F857B7471727884
:105AE0007E8283807B767373787E85898C8A8785B6
:105AF000868B92969792887D736E6F737A7F817F83
:105B00007A7573747980878C8D8B88868990989C40
:105B10009A90827369676C768084837D756F6E73EB
:105B20007C878F92908B84838995A0A59F8E7967BF
:105B30005E616E7D888A82766B676C7988949995B0
:105B40008D837C7E8999A6A99F8B74645E6674821E
:105B500089867C70686B74828E94948D857F7D8538
:105B600094A5AFAA987C6357596A7F8E9085736518
:105B700060697B909D9D948479767A8BA3B5BBAA4E
:105B800089674F5064809595866E5C5A6880969EB2
:105B90009B8C7E7779838B97A3A9A7967C685D649D
:105BA000737F847D7471717A81858886878A8B8CF6
:105BB00088847E859BB0B8A67F5F525E75828277AF
:105BC0006F70757A7B7A7F889097938D88837F81B9
:105BD0009CB2B19A766971726A5A5C75888D8179C6
:105BE000828B8C867F868F918B817C819EB4AD95D4
:105BF000756C7674695A617C87847A7B8A8C837E23
:105C0000839093898583877E87AEB49E84768278DD
:105C10005A4E5A7A84787B8795907B7B878F8E84C7
:105C20008E92897C76A6BC99898B8E795152686D4B
:105C30006D6D85998A82858B8D7C818F8E8B80831B
:105C4000828EB3AC9591847458506061697A88945F
:105C50008C8B8E848280858B878B8A857E7AA5B497
:105C600091959E8A6F5A6866586C7A858782908B68
:105C70007E82868785899188848181AAAD91A1A23F
:105C8000826968685457747578878C8D83878B8197
:105C9000878B8B8D87887D7AADA78BA9A67D6E7546
:105CA000684B5F7867758E89848A8D82818D87883D
:105CB0008F8C87867B94B59799B38F71776F4F5090
:105CC0007064618A877D8E8D85848A88848F8C89B3
:105CD0008E868085A2A595B0A580867A5E5A616180
:105CE0005C757E778B8C848A898686898C878D8C7F
:105CF000878297A796A5AC8D87856D6062605A688C
:105D000074718189848B8D868A8A88888A8A84893D
:105D10008191AC98A4B08F88876D5F625C56686D86
:105D20006E848586928E8B8E8A8688888386857F10
:105D300085A09A9BAF9B8F907C6E69635E616B6C54
:105D40007982838E8E8B908A8787848182818080FE
:105D500084999B9CADA09796847870686162656613
:105D600072777B87868A8D8A8B89888585848181F5
:105D70008498989CAA9E9997877C756A62646363ED
:105D80006F72788384898F8C8D8D8A8787848183D5
:105D90007C8195919AA59C9A988B817B6F696863A9
:105DA000666C6E767F81888D8C8F8F8C8A888381DC
:105DB000807B7B818E9098A19D9C9B918883776D41
:105DC0006D64646A6870777B83898C8E928F8D8E08
:105DD0008784837C7C797A8B8C939E9B9A9C948B12
:105DE000887D727269666B696E75797E87898B9220
:105DF0008D8F8F8888837F7C7B76828A8897999520
:105E00009C97908D867B7872696D6A6971737680D4
:105E100083868D8D8D908C8A8A8381807B787D8529
:105E2000858F93929896928F8A827D7870706C6B32
:105E30006F6F74797E818589888C8C898B86858348
:105E40007F7F7B7F87868D92909395908D8A827DD0
:105E50007972706E6C6E7172787C7E85878A8D8D9A
:105E60008E8D8B88878380807A8283828C898B90C9
:105E70008D8C8B8781807B75777172747177787B5D
:105E80007E8284868A888C8A8889858482807F86BF
:105E900083868B878B8D89898883818079797874D3
:105EA000767575787A7B7F818286868689878686F5
:105EB0008482827E7F84818688878A8B8A898A858C
:105EC00083837C7D7A777877767779797C7E7E821A
:105ED0008384858686868684848281848484878779
:105EE0008789888788858383807E7D7A7A7A7879A6
:105EF0007A7A7B7D7D7F80808283838384838383A2
:105F00008283848384858586878686868485848249
:105F100081807E7E7D7C7C7C7B7C7C7C7D7E7E7FAC
:105F2000808081818182828182838283848484854E
:105F30008484848383828180807F7E7E7D7D7D7D5D
:105F40007D7E7E7F7F7F8080808181818181818154
:105F50008281828282828282828281818180807F2C
:105F60007F7F7F7E7F7F7F7F7F7F8080808081803B
:105F70008181818181808081818181818181818014
:105F80008180808080808080808080808080808010
:105F90008080808080808080808080808080808100
:105FA00080808080808080808080808080808080F1
:105FB00080808080808080808080808080808080E1
:105FC00080808080808080808080808080808080D1
:105FD00080808080808080808080808080818180BF
:105FE00080808080808080808080808080808080B1
:105FF00080808080808080808080808080808080A1
:106000008080808080808080808080808080808090
:106010008080808080808080808080808080808080
:106020008080808080808080808080808080808070
:106030008080808080807F808080817F81807F8061
:106040008180807F8080818080817F808081807F4F
:10605000807F8080807F817F808180808080808041
:10606000817F817F7F827F80817F7F827F80817F30
:106070008180808080808080808080808080817F1F
:106080007F807F817E827E81807F817F817F817F13
:106090008081807F827E80827E817F80807F808100
:1060A000807F817F7F817F80817F80817F80817FF2
:1060B000817F80817F8080827F8080818080827FDD
:1060C0007F817F8081808180817E837E81807E82CE
:1060D0007F8080827E818080807F817E837D8280C0
:1060E0007E827E817F817F80817E827E827E827FB2
:1060F00080817F827F817E827E817F80817E827EA1
:1061000081808080808080817F817E80818080818D
:106110007F80817F8180808080808080808080807F
:10612000808180818080817F80808080818080816B
:106130007E817F8080808180827F82808182808159
:1061400081828181808281818180817F7F7E807D4B
:106150007F7F7D817F818181818282818381838232
:106160008181818081807F8088878A918B90908CCB
:106170008B8983807E76787472757276797C7E8363
:10618000848789888B87898483817E7E7A7B797AEC
:106190007A7B7D7D817E8A928C9E97969B948C8D56
:1061A00083797D6E706F6B6F7175778080868B8958
:1061B0008E8C8A898782817E797B767878797B7DDF
:1061C0007F808483848D958F9D9993979185887D19
:1061D00073776E6C716F717A7B7E89848C8D8A8CFB
:1061E000898880857B7B7C767A797A7B7D807F84C9
:1061F00084838685808D938B99978D928D7E807B0D
:106200006C736F6A7276747F84828C8C898D8B85B7
:1062100087827D7F7B777B79787E7C7D828182859A
:10622000838284837F81938D92A1919194837C7BDF
:1062300071657269697A767B888787918C898E8689
:1062400082837E797D78797A7A7B7D807E83838272
:106250008583848382837E80938E929E938B9081AC
:1062600073776D636F6F6D7C82808B9187908E8466
:1062700089867E7E8077797E757A7F797F8182813B
:10628000868582878380847E7F7D7D9091909E9697
:10629000898B826D726D636D7772808C858E918B28
:1062A000878A827C817B787D7C797C807B7E847D03
:1062B0008284838384867E85807C807D7D7B7E93C3
:1062C00093939C9781817B64686D697082868596C3
:1062D00090898C877C7C7F767A807C7E81827B81B2
:1062E000807B8182818287828283807D7E7E7B7EAD
:1062F000817F80847E879A9090968A77777364698D
:10630000797B7F90968A898A7B717779737D8A867B
:10631000868C877C7C7D7577808181878A83828368
:106320007C787B7D7C8086838486837F7E7D89925A
:106330008D8F908575757469707D81848E92888546
:10634000837A74767B7A7F88878786847E797C7966
:106350007B7F82858388837F7F7C7D7A7F8080843A
:1063600084848180807C7E7C8C948D908F867574F3
:10637000756B707D83848B918782827D76767E7D3E
:106380007F85888482847F7A7C7D7D7E83848283FE
:1063900083817D7F7E7D7E8082818283817F807FFD
:1063A0007F7D838C8B898B8B817A7B7974777E7FE1
:1063B0007F8487838182817D7D80807F81838280CD
:1063C00080807E7D7F807F8081808080807F7F80D5
:1063D0008080808181808180807F80807F868B88A3
:1063E0008789887E7C7E7A77797F7E7D8183817FB5
:1063F0008282807F818281808282807F80807E7E97
:106400007F807F7F818180808181808081817F808A
:1064100081807F8081807F8489868688898380814E
:10642000807C7A7D7E7B7B7F807E7E818180808286
:106430008381818382808081817F7E80807E7E8057
:10644000807F7F8080808081818080818180808149
:106450008584838586848181827F7D7E7F7E7C7E2C
:106460007F7E7D7F80807F8082818081828180812C
:1064700081817F8081807F7F80807F7F80807F7F20
:1064800081808080818180828483838485838182EE
:1064900082807F7F807F7E7E7F7E7E7F7F7F7F7F0B
:1064A00080808080818180818181808181808080E5
:1064B0008080808080807F808080808080808283D8
:1064C000838383838382828281808080807F7F7FB9
:1064D0007F7F7F7F7F7F7F7F7F7F808080808080C6
:1064E00080808181818080808080808080808080A9
:1064F000808081828282838484838383838281817A
:1065000081808080807F7F7F7F7F7F7F7F7F7F7F95
:106510008080808080808080818180808080808079
:106520008080808080808081828283838383838354
:10653000838382828281818180807F7F7F7F7F7F52
:106540007F7F7F7F7F7F808080808080808081814F
:106550008181818181818180818182828283838323
:106560008383838282828281818181808080807F17
:106570007F7F7F7F7F7F7F7F7F7F7F7F7F80808028
:1065800080808080808080808080818282828283FF
:1065900083828283828282828181818180807F7FE7
:1065A0007F7F7E7E7E7E7E7D7D7D7E7E7E7E7E7E0C
:1065B0007E7E7F7F7F7F7F7F7F80808080808080E6
:1065C00080808080808181808080808080808080C9
:1065D00080808080808081808081818180808080B7
:1065E000807F80807F8080808080808081808080AC
:1065F000808080808080808080808080808080809B
:106600008080808081808080818080818180808086
:10661000808080808080807F8080807F808081807B
:1066200080808080808080808080807F808180806A
:10663000808080808080808080808080807F80815A
:10664000807F80808080808080807F808081807F4C
:10665000808080808080808080807F808080818139
:106660007F7F808080808180807F808180807F7F2D
:106670008082807F808081807F808181807F808117
:10668000817F7F8182807F80808080818080808008
:106690007F80808080808080808180807F807F81FB
:1066A00080807F81837F7F807F808180807F8182E7
:1066B000807F7F8181807F80807F808080818080DB
:1066C00080808080807F7F808183807E7F818182C7
:1066D0007F7E808181807E8083827E7C8284807CBC
:1066E0007E82817E7D818281817F8082817E7E81AA
:1066F00082807D81837F7E80818081818180808195
:106700007E7E808281827E7D8085827D7E80838286
:106710007D7B8084817D7E8184807D7F8181807E80
:106720007F81807E7F81807F82827F7F8183817D68
:106730007E8182807E7F8180808182807E80838254
:106740007F7E81817F7E8081807F8081808080804C
:1067500081808180808181807F8081817F7E7E8237
:1067600084807C7E8183807D7D8084837D7B818627
:10677000827C7D82847F7D7F81817F7E8082827F1B
:106780007F81828180807F7F7F81817F7E82828006
:106790008080807F8082807D7F83827E7D808282F8
:1067A000807F8082817F7E7F8182817E7E818280E8
:1067B0007F81827F7E81838180807F8082817E7ED7
:1067C00080828180808182817F7E7F818181807FC4
:1067D0007E8083817F7E8183827E7D8083817D7EBA
:1067E0008284807D7F8282807F80818180807F80A3
:1067F0008080818181808182807F8081817F7F7F95
:1068000080807F7E8081807E7E8183817E7E818389
:10681000817E7E81828182848482818181817F7F69
:106820007F807F7E7E7E7F7F7E7F80808080808174
:10683000818181828990918A858484817A777A7E28
:106840007E7B7A7C7E7C797A7E8182828386878554
:1068500083828790938E878585827A7575787A781A
:10686000787A7D7D7C7C7E82848585878988858217
:1068700084909D9F938783817A6E696D777B79770A
:106880007B7F7E7A777E868A8A8A8D8E8A837D80D8
:1068900092A5A79687828076655E67777E7B797EF4
:1068A00084827A787F8A8D8C8C8F9089817A7D938F
:1068B000A8AB9887817E735F596477807D7D8389DB
:1068C000847B787F8A8C8C8B8E8F877D757991A65F
:1068D000AA9989858579645C65787F7C7C838B86C1
:1068E0007C777E888886868C8E877D777887A2B233
:1068F000AC988A847A6655586A7A7F7E858F9287AB
:106900007C7D8488827F848A887E77787A88A2BA20
:10691000BBA590827763505162777F81889093887E
:106920007D7B8286807B7D85887F78797E8DA7BD03
:10693000BEA79180725C4A4D607781878E97978958
:106940007C7980838080858C898077777885A3BCEB
:10695000BEA58F82745D46495F798387939D9C8A2B
:106960007A777C7F7B7C858F8D81797979798EB000
:10697000C6B79A867B694B3D4B6B8188909DA69AE2
:106980008274757C79787E8E948B7E777A75728C22
:10699000B3C9B5968782704C3B4D6F83868FA2AB8F
:1069A0009B7F717477726E7C91978E8280807869FC
:1069B00079A6C2B7948B8D80583B46677D7C839BBC
:1069C000AFA687777B7F73667188958B82858A8176
:1069D0006F6686B2BEA88E9390764B3C536C7678E9
:1069E0008BAAB09F847F7F746562778A918D8D9327
:1069F0008C7C6C6886A7B1A092968F755046586BB8
:106A0000737991AAAE9D88827C6E606276858A8A4F
:106A100090968E7D72707B97AAAA9A918E7D60481F
:106A20004F64757B89A1ADA38C7F7B716561728496
:106A30008C8C8F948F7E716F737386A7B8AC938B99
:106A4000877153485E747C8090A7A38F7D7C7B6E9A
:106A5000666F848D89898E8F82727077787A95AF10
:106A6000AF97898A7F634D587078778099A191801C
:106A70007F847C6D70818C8782888E867572797D2B
:106A8000787997ACA68E888F836857677979747EFA
:106A90009598887B80877B6F73858B8380888F84B4
:106AA00077767D8076788FA09A8989918A736671CE
:106AB0007C7871798B8E827A8288807578848880E0
:106AC0007E868C867C7C82827A7782909087868D87
:106AD0008D8176787F7C75768086817B7F85827BD1
:106AE0007A8185817E828786807E82837F7B7E8697
:106AF0008885828689847E7C7F7F7B7A7D81817E8A
:106B00007E82827F7D7F81807F7F82838180818280
:106B1000817F7E8083838282848482807F807F7E67
:106B20007D7E807F7F7F80807F7F7F80808080816F
:106B30008181808181818080808282828182828144
:106B4000807F7F7F7F7F7F80808080808080807F4C
:106B50008080808080818180808081808080808032
:106B60007F7F808080808080808080808080808126
:106B700081808080808080808080807F8080807F16
:106B80007F80808080808081807F7F7F8080808008
:106B90008180808080808081817F7F8181807F80F3
:106BA000807F7E7F81808081818280807F818180E3
:106BB00080807F7D8184827F7E7F7F7E7E7F8082DA
:106BC00082807E7C7C808482818182807C7C8083C8
:106BD000837F7E80827F7E818685807D7F817E7CB3
:106BE0007F85838081837F797C84867F7D82847F9B
:106BF0007B7E82827E8083827E7D81817D7C80829D
:106C0000807E808485828181817F7D8184827F8076
:106C1000818080848682808486868585837E7A775B
:106C2000797F8284848483817F7E7E80808180835B
:106C300091A2A49481766F6B6B7686908D857F7C14
:106C400078747680898B8783827F7A777B8186844C
:106C500083818DABBEB0866558595B6A88A8B09CAD
:106C6000806F6B696A748A9B9A8B7C777573727B71
:106C70008A918D827C88A9BCAB7C575059657697E8
:106C8000B6B9996F5A5C68738196A59F856D6770D8
:106C9000787B838E968C7D7084B5D6BF7B463E55BF
:106CA0006A7E9FC4C99D5C3A4A7490949397998672
:106CB0006A5D6E899284747A8D9488727FB6DFC61D
:106CC0006D2523568BA0AAB6B69253304784B0A93F
:106CD00088757D8981706D808F887470849C9A7CA2
:106CE0006788CAE8B04B10256DA4B6B5B1A0723E56
:106CF000305D9FBBA275677B918C746976898A7DB4
:106D00007A899991725D82CCF3C153061362AEC940
:106D1000BDA58C6A443B609FC4AF7E5E6B8A958242
:106D200069697E918F8280888D7D656CA4E3E79888
:106D300031002880C2CFB493785D474A72A8C0A7BB
:106D400074566385978B736C7B8D8F837B80888370
:106D5000736B8BC7EAC566110648A1D4CFA88166BC
:106D6000544C5B82ACB99D705865869A9077697275
:106D700087938D807A7E807B758BBADFCA792002FB
:106D80003591D5DBAF7C5F5A5D647591A9A98D6B98
:106D90005D6C849086777582929182716D79868B15
:106DA0008592B3D1C381330F307CBECFB38A706874
:106DB0006662647694ABA98D6D5E677986888486F9
:106DC0008B8E85756B6F7D8B8E8A97B7D1BF7C302C
:106DD0000E317DBFD1B68D70666360637594ACADC6
:106DE0009472606476838583858D918A796B6B77E5
:106DF000868E8A8699BBCFB5712D184085BAC4ABF3
:106E00008C776F675E607191A8AA977C6D696E72CE
:106E1000767F8D9A998C786B6B747F85888995B114
:106E2000C4B9874B2836699BB6AF9B897B70615B81
:106E3000647D98A39D8D7F77726D6B7181919A941B
:106E4000877A747374767B838B99AEBBB189583A19
:106E500040648CA2A59D958A7B67595B6C86999F3F
:106E60009A9085786C656977879395908980797118
:106E70006E727C868FA2B6BDA6774E4053728995FE
:106E8000989EA0947D645B6475848B9296968C7AB0
:106E90006C686F7B83888C908E867B7171767D8227
:106EA000869BB5C0AA7D594F5D6E767D8B9DA5965C
:106EB0007E6B686F74777F8B98988C7D7374757612
:106EC000787E89908E867D7A7A7978798198B3B93F
:106ED000A68369636565646C81979E95877F7C76E0
:106EE0006F6D76858F8F8B8785817872727A8285B8
:106EF00086868787817B77797C859BA7A394867F0D
:106F00007C726766707F8787858889847B75777DCB
:106F1000808182868A88827D7C7D7D7B7C7F838365
:106F200081818181807E8694968D87898A847A7515
:106F3000777C7A76787E817E7D7F8284817F828570
:106F40008481818283817E7D7F807D7C7E807F7E47
:106F50007F808188908E898C908A8382817E7C79E3
:106F6000777A7B79787C7F7E7E808283848383843A
:106F700084818182817F7F7F7E7E7E7E7E7F7F8116
:106F80008A8D87888F8E858487847F7E7D7B7B7AC0
:106F9000787A7D7C7B7F81818183848484848383F0
:106FA000828180807F7E7E7E7D7E7E7E848A8785D4
:106FB0008B8E878589878080817E7B7C7B7A7B7BBB
:106FC0007B7D7E7E808281828483838383828182B3
:106FD000817F7F7F7E7E7F7E80868683878C88848C
:106FE0008989828184807C7E7E7B7B7D7C7B7D7EAB
:106FF0007E7F80818282828383828282818081807F
:107000007F7F7F7E7E838683848A8884888A83814B
:1070100085827C7F817B7A7E7D797D7F7C7D81808E
:107020007F818381818382818282818081807F7F51
:107030007F818583838788848789848386837F8112
:10704000817D7D7F7D7B7E7E7C7D7F7E7E8080805E
:10705000818281818282818181818080808083841C
:10706000818387838387848184848080827F7E80FC
:107070007E7D7F7F7D7E7F7F7E808080808181801E
:1070800081818181818180808180808484808586E6
:10709000828487838285837F81817E7E807E7D7EE0
:1070A0007E7D7E7F7E7F80808080818180818180E7
:1070B0008180808080807F7F8485818688848688A7
:1070C000858285837F80807D7C7E7C7B7D7E7D7ECE
:1070D000807F8081828181838281828181808080A2
:1070E0007F7F7F7F7E858782898D87888C88838656
:1070F000857D7E7F7A797C7B787C7E7C7E828181B7
:107100008584838484838182807E7F7E7E7D7E7E73
:107110007D7E858C868C938B8B8F8B818585797A10
:107120007D78747A7D767C827E7F86868186888271
:107130008385817D817F7B7E7E7D7C7F7F7D808856
:10714000928A909A8E8B918D7D7F8473717C746E00
:10715000787D767A8781808A8983878A8281848113
:107160007C7E7F7A7A7F7D7A80807F808494918C08
:107170009C98898C8F7C757F756975786E74817D1C
:107180007B888982888D868289847C80807B797DDA
:107190007D777F7F7C7F82828180909E8E96A39078
:1071A000838B846A71796768797871808B7F859128
:1071B0008A848B8B8080857C797E7C777B807A7DCE
:1071C000837E7F84818182869D9A8FA09C84808526
:1071D0007162726F6571817C7D8F8C878A8F857EED
:1071E0008680797C7E7B788180767F827B7F8383BB
:1071F0007F8386827E94A58E95A48D787F7B606246
:10720000776D69838A818A968C818986787B7E7B7B
:10721000777E827D7F83827F7F837F7D81827F8077
:10722000838182A3A18B9F9C7F717D6E586E787045
:107230007A8F90848F90807C7E7F757B858181851D
:1072400088817D7F7C79797F818084878481827E3B
:1072500080A09D8C999B7F6E786F5C697D7D7E9010
:10726000978B85888072737B7A7A848D88858883F2
:107270007B777A79787E8585868786817E7B7FA0FD
:107280009C8C9B9B826A76725B6A7F82818E9B8AD2
:1072900081857C746D7A7F7C858D8D848383797400
:1072A000787B7B7E8789868685817A77819E9C8E96
:1072B0009A9C826B72725E667E86848C9B8F807FC6
:1072C0007D746C778180848D908681807C74747BE2
:1072D0007E7F848B8A8582827D748CA3928E99971F
:1072E000786A796D636B8189818F968D7F7A8173DE
:1072F0006F798085808C9084817C8078747E7F8398
:1073000081868A8080807C8C9B968D94947C72731D
:10731000736A6C7E8384868F8D817D7E7C75778297
:1073200083828487857E7D7D7C797B808281838555
:1073300084817E839A9C8C91988C75737A71687223
:1073400081817D848C877D7E837E777E8585808329
:107350008A847D7D817D797B81817D8084837E822D
:107360009B9C8E8E979279757C786D6D7D81797DF1
:1073700086897D7981817C77818780808489837DFE
:1073800082837F7A7D837E7D7E8480889995908EAE
:10739000948C7C7A7A7A71727B7D7C7B8385807F0A
:1073A0008284807D8183827E818481807F83807DD1
:1073B0007F7F817D7F8089948F8E90938C80807F6A
:1073C0007A74747A7977797F817D808284828084EF
:1073D0008482808283807F7F82807E7F80807D7FA9
:1073E0008B918C8B91948B8385867E77797C797455
:1073F000767C7C7A7B81837F81848683818485838C
:10740000808182807E7E807F838C8D8B8B91908922
:107410008586867F7A7C7C7A76787C7B797A7E809A
:107420007E7F828382818485838282848280808041
:10743000858B8C8B8B8F8E898584837E7A7A7A7903
:1074400077787A7B7A7B7E7F7F8082838283838456
:1074500083828382828180858C8D8B8B908F8885BF
:1074600085847E7A7A7B7976787B7B7A7B7E7F7E59
:107470007F81838282848484828383828181898ED6
:107480008C8B8D918C868485827C7A7C7C78777AD3
:107490007B7A7A7C7E7E7E808282818284848383F2
:1074A000838381858C8F8C8C9090898485847F7A6E
:1074B0007B7D7A77787B7B797A7D7E7D7E81828108
:1074C0008183848383838482858B8F8D8C908F8A44
:1074D0008584847F7B7B7D7B77787A7A78797C7DE5
:1074E0007D7D8082818283848483848384888D8E61
:1074F0008C8E8F8D878585827D7B7C7C79787A7B6D
:107500007A797B7D7D7D7F81818182838483838382
:1075100084888C8D8C8E8F8C888685827E7C7D7C09
:1075200079797A7B7A7A7C7D7D7E8082828283847F
:1075300084838383858A8B8C8C8E8D8987858480D8
:107540007D7D7D7B797A7B7B7A7B7D7D7E7F808173
:107550008182838383838384878A8B8B8D8E8B88C0
:107560008685837F7E7D7C7A7A7B7B7B7A7C7D7D42
:107570007E7F808181828283828283888A8B8C8EC7
:107580008E8C89888683807F7E7C7A7A7B7A7A7AF1
:107590007B7C7C7D7E808080818282828284878ADF
:1075A0008B8B8D8D8B89888683807E7D7B7A7A7AA2
:1075B0007A7A7B7C7D7D7D7F8080808282828282E0
:1075C0008387898A8B8C8D8B8A88878481807E7C57
:1075D0007A797A79797A7A7B7C7D7E7F80808182E4
:1075E0008282828387888A8B8C8D8B8B8A88868324
:1075F00081807D7C7A7B7A7A7B7B7C7D7D7F7F80BE
:107600008081828181828184868789898B8B8A8A25
:107610008988858382807E7C7C7B7A7A7B7B7B7B7E
:107620007C7D7D7F7F8080818282828689898A8C31
:107630008D8C8A8A88868482807E7D7C7B7A7A7A29
:107640007B7B7C7C7D7E7F80808282828383828A3A
:10765000918D9095908D8C8A837F7F7A76777776DF
:10766000767879797B7D7E7F80838284848585842A
:1076700085858285908F8F97948E908C847F7C7582
:107680007072706F7374787C7F8284878788898634
:107690008785838280807E7C7F8B8D8C9895909768
:1076A0008E87857D7672716B6D716F787C7E868733
:1076B0008A8D8C8C8988848181797C79777C787AB1
:1076C0008B8E8B9E96929D8E87887B75746F6A7069
:1076D0006F707B7A7F88858B8D898B888683827E8D
:1076E0007C7C797B7B797F7A8D90899F93909C8736
:1076F00088857974756F6A766D747F778587848DD8
:10770000898A89868680837C7B7F757E7A79817B76
:1077100080938E91A291959B8487827272716A6A1E
:10772000756C79807A8B87888F8A8B898682817E37
:107730007A7D787A7C787F7C7E847B8C98889F9B0E
:107740008D9B8E7F86766E726C697173727F81817C
:107750008D8B899089878980807F7B787D77797F01
:10776000797F827C84847E8C9A879F9C899B8C7A8B
:1077700085736B716B67747472877F879188908D46
:10778000888884817C7E79787A777B7B7D7E808512
:107790007F888382887F82968B8FA08C8F947E7E59
:1077A0007C6E6A73686D7B728088838E8E8C8A8F04
:1077B000818185727F79737E787D7E838083887FE7
:1077C000878280837E807D7F918E8FA0919094822E
:1077D0007D797167716B6A7C78818B8A8E8D9183DC
:1077E0008884758176767C797D7E848084887E88A5
:1077F000807F817D7F7C807F7D837F827F99968D56
:10780000AC918D94807175715B7370698581839083
:10781000918B8C8F7D8181737B78787980817D8954
:10782000828188807F827E7C7F7F7B82817D867E55
:10783000838081817E7F969591A59A8795816E74CC
:107840006E5F6C766C7D89838A9489878D7E7D7E60
:1078500079777A7F7883838085848280827E7B8239
:107860007C7E80817E83837E83817F817E817E8119
:107870007E999B8FA89787897F6866725D6C7E79F9
:1078800083939288968B7B847B72777C767C887FCF
:10789000858A8382847F797E7C7A7F8280828680DB
:1078A00082837D807C7F7D7F827E83838083817DD8
:1078B000989B8DA398838280656273636B858583B3
:1078C0009797848D8975767C737385817E8C8A8089
:1078D000838477797F797B83848087868080827AAE
:1078E0007A807B7E82838283867E81807D7C7F7F9F
:1078F0007E808AA39697A28578756B5A64776E818D
:10790000979090978E797D796B737D7D7F908B8436
:10791000888278757C77788685858A88827D7F786D
:10792000767D7D8182898582867D7C7B7C7C7C8561
:107930008085858282827F94A09094927C666D6718
:107940005A72838390A097878A806A6F76727B8948
:107950008E878C8B79797875747F87838C89847D09
:107960007C7A737C80808686897F827F7A7D7C802A
:107970007F8282828080807E80808180807F85A0DF
:10798000948E91866E6471676B829095929B8B78D2
:10799000756F6D6E818889928F867B7A746F7A801D
:1079A00085898E8A807F7974767C80838A8A8582B5
:1079B0007E7A76787C8083878984837E7C797A7FDF
:1079C0007E8484868380807B7C7D7C86A09A8C8F5D
:1079D000856A606D6E6D8797948F958A72727470E8
:1079E00072838E878E8D82777779727A8686888980
:1079F0008B7E7B7B77787C8583868A83817B7D7891
:107A00007A8081878588847F7D797B797E82828771
:107A10008385807E7D7A7E7D828096A18F8C897C15
:107A20006266736C788C988E8E927E7072757176A9
:107A3000898B8A8B8C80767978757A85868589881A
:107A4000807C7B7A787D8283858685817E7D7B7C48
:107A50007D81817F8381807E80817D818180808125
:107A6000827E807F7F7F7F837E869A958C888972D5
:107A7000647172717C9093898F8B7D737778737D3D
:107A800086898689897D7B797B787C8584868586D5
:107A9000817C7D7B7C7D8184838583827E7D7D7CF2
:107AA0007E7F8282818480807E7F7F7C82808281D3
:107AB00082827E807F7F7F7F818495948A8A887A84
:107AC0006A71777279899088898C8176757A7777EF
:107AD0008388878688857B7A7B7A7A7E858584858C
:107AE00084807C7C7D7B7E8184838284817F7D7E9B
:107AF0007E7C8083828282837F7E7E7E7E7E818288
:107B0000818182817E7F7F7F7F7F85908F89898938
:107B10007D7175797678848B858689857B797D7C86
:107B20007A7E8685828384807B7D7E7D7D81848252
:107B30008182827E7D7F7F7E7F8282818181817E44
:107B40007E80807F808281808081807F7F80807F37
:107B5000808180808081807F8080817E828B8A8608
:107B6000868981797A7D7A777E8483818689837F0D
:107B700080827D7B8083818085867F7C7E807A7A0F
:107B80008082807F83827E7D80837F8286878382DE
:107B900084827E7D7F7F7C7E80817F8083838280E4
:107BA00080817F7E7F8180808384838182817E7ECD
:107BB0007F81808184827F7E807F7C7E80807F81C8
:107BC00083807F80807E7E818181818484818182A7
:107BD000827F7F81817E7E8182807F82838281839A
:107BE0008582808182807E8082817F8182807F8089
:107BF000817F7F818180818282818283828283836F
:107C00008281817F7F7F7F807F8081818180817F72
:107C10007E7E7F7F7E808181808080807F7F80806C
:107C200080818080808180808080807F8080808053
:107C30008181808080807F7F8080808080807F8045
:107C4000807F7F8080808080818080808080808035
:107C50008080808080808080808180808181808021
:107C60008080808080808080808080808080808014
:107C70008080808080808080808080808080808004
:107C800080808080808080818080818180808080F1
:107C900080808080808080808080808080808080E4
:107CA00080808080808080808080808080808081D3
:107CB00080808080808080808080808080808080C4
:107CC00080808080808080808080808080808080B4
:107CD00080808080808080808080808080808080A4
:107CE0008080808080808080808080808080808094
:107CF0008080808080808080808080808080808084
:107D00008080808080808080808080808080808073
:107D10008080808080808080808080808080808063
:107D20008080808080808080808080808080808053
:107D30008080808080808080808080808080808043
:107D40008080808080808080808080808080808033
:107D50008080808080808080808080808080808023
:107D60008080808080808080808080808080808013
:107D70008080808080808080808080808080808003
:107D800080808080808080808080808080808080F3
:107D900080808080808080808080808080808080E3
:107DA00080808080808080808080808080808080D3
:107DB00080808080808080808080808080808080C3
:107DC00080808080808080808080808080808080B3
:107DD00080808080808080808080808080808080A3
:107DE0008080808080808080808080808080808093
:107DF0008080808080808080808080808080808083
:107E00008080808080808080808080808080808072
:107E10008080808080808080808080808080808062
:107E20008080808080808080808080808080808052
:107E30008080808080808080808080808080808042
:107E40008080808080808080808080808080808032
:107E50008080808080808080808080808080808022
:107E60008080808080808080808080808080808012
:107E70008080808080808080808080808080808002
:107E800080808080808080808080808080808080F2
:107E900080808080808080808080808080808080E2
:107EA00080808080808080808080808080808080D2
:107EB00080808080808080808080808080808080C2
:107EC00080808080808080808080808080808080B2
:107ED00080808080808080808080808080808080A2
:107EE0008080808080808080808080808080808092
:107EF0008080808080808080808080808080808082
:107F00008080808080808080808080808080808071
:107F10008080808080808080808080808080808061
:107F20008080808080808080808080808080808051
:107F30008080808080808080808080808080808041
:107F40008080808080808080808080808080808031
:107F50008080808080808080808080808080808021
:107F60008080808080808080808080808080808011
:107F70008080808080808080808080808080808001
:107F800080808080808080808080808080808080F1
:107F900080808080808080808080808080808080E1
:107FA00080808080808080808080808080808080D1
:107FB00080808080808080808080808080808080C1
:107FC00080808080808080808080808080808080B1
:107FD00080808080808080808080808080808080A1
:107FE0008080808080808080808080808080808091
:107FF0008080808080808080808080808080808081
:108000008080808080808080808080808080808070
:108010008080808080808080808080808080808060
:108020008080808080808080808080808080808050
:108030008080808080808080808080808080808040
:108040008080808080808080808080808080808030
:108050008080808080808080808080808080808020
:108060008080808080808080808080808080808010
:108070008080808080808080808080808080808000
:1080800080808080808080808080808080808080F0
:1080900080808080808080808080808080808080E0
:1080A00080808080808080808080808080808080D0
:1080B00080808080808080808080808080808080C0
:1080C00080808080808080808080808080808080B0
:1080D00080808080808080808080808080808080A0
:1080E0008080808080808080808080808080808090
:1080F0008080808080808080808080808080808080
:10810000808080808080808080808080808080806F
:10811000808080808080808080808080808080805F
:10812000808080808080808080808080808080804F
:10813000808080808080808080808080808080803F
:10814000808080808080808080808080808080802F
:10815000808080808080808080808080808080801F
:10816000808080808080808080808080808080800F
:1081700080808080808080808080808080808080FF
:1081800080808080808080808080808080808080EF
:1081900080808080808080808080808080808080DF
:1081A00080808080808080808080808080808080CF
:1081B00080808080808080808080808080808080BF
:1081C00080808080808080808080808080808080AF
:1081D000808080808080808080808080808080809F
:1081E000808080808080808080808080808080808F
:1081F000808080808080808080808080808080807F
:10820000808080808080808080808080808080806E
:10821000808080808080808080808080808080805E
:10822000808080808080808080808080808080804E
:10823000808080808080808080808080808080803E
:10824000808080808080808080808080808080802E
:10825000808080808080808080808080808080801E
:10826000808080808080808080808080808080800E
:1082700080808080808080808080808080808080FE
:1082800080808080808080808080808080808080EE
:1082900080808080808080808080808080808080DE
:1082A00080808080808080808080808080808080CE
:1082B00080808080808080808080808080808080BE
:1082C00080808080808080808080808080808080AE
:1082D000808080808080808080808080808080809E
:1082E000808080808080808080808080808080808E
:1082F000808080808080808080808080808080807E
:10830000808080808080808080808080808080806D
:10831000808080808080808080808080808080805D
:10832000808080808080808080808080808080804D
:10833000808080808080808080808080808080803D
:10834000808080808080808080808080808080802D
:10835000808080808080808080808080808080801D
:10836000808080808080808080808080808080800D
:1083700080808080808080808080808080808080FD
:1083800080808080808080808080808080808080ED
:1083900080808080808080808080808080808080DD
:1083A00080808080808080808080808080808080CD
:1083B00080808080808080808080808080808080BD
:1083C00080808080808080808080808080808080AD
:1083D000808080808080808080808080808080809D
:1083E000808080808080808080808080808080808D
:1083F000808080808080808080808080808080807D
:10840000808080808080808080808080808080806C
:10841000808080808080808080808080808080805C
:10842000808080808080808080808080808080804C
:10843000808080808080808080808080808080803C
:10844000808080808080808080808080808080802C
:10845000808080808080808080808080808080801C
:10846000808080808080808080808080808080800C
:1084700080808080808080808080808080808080FC
:1084800080808080808080808080808080808080EC
:1084900080808080808080808080808080808080DC
:1084A00080808080808080808080808080808080CC
:1084B00080808080808080808080808080808080BC
:1084C00080808080808080808080808080808080AC
:1084D000808080808080808080808080808080809C
:1084E000808080808080808080808080808080808C
:1084F000808080808080808080808080808080807C
:10850000808080808080808080808080808080806B
:10851000808080808080808080808080808080805B
:10852000808080808080808080808080808080804B
:10853000808080808080808080808080808080803B
:10854000808080808080808080808080808080802B
:10855000808080808080808080808080808080801B
:10856000808080808080808080808080808080800B
:1085700080808080808080808080808080808080FB
:1085800080808080808080808080808080808080EB
:1085900080808080808080808080808080808080DB
:1085A00080808080808080808080808080808080CB
:1085B00080808080808080808080808080808080BB
:1085C00080808080808080808080808080808080AB
:1085D000808080808080808080808080808080809B
:1085E000808080808080808080808080808080808B
:1085F000808080808080808080808080808080807B
:10860000808080808080808080808080808080806A
:10861000808080808080808080808080808080805A
:10862000808080808080808080808080808080804A
:10863000808080808080808080808080808080803A
:10864000808080808080808080808080808080802A
:10865000808080808080808080808080808080801A
:10866000808080808080808080808080808080800A
:1086700080808080808080808080808080808080FA
:1086800080808080808080808080808080808080EA
:1086900080808080808080808080808080808080DA
:1086A00080808080808080808080808080808080CA
:1086B00080808080808080808080808080808080BA
:1086C00080808080808080808080808080808080AA
:1086D000808080808080808080808080808080809A
:1086E000808080808080808080808080808080808A
:1086F000808080808080808080808080808080807A
:108700008080808080808080808080808080808069
:108710008080808080808080808080808080808059
:108720008080808080808080808080808080808049
:108730008080808080808080808080808080808039
:108740008080808080808080808080808080808029
:108750008080808080808080808080808080808019
:108760008080808080808080808080808080808009
:1087700080808080808080808080808080808080F9
:1087800080808080808080808080808080808080E9
:1087900080808080808080808080808080808080D9
:1087A00080808080808080808080808080808080C9
:1087B00080808080808080808080808080808080B9
:1087C00080808080808080808080808080808080A9
:1087D0008080808080808080808080808080808099
:1087E0008080808080808080808080808080808089
:1087F0008080808080808080808080808080808079
:108800008080808080808080808080808080808068
:108810008080808080808080808080808080808058
:108820008080808080808080808080808080808048
:108830008080808080808080808080808080808038
:108840008080808080808080808080808080808028
:108850008080808080808080808080808080808018
:108860008080808080808080808080808080808008
:1088700080808080808080808080808080808080F8
:1088800080808080808080808080808080808080E8
:1088900080808080808080808080808080808080D8
:1088A00080808080808080808080808080808080C8
:1088B00080808080808080808080808080808080B8
:1088C00080808080808080808080808080808080A8
:1088D0008080808080808080808080808080808098
:1088E0008080808080808080808080808080808088
:1088F0008080808080808080808080808080808078
:108900008080808080808080808080808080808067
:108910008080808080808080808080808080808057
:108920008080808080808080808080808080808047
:108930008080808080808080808080808080808037
:108940008080808080808080808080808080808027
:108950008080808080808080808080808080808017
:108960008080808080808080808080808080808007
:1089700080808080808080808080808080808080F7
:1089800080808080808080808080808080808080E7
:1089900080808080808080808080808080808080D7
:1089A00080808080808080808080808080808080C7
:1089B00080808080808080808080808080808080B7
:1089C000808081808080808080808080807F8180A6
:1089D0007F81808080808080808080808080808097
:1089E00080808080807F8180808080808180808086
:1089F0007F80808080808080808180807F80808078
:108A000080808080807F817F81807F818080808066
:108A100080808080807F8080808181808081808054
:108A20008080817F807F8180818080817E81808045
:108A300080808080827E82807E827F8081807F8035
:108A4000817E827F7F827F8081807F827D81808026
:108A50008180808081807E827E8180808080807F16
:108A6000817F80817F827F8080807F80817D837E07
:108A700080817F808180807F817F817F80817F80F6
:108A80007F817F81807F827F8180807F817F8081E5
:108A90007E817F817F81807F827E81817F808180D6
:108AA0007F827D827F808180808080807F817E81C7
:108AB00080808180807F827E8180807F80808081B5
:108AC0007F81817F8180817E817F80817E818081A5
:108AD0007E847D827F7E837F7F80817E827F817F97
:108AE000817F80807E8280817D837E837F80807F86
:108AF0008080837D837E817F7F8180817E827E8076
:108B000081808081807F817E81808080817F817E65
:108B1000817E83807F827E7F817F7F817D837F8056
:108B2000807F7F82817D847C837F7F808180808045
:108B30007E82808180817F817F7E827F8080807F36
:108B400080808180818080817F818080817F7F8221
:108B50007E818082807F8082807F847D8180808111
:108B6000807F817F7F827F8080807F808081807E08
:108B700080808081808080807F80817F80807F7FF7
:108B8000817F807F827F80807E8081817E837D82E5
:108B9000807F80817F817F7F81807F7F827F827ED7
:108BA000827F807F827F808180817E827E827F81C2
:108BB0007D8081808180817E817F817F827F8180B5
:108BC00080808081807F80817F8180827F808082A1
:108BD0007E82827F817F817F817E827E81807F8095
:108BE0007F837E817F807E827E817F80817F817F87
:108BF000807F837E82807F817F80808080817F8173
:108C0000808180808181817F818180808080807F60
:108C10007F7F807E81807F82808080818081808153
:108C20008180818080808080807F7F807F8480833E
:108C3000838183828280827F817F80807F7F7F7F2C
:108C40007F7F7E807F7F807F808080818081818127
:108C5000818180817F8386838986858786848582DA
:108C600081817E7F7E7D7D7D7C7D7D7D7F7E7F8021
:108C70007F808181828183828283818281818985D3
:108C8000898F898E8E898C898586817F7E7B7B7991
:108C90007979797A7A7C7C7E7F7F828083818382F6
:108CA0008282818181807E8C848B948995958B953D
:108CB0008D858B807C7F7575776F7675737D787FFA
:108CC00081808786878A888888868484807E7F786A
:108CD00082887D948B899E8A9396868D877E7E7A04
:108CE0007473746E7375727B7B7E838586898B88C3
:108CF0008B88848781807F7B7A7880878291928B32
:108D00009C938E978886877A7976726E736F727766
:108D1000767D818289898A8D8A8A888682807E7B17
:108D200079797778788A878A9E9095A38E92957FB5
:108D3000837F7074706A6E7170747C7D808A87899D
:108D400090888C8A8485807E7C797A77797A7A7B20
:108D500085938A99A0909C9A898F847B77746F6998
:108D600072716E7D797E87848B898B8D858A8580F3
:108D7000837B7D7B787D777D7E79847C86978A98DE
:108D80009D8F969289847F7C7173736B7373757AF0
:108D90007C83818589868A8886878284807E807BA1
:108DA0007E7C7B7E7A7F7E7E8183948D909C8E906C
:108DB0009187867B7B787076737378767D7D7F84F0
:108DC000818686858884868481847F807F7C7F7B82
:108DD0007D7E7B7F7E7F7F89908B91908C8C85823E
:108DE0007D7778757576777A7B7D808082838484C1
:108DF000848584848483828180807E7E7D7D7D7D68
:108E00007E7F7F8080838A8B8A8B898885817E7B29
:108E10007A79797A7A7C7D7E7F7F80818182828374
:108E200083838383828281807F7F7E7E7E7E7E7E3F
:108E30007E807F80808289898A89878884817E7B01
:108E40007B7A7B7B7B7D7E7F7F7F7F80818182823F
:108E50008283838382818180807F7F7F7E7F7F7F0B
:108E60007F7F7F7F7F7F8487888886868583817EDA
:108E70007C7C7D7E7E7D7E7E7F7F7E7E7E7F808110
:108E80008182828383828181818180807F7F8080D3
:108E90007F7F7F7F7F7F7F808486878685858382B3
:108EA000807E7D7D7E7F7E7E7E7E7F7E7E7E7E7FDF
:108EB00080818181828282828181818180808080A3
:108EC0008080807F7F7F7F7F7F818485868584848B
:108ED00082827F7E7E7E7F7F7F7F7F7F7F7E7E7EA2
:108EE0007E7F80808181828282818180808080807B
:108EF00080808080807F7F7F7F7F7F818485868563
:108F000084848282807F7E7E7E7F7F7F7E7F7F7E65
:108F10007F7E7E7F7F81818182818281818180804D
:108F200080808080808080807F7F7F7F7F8183853D
:108F3000868584838281807F7E7E7E7F7F7F7F7F28
:108F40007E7E7E7E7F7F8080818181818181818123
:108F50008181818180808080807F7F7F7F7F7F8112
:108F6000838687868583817F7E7F7F808080807FE8
:108F70007F7E7D7D7D7E7F808181818181808080FB
:108F8000808181818181818080807F7F7F808080DE
:108F90008081838586868583817F7E7F80818181B4
:108FA000807F7E7D7D7D7E7E7F80808080808080D2
:108FB00080808181828281818180808080808080A8
:108FC00080808080828486868583807F7E7F808289
:108FD0008282817F7E7D7D7D7E7F7F7F7F7F7E7EA3
:108FE0007F7F808081818181818181818181818177
:108FF000818181818081828485858482807F7F8058
:1090000081828281807E7D7D7E7E7F7F7F7F7F7E6D
:109010007E7E7F7F8080818181808080818181814F
:1090200081818180808080818383838281807F7F32
:109030008081818180807F7F7F7F7F808080808032
:109040007F7F7F8080808181818181818181818218
:10905000838382817F7F7F8081818181807F7F7F09
:109060007F7F8081828282828180808081818181F4
:109070008180807F7F80808181807F7E7E7E7F80F7
:109080008182828181807F7F8081818282818180D3
:109090007F7F7F80818181807F7F7F808181807FD2
:1090A0007F7F808080807F7F8080818180808080C2
:1090B0008080808180808080808080807F7F7F80B2
:1090C00080818181807F7E7F808080818180807FA0
:1090D0008080808080807F8080818181817F7F7F90
:1090E0007F80818180807F7F7F808081818181817D
:1090F00080808080807F7F7F80808181818180806F
:109100007F7E7F8081828281807F7F7F7F80808160
:109110008181807F7E7F808182828281807F7F7F4C
:109120007F7F80818182828180807F7E7E7F81823D
:109130008282817F7E7E7E7F80818181818181802C
:109140007F7D7D7E80828382807E7D7E7F81838322
:1091500082807F7E7E808181818181807F7F7E7E13
:109160007F8081828382817F7D7D7E8082838281F8
:10917000807E7D7D7F81828382807F7F7F808081F2
:1091800080807F7F8081818281807F7F7F808081DE
:1091900081818181817F7E7D7D7F81838483817FC9
:1091A0007D7C7D7F8083848482817F7D7D7D7F80C7
:1091B00081838382807E7E7F8081828382807E7EA7
:1091C0007E7F80818281807F7E7F7F8080808181A1
:1091D0008180807F7F7F7F80828281807F7F7F8090
:1091E0008081818180807F7F80808080808080817D
:1091F00081807F7F7E7F81828281807F7E7E808171
:109200008281807F7E7F80818281807F7F7F80815D
:10921000818181818180807F7F7F7F808182828147
:109220007F7E7E7F818282817F7E7E7F818282813E
:10923000807F7E7F80818281807F7F808283838226
:109240008180808181807E7B79797B7F8285858426
:10925000838282838484848382828282807F7D7CF5
:109260007C7E7E7E7C7C7D7F81838382848B949ACE
:109270009990837976787C7D7A757273797F84850D
:109280008382828587898784807E7F7F807F7C7BC5
:109290007B7D7F80818080818283838186929FA66F
:1092A0009F8F7E75767A7B756C696D7782868582F5
:1092B00082868C8E8A84808082827F7A77787C7E98
:1092C0007F7D7D7F83858583828183828A97A0A22B
:1092D00095867F7C7E786E676771797B7B7C858DD8
:1092E0008E8C87878988847E7A7C7B7C79787B7D6D
:1092F0007F807F8283848582838382818A9BA09CF6
:109300008E8588817166626D726F737B888F898AA2
:109310008C8F8D838081807E79787B7C7B7A7B804B
:109320008181808285858382838380859A9B9192C7
:109330009390827173706C6869777C7C8387908D61
:10934000898B8A86827D807D7A7A797C7D7A7F7F1F
:1093500080827F838381838282827E929D8D929A96
:1093600090857A7A75676C6E7076778386868C8C3A
:109370008B8B8586827F7F7B7B7C777C7B7B7E7DF6
:109380008083808682858482857E929B86979B8857
:1093900087807C6F6B726B6E77798082898B8A8C09
:1093A0008B8688868181807B7D7B7B7A7A7D7C7EC3
:1093B000817F838482858481899A8E909F8E878A1B
:1093C0007D746F726B687674778383888A8B8E87DF
:1093D0008A877F827E7A7D787C7B7A807B80837EA1
:1093E00085818284818286998D8FA18C88917C75FC
:1093F00076706A6C756F76847C868E888B8D898694
:1094000085837D7C7F777A7D787C807C8182828376
:109410008384838089988A93A0898E947A7D7B70D7
:109420006C71726A797D758888838F8C898A88854A
:109430007D837C768176797E797F7E81828187814A
:10944000848491938C9D958998857E8074716E71CA
:109450006D6F7B757E88818B8D888E8889838082F5
:10946000777D7A757E787C7E7D82808584818E96FC
:109470008D999C8E939281807E716F726C6C7574E5
:10948000778283848D8B8A8E888884827F7B7D77A8
:10949000787B777B7E7D808284818A978B989E8D76
:1094A000969382847F7470736C6A767274827F8301
:1094B0008C8B8A8D8D8687867C7F7C777A7878798D
:1094C0007D7C7E857E89978B979E909595878482FB
:1094D0007770746E697370727C7D81878B8A8C8FD4
:1094E0008889898182807B7A7B79777C7B7A817D90
:1094F0008C918B9B979199908A85827872766C6D0E
:10950000736E747A7C7F8689888D8C888A85838146
:109510007E7C7A7A797A7B7B7E7E898E8A96979119
:1095200095938B86857C7577716D737172777B7D72
:109530008187878A8C8B8B89888582817D7D7C7AE7
:109540007B7B7B7F86878991908E918F8987857EB3
:109550007B7A7674767576797C7C7F828384868547
:10956000858584828281807F7F7E7E7E81838386E3
:1095700088888989888685837F7E7D7A797A7979DA
:109580007B7C7D7F808182838383838282828180D2
:1095900080807F7F7F8182828384848485838382AD
:1095A000817F7F7E7C7D7C7C7D7D7E7F80808181D4
:1095B00081818181818181808080808080808181A2
:1095C000828282828282818180807F7F7E7E7E7E97
:1095D0007E7E7F7F80808181818181818181808089
:1095E0008080808080808181818181818281818170
:1095F00080807F7F7F7F7F7F7F7F7F808080818172
:109600008181818180808080808080808080808056
:109610008081818181818181808080807F7F7F7F47
:109620007F7F80808080808080808080808080803C
:109630008080808080808080808181808181808026
:10964000808080808080808080808080808080801A
:10965000808080808080808080808080808080800A
:1096600080808080808080808080808080808080FA
:1096700080808080808080808080808080808080EA
:1096800080808080808080808080808080808080DA
:10969000808080808080808080807F8080808081CA
:1096A000808081807F7F808080808080807F8081BB
:1096B000818180808080808081818080807F7E7EAB
:1096C0008182807E7E7F7F7E7F83837F80827F7C9E
:1096D0007D8183828181827F7B7E8285817F808084
:1096E0007C7D8284838384817B7B80827F80828077
:1096F0007E7E808383828181807E7F82807F808066
:109700008082848584817F7E7D7D7F817F7E808055
:109710007D7E828583818484807E8083827F7F803A
:109720007C787B8488848285857F79797F83838236
:10973000889FB6B49371615E5A5F789DB0A48C7AAD
:10974000726A636980969B9085807B726B74838E4E
:109750008C86879EB8B4885E525C636985ADC0A66E
:109760007D646365646F8BA6A790797272706C7765
:109770008B9893837E9DC5C6915A4C575A5C7EB890
:10978000D6B97E585760616988ACB499766A7076AC
:109790007070819699897789BBDAB76A383C5765CA
:1097A00079A5D5D39A563E526D798398ADA8866433
:1097B0006074837E767E9096877685BCE0C067274E
:1097C0002B597C8EA9CACC964D2E4A7B939293A09E
:1097D000A38962566C8A907F768294937E7297D327
:1097E000E3A03D1237789BA3B0C0B174352E629DC3
:1097F000AD9782868D836E6B7F928C72667796A210
:109800008F778EC8E3AA42072878AEB4AAACA57DAC
:10981000432D559ABEA97E6C7A897F6D7088978B8F
:109820006F677E9B9C8385B2DBBB5707126BBED1F3
:10983000B08E83785B42528CC2BE8957577B968D1F
:109840007673859284707591A7917280B8DAA7417A
:10985000012587D1D2A1796F6C5D526CA1C3AE7224
:109860004A57849E937872839087726D7F92907C22
:109870007DA8D5CB791D003FA6E5D99A63525B67D9
:109880006E809DB2A77C565273959B8774778991A1
:10989000846F6A7A8D91847990BBCFA44F13207125
:1098A000C3DFB97B565567757C899BA596765D5F4E
:1098B00079919486797D888C7F6F6D7A8D938A7B80
:1098C00085ADCEBE71220A45A6E5DB995943567592
:1098D000858C90989988705E667C9193887F7F8450
:1098E00082786F7182919588776D81B1D5C5772522
:1098F000083D9EE2E19F5A3D51788F928B8B908C70
:109900007E696470869493887E7B7B797777808B81
:10991000938E81746C83B5D7C6762301379BE9EDAE
:10992000AB5E35456F8F99908F8E8E7F6A606982AE
:10993000979C8F7F7475787C7E82888C8A80767203
:10994000767F8CAFCCC98F3B05146FD0FFDB843D95
:10995000264C7DA1A4968D878477675F6B869DA634
:10996000957E68656E7F8B8E8C86827E7876757D1F
:1099700082A0C2CFAC5B150445ABF5F7AD582332DE
:109980006598ACA08F838484796A5F6A839EA99965
:109990008065606A7F90928F837F7A7978787E8203
:1099A0008FAFC3BC823B0D2474CDF7D98B412641C8
:1099B00076A2ADA0897E7B7C756D6974899EA29527
:1099C00078655E6E8294978E827776777B7E7F82D3
:1099D000828BA3B8B68C4E1F2863B5E5DB9E57314A
:1099E0003C6995AAA390807A7B77706B718396A16E
:1099F00097826B61687B8F98978A7D7270737A8388
:109A0000898C8B848D9EAEA278462B4481C1DABFAF
:109A1000834B39507A9DA69A887C7B7A78707079CE
:109A20008B9B9C8E766564728692948B8079787B12
:109A30007B7D7E8187888C9AA7AB8E633A365C9754
:109A4000C6CBA8744F4A61819499918A86837C71B0
:109A5000686A798E9C9C8D786B697480898C898703
:109A600082807B7775787F898B8E99A4A78F6742D8
:109A70003A598CB7BFA881655E67757B8186919ADC
:109A800098897160607088989A8F827774767879F7
:109A90007D848B908C837771727983878C99A4A94C
:109AA00093714D445A81A4ACA089787372726E721E
:109AB0007D8F9D9C8E77676670818A8E8A8786846B
:109AC0008079737278858C8F88807A787B7C7D87AB
:109AD00099AAA68E6850516A8798988F8987847B47
:109AE0006D656A7F939E96887A75757676767D89A0
:109AF0009394897C7171777E818385898A887F764A
:109B0000727E94A5A38A6F6065757F8280858F952C
:109B1000907D6C6872828989868689877F746E736E
:109B20007E898B888581827E7975767E868B898316
:109B3000807D7D838D9794857670767A7A787A8524
:109B40008F90877B76797C7E7C7E848A8B857D79FD
:109B5000797C7D7E80838888847F7A7B7C7E7F7F12
:109B6000818384847F848E938F8177797C7E7976DC
:109B70007D868C887F7C7D7F7E7A7C8086878481D1
:109B8000807F7F7C7C7E8083838383807F7D7D7EDE
:109B90007F80818283818189918E867F7E827F7A98
:109BA000797D8585807E7E7E7C787A7E82828182C8
:109BB00083827E7D7E818181828384827F7E7F7F9E
:109BC0007F7F808282817F7F888E8B86838486825E
:109BD0007C7F8385827E7F807E7A797C7F7F7E7F9B
:109BE00081817E7D7E80818081838482808081816D
:109BF0008080818281807E7D7C7C7D7D7E7E7E7E7C
:109C0000808080818383817E818382818183878636
:109C1000838281817F7F8283828283827D7A7B7E41
:109C200081818184847F7D7D7D7F807F8184827D31
:109C30007E81807F80848885808184827E7F83830B
:109C40007E7E83857F7C81837F7D81827E7C83860F
:109C50007E7C82827D7C7F807E7F817F7C797C811F
:109C60007F7B8184817D7C7E818280808184827DF6
:109C70008186807E8587807F85847C7E8783777DD3
:109C8000857F787E83827B7A8383797A83828080E2
:109C90008185827E81817E827F7B82877D7A8588B5
:109CA0007B76838D7C74858C7874898A787B8784B5
:109CB0007A7D84837E807F82837D7C86897A7788A3
:109CC00088737A8F8372808D8075838C7E7385888C
:109CD0007D7881888276818D7B7681898674789083
:109CE000866F7C91836D848F757889837C7F837F79
:109CF000837B7D8C7C7C808383797F89807A82855D
:109D00007F797F887F7989817684867E778A80795A
:109D10008581807F8080827C847E8080828576833E
:109D2000877782857B817E867F79877D7B88817737
:109D30008782817882877A808086788285797F851C
:109D40007F7B82857C80827D857882867883808215
:109D50007F7988817C8181807B84827E7E83847B05
:109D6000817E847F79897D7D84807E8082827B83F1
:109D7000837E7C857E817F7F847F7E808779817FE3
:109D8000857D7C887C817E837D83827984817B83D1
:109D9000807E817D887B7D867A81847F7B867E80C4
:109DA0007F7E837E82827A8480807F7F827C857FB3
:109DB0007C837D81837F7C867C827F7D847E8181A4
:109DC0007B8480817D7D887C8080827D7F81847C96
:109DD0007F81847C7D897884807E8081807E7F867F
:109DE0007B82807F847787807B847E847D7D887C76
:109DF00080817F827B818677857F808080857A7F66
:109E0000877E7B86827B7C897A7E83837A82837B52
:109E100083807F80827D867B838080827B84817D3E
:109E20008081817D837F7E82807F817E847B818330
:109E30007F80807F847C857C83807E8082817C8122
:109E4000827D80837F7E847C81827E8080827E8012
:109E5000847E7C877D7F8084807B83837E7D8482FB
:109E60007B7F87798180847A83837B84807D8181F5
:109E7000817D82837C80857A837F81807F827F7FE2
:109E8000847984807E827E837D8280807F827F80D1
:109E900080817F827F807F837C827F827F7E8380C0
:109EA0007F7F837E7F80807F827F7F81817D8182B3
:109EB0007E7F847D80837E7E82837A83847D7D869F
:109EC000807C7D89788182837A83817F7E847F7E96
:109ED00082837C84817F7D857D7F80827C80887980
:109EE0007F84827782857D7C877E7D82857783846F
:109EF0007F7A86817980877E7B86837B7F83807E65
:109F000081827E817E81817F8081807E81807E8052
:109F100081807E7F827F817D83817F7F81817D7F44
:109F200083817C82837F7C80847E7D83817E7D842F
:109F3000817B82837D7E83817F7E847F7B84817D24
:109F40007F82827B80837E7F82817F7D82817D8212
:109F5000807E7F817F7F8280807F81807F81808003
:109F600080818084837F8383807E81827E7F817FE6
:109F70007D7F807E7E80807F7F81808081827F83E5
:109F8000877F8083817C7F837E7D81817E7E8180CF
:109F90007D7F80807F80828080818180878F88889C
:109FA0008C8A8280847F7B7E807C797C7C78797BC4
:109FB0007D7D7F8182838285828EA39C979C9A89F6
:109FC0007C807C70737A78747578737175777B7E1A
:109FD00083888A8B8A8A94A8A29A9F9B8A787777AB
:109FE0006B6A71747270757673757A8184878E8FDF
:109FF0008F8D8B8C9EA69A989C8E766C6E6961670D
:10A00000737876787E807C7C848A8B8B91938D8824
:10A01000848596A09794978E796C6F6C666A747C31
:10A020007B7A7F82807E82898A898A8D8B837F7CFE
:10A03000869DA19C9A9A8E7367696864677784830A
:10A0400082858A867E7F858985848889837B7987D6
:10A050009EA39E9C9F9275646567626375878A86DE
:10A0600089908B807C8285817F8487837B797E93B6
:10A07000A5A7A3A19C866B61616260697F8C8D8BB3
:10A080008E8F867C7B80827F808686817B7B7A85B3
:10A09000A0ADABA29D94765E585D62627488939188
:10A0A0008D908D8178787F817F828789817A7B7A94
:10A0B0007B93ABAEA29A978365565962636B80928D
:10A0C00098918F90897D75797F7E7E8087857E7A55
:10A0D0007B7A8AA4AAA299988C6F5C586063667791
:10A0E0008B979592948E8378767B7A7B7E83888219
:10A0F0007F7E7D7A7DA0B0A6999696795B565C644A
:10A10000626F8A989A9496958478717678747C8434
:10A110008A878284807C787592ADACA29B9C88658E
:10A1200057565C5D6581959C9C9B9A8B7A716F718B
:10A130006F7682898D8989877D79757680A0B1A6B1
:10A140009C99917257535A5E6379939E9F9C9C9001
:10A150007C6E6C6D6C727F8B8E8D8E8B827875753C
:10A16000767592B3AD9F9999805C55595E61708CFC
:10A17000989B9C99917F75726D71747F86898C898B
:10A1800087817A7977797C808498ACA095978F784D
:10A1900062666761697884868C928C8885817C7C14
:10A1A0007F7F7F848381817F7E797C7D7B808283BA
:10A1B0008293A496939A8F7B71756B647174767D8C
:10A1C0008788838A88808282807E82857F82847F5E
:10A1D0007F7E7E7B7B807C7F808395979498968D15
:10A1E000817F796D70707072797D7C8385838485C1
:10A1F00084828384818283818181817F7F7F7D7E50
:10A200007F7D808C8F8F95968F898A81797A7773FD
:10A21000747876777C7C7C8081808184828285845E
:10A22000838484828282807F807F7E7E8489898EFF
:10A23000918E8B8B8781817F7A7A7B79787B7B7912
:10A240007C7D7C7D807F7F82828183838283848208
:10A250008283818180828787898C8C898A898382A5
:10A26000827E7D7E7C7B7C7C7A7B7C7B7B7E7D7D25
:10A270007F7F7F80818182838282838282838184C7
:10A280008886888B8887888682848280807F7E7D8E
:10A290007E7C7B7C7B7B7C7C7C7D7E7E7E808080EC
:10A2A000828282838382838482868683858582817B
:10A2B00082807E7F7D7C7D7D7B7C7D7D7D7E7F7FC2
:10A2C0008081818082818082827F81827F7F807E87
:10A2D0007F817E8180807F7F82808081818081807C
:10A2E000818080817F827F80817F817E807F7F806F
:10A2F0007F807F7F8081808180808080808080805F
:10A3000080808080807F807F80817F817F8080804F
:10A310008180818080817F827F808080807F817F3B
:10A32000817F817F817F7F82807F80807F807F812E
:10A33000807F8080807F81817E818080827F80801D
:10A340008080808080807F80808180808080817F0D
:10A350008180807F80808080817F7F808080817FFE
:10A360008180818081817F807F817F7F817E817FED
:10A37000817F827F7F827F8080807F81807F827FDC
:10A380007F80827E81817E837F80817F8080817FCC
:10A3900080808081817F80817F81808180807F80BB
:10A3A000817E817F7F80808081807E818080817FAF
:10A3B0008080827D81817F827F817E817F81817F9C
:10A3C000827F807F81817F827F817E80818080808B
:10A3D000807F8080827F80817E80807F807F808080
:10A3E00080807F807F827F81817E827E808080806E
:10A3F0007F817E82807E837F7F7F837F80847E8259
:10A40000808080807F7F827D80817E8081817E814F
:10A410007F7F81808081807F8080808080807F803E
:10A420007F7F807F8080807F81817F81807F80812E
:10A430008080817F7F827F80827F8081807F828019
:10A440008082807F7F807E7F7F7F80808080807F12
:10A4500080807F8181818182808081808080817FF6
:10A4600080808081808081818183838182817F80DF
:10A47000817F80817F7F817E808888888D8A8484A7
:10A48000827C7B7D7A7B7F7D7D7F7E7B7D7E7C7FFA
:10A49000818183858484858583838380807F819285
:10A4A0009C9CA0A08F817D6F65696D6D747F7E7FA0
:10A4B000837F7B7E7F7E848B8B8E908C86857E795E
:10A4C0007979787B7D8DA9AFABAC9F7E6A65585654
:10A4D00068767C89928B84847D777C838389908B5A
:10A4E00086837D74747776798185828AACBDB3ADBD
:10A4F000A6825A504E4A5D7E9099A3A08B7F796FB9
:10A500006C7982838A8F857C7C787278828187934C
:10A51000938586ADBEAB9F9975443D4D576F9CB7F3
:10A52000B4AB9C7B605A5C6379919897988C7971F5
:10A53000727175828A8888877F768EC4CFB299833C
:10A540004F1E28557BA0C9DABC906A4C3A466586F6
:10A55000A4B4B19B836F5D59667988939A97887E7E
:10A560007574A1D1CA9A7963371E468CB5BEC7BA35
:10A570008B523C465B7697B2B5A2856D615D647582
:10A580008C9898918A7F72717581B3E6D8935A46F8
:10A59000302652A7DCD2B1946E402E4C7FA1ABADD9
:10A5A000A58E6A565D707E86939B958176767672CF
:10A5B0007483BBF1DB8B4736353360B5F0DB9B70C2
:10A5C00059433A5893B9B399887E6B5B627E8E8DFE
:10A5D000868A8F8478737B7B757496DCF3B65728F4
:10A5E00034455C94DBEFB5664248566584ACBDA04B
:10A5F00077646D77747686938E7D7A868A7F7174A0
:10A6000080857F90CCEBB44E163467859FC3D6A966
:10A610005A2F43779294989F96755B6684938577BB
:10A620007D89887B79868A7C6B6F85938EA2C8CA68
:10A63000893622538EA7A7AAA685543E5D91AA9D6E
:10A64000837D7F776B6E889A90786D7B89877C7A23
:10A650008489807476858C91A9BFB27A4540658DD6
:10A660009C9B9B958163576B8D9E9380797C7D77B6
:10A6700076828F8F8073758188847D7D83868079D3
:10A6800079818898AAB19D795F5F72868D8D8B875D
:10A690007E716B73848F8D837C7D7E7B797C858BD3
:10A6A000877E797B81827F7E8185847F7B7C82949B
:10A6B000A7AD9C7E69687583898A89857E736E756E
:10A6C000828A88817C7D807F7C7D828786807C7D7C
:10A6D0008182807E7F8283817D7D7F8899A6A48F01
:10A6E000786C727F88888684817B74727A8488848F
:10A6F0007E7C7E807F7D7E8286847F7C7E81828060
:10A700007E808282807D7D818F9EA59A8574727AFB
:10A710008487868585817A73747C8384817E7E803C
:10A720007F7D7C808485827F7E8082817F7F818225
:10A73000817F7E7F818D9BA29B89797479818687B9
:10A7400086847F7873747A8183817E7E7E7E7D7D30
:10A7500080838583807F80818180808282817F7FEA
:10A760007F818B99A29F90817A7D8286868786825F
:10A770007A7473787D7F7E7D7D7D7D7B7C7F828416
:10A780008281818182818181828382807F7F8088B2
:10A79000939A988F847F7F8183848686837D787661
:10A7A000787C7D7D7D7E7E7D7B7C7E8182828181C9
:10A7B000828281808081828281818081868D929057
:10A7C0008A8583838383838484827F7C7A7B7C7C79
:10A7D0007C7D7D7D7C7C7C7D7F8080818182818190
:10A7E000818282838382828282868B8D8C88868519
:10A7F000858482828383827F7E7D7C7C7C7C7C7D61
:10A800007D7C7C7D7D7D7D7E7E7F80808080818162
:10A8100081818182828386888887878787868584ED
:10A8200084858483828181807F7E7E7E7E7D7D7D26
:10A830007D7D7D7D7D7D7E7E7E7E7F7F7F7F808036
:10A8400080818284868686868787868585858584BD
:10A850008383838282818080807F7F7E7E7E7E7EF6
:10A860007E7E7E7E7E7E7E7E7F7F7F7F7F808081FC
:10A870008284858485858685858484848483838396
:10A88000828281818180807F7F7F7F7E7E7E7E7ECF
:10A890007E7E7E7E7E7E7F7F7F7F7F8081828282C2
:10A8A0008283838383838383838382828282818181
:10A8B00080808080807F7F7F7F7F7F7E7E7F7F7FA5
:10A8C0007F7F7F7F7F7F7F80818182818182828283
:10A8D0008282828282828181818181808080808067
:10A8E0007F7F7F7F7F7F7F7F7F7F7F7F7F7F808076
:10A8F000808080808182828181818181818180804C
:10A900008080807F7F7F807F7F7F7F80808080804E
:10A910008080808080808080808080808080808037
:10A920008081818180808080808080808080808024
:10A930008080808080808080808080808080808017
:10A94000808080808080808080808080807F7F8009
:10A9500080808080808080808080808080808080F7
:10A9600080808080808181818080808080818080E3
:10A970008080807F7F8080808080808080808080D9
:10A980008080818081818180808080807F7F807FC6
:10A990008080808182818082827F7B7D83827E7EB7
:10A9A0008284807C7D82827D7D8285837C7E827FA5
:10A9B0007C7D8282808081807E8083827F7E7D7CA0
:10A9C0007E8182818384827F7F807F7D7D81828082
:10A9D0007F82828180807F7D7F83837E7D81848072
:10A9E0007D7E82827F7E8181808081817F7E808169
:10A9F000807F7F7F808283817F7F8283807E7F8153
:10AA0000807F8081807D7E808381808081807E7E4A
:10AA10007F8283817E8082817C7C8186837C7C8036
:10AA2000827E7D808586817D7E81807D7D8286821D
:10AA30007E7E81837F7B7C8285837F7E8183807B1A
:10AA40007C8286837E7D8184827C7A7F8484817E01
:10AA50007E7F81817F7F8283817D7D8183817D7EF9
:10AA60008285827C7B8186827D7D8184827C7A7FE7
:10AA70008485827D7B7F83837F7E8183817E7E81CF
:10AA800082807D7E8183817F7E7E808281807F81C6
:10AA90008181807F7D7C8087888078788188867DB1
:10AAA000787C8488837C797E84847F7A7D848782A5
:10AAB0007D7B7E8182807E7C7F8486847E7B7D819F
:10AAC00083817E7F8283817E7E7F82817F7E7F8283
:10AAD00084827E7B7D8284817D7C808484807C7C7A
:10AAE000808282807E7F8182817F7E7E8080808066
:10AAF0008182817F7D7D808385837F7B7B7F848551
:10AB0000817D7C7F8283807D7D7F8384827E7C7D4E
:10AB100080828281808181807F7D7E818484817D2D
:10AB20007A7C818586837E7C7C7E81848482807D24
:10AB30007D7E80818383817E7D7E7F818383817F13
:10AB40007E7F8081807F7F808181807E7E7F838504
:10AB500084807C7A7C818484817E7C7E80828180FA
:10AB60007F808182817F7D7C7E828585827E7C7DE7
:10AB7000818282807E7E818383817E7C7D808384CE
:10AB80008281818383827E7C7B7E828585827E7BBF
:10AB90007C7F828483817E7D7E80818281807F80B4
:10ABA000808181807F7F7F80818281807F7F7F80A5
:10ABB00083888C8D887F7773767F878B89837B777B
:10ABC000777C81858683817E7D7E7F7F8080818189
:10ABD000828281807E7E7E8081828281807F7E8271
:10ABE0008B959C998C7969646B7B8B9492877A7135
:10ABF0006F747E868A8985807D7C7D7F8081808060
:10AC000080808181817F7F7E7F8081828281889523
:10AC1000A7B0AA906C4E414E6D93ACB1A1876F6303
:10AC20006876878F8D83777275818C938F84766E2B
:10AC30006E77848E918B817773757E868E98A0A9AE
:10AC4000A59B826A544D566B879BA5A0917F716E20
:10AC5000727D8488857E7B787E838A8A867E7774FF
:10AC6000757D848A8B87807A77797D8694A3AEAC54
:10AC70009F846A514B52698499A49E917F74707627
:10AC80007E8587837D77787B838889847D767477DA
:10AC90007F888D8E877F7773767B8694A3AEADA1F8
:10ACA000886E574E53657C909C9B92857A76787F10
:10ACB0008488847F7976797E868989847D777679A0
:10ACC0007F87898A847F78787981909FAEAFA68EBE
:10ACD000735A4E5161798D999A92877E7B7D8387D5
:10ACE0008781797472777F888D8C877D7875787F7E
:10ACF000868B89847D7877798694A8B0AE9E8369A7
:10AD000055515B6E838F948C837A797F8890908B7A
:10AD10007E746D6F78838C8E8A817874767D858B56
:10AD20008C877F7775777F8FA0AEAFA690786459B8
:10AD30005C6877828786817E7E838A8F8F89807721
:10AD400073747A828788857E79777A80868988830A
:10AD50007E7A797C828F9BA6A8A08F7A6A61626ACC
:10AD6000747E8282807F81858B8D8B867F7A777AD5
:10AD70007E8384827F7B7A7B7D8080807E7F7F81E3
:10AD800084848B929DA5A39986746661666E787D96
:10AD90007F7F7E80848A8D8C88817D7C7D8081818F
:10ADA0007E7B7A7B7E8082828181808282828185A5
:10ADB0008F9CA5A39784736C6D7377777472747B83
:10ADC000848B8D89848182848684807C7A7A7D805C
:10ADD000807F7D7D7E81838382807F818B99A4A704
:10ADE0009C8B7B73747777736D6C717B84888682A0
:10ADF0008184888A88837E7E7F82827F7C7A7B7E44
:10AE000080817F7E7E8082848D98A2A59B8D7F79B4
:10AE10007877736D6B6F767E80807F81868887857B
:10AE20008283848583807E7E7F7F7D7C7C7D7E8027
:10AE30007F7F7F85929FA59E918682807B726B6AC1
:10AE4000717779797B808586848283858684828206
:10AE50008484827F7E7E7F7E7C7B7D7E807F7F89F7
:10AE600097A1A09791908E85776E6E71716D6E75BA
:10AE70007D807E7F838887848385888783818384A0
:10AE8000837F7D7D7F7E7B7A7C7F88929797959666
:10AE90009690877F7B78736F6E717576777A7F82F5
:10AEA0008282848686858485868583828282807E6E
:10AEB0007D7E7E7D80888D8C8C8F908E8884828034
:10AEC0007B7776777776777A7D7E7E8082848382C1
:10AED0008384848282828381808080807F7E7F835E
:10AEE000868686878887858382817F7D7C7C7C7B44
:10AEF0007B7C7D7E7F7F8081818181828181818158
:10AF000081818080808080807F818283838384842C
:10AF100084838281807F7E7E7E7E7E7E7E7F7F8038
:10AF2000808080818181818180808080808080801C
:10AF30008080808081828181818181818080808008
:10AF40007F7F7F7F80808080808080808080808005
:10AF500080808080808080808080808080818281ED
:10AF600081818180808080808080808080808080DE
:10AF7000808080808080808080808080807F7F7FD4
:10AF80007F808080808080808080818180808180BF
:10AF900080808080807F7F807F80808081818180B1
:10AFA000808181808180808080808080808080809E
:10AFB0008080808080808080808080808080808091
:10AFC0008080808180808080808080808080808080
:10AFD000808180807F8081807F8080808080808071
:10AFE000817F80817F808080808080808080808061
:10AFF00080808081808080807F81817F818080804F
:10B00000808080808080808080807F8080807F8042
:10B01000808081808080808080808180808080802E
:10B020007F8081808080807F808080808080808021
:10B0300080808080807F8180808081807F8081810E
:10B04000807F8080807F7F808080817F8180807F03
:10B0500081807F80807F80807F81817F80827F80F0
:10B06000817F80817F8080817E827F7F8080807FE2
:10B07000837E81827E827F807F817E81817F8180CD
:10B080007E81807F81827D81807F817F81817F81C0
:10B090007F827F80827E81817F80817F817F8181AD
:10B0A0007F817F817E807F81817E847E81827E819F
:10B0B0007F817F827D81817F80817F7F837C837E92
:10B0C000827E827E81807F817F837C847D817F7F81
:10B0D0007F81817E857B837E7F82807E80817D846F
:10B0E0007E8180827C857F7F847C827E817D857D60
:10B0F000838080817E817F827E867B827E817F804D
:10B10000837B847D817D837D837F7F8180817E853C
:10B110007C857D817F807F80817E847C837D817F33
:10B12000808080817E827D847D847E81817D827F1E
:10B13000807F827E827E8180818081807E8080800F
:10B1400080827D817F8080827E818080827F8081FD
:10B15000817E837F7F817F7E81808180817F8081EE
:10B160007F81807F80817E828080818080818080DD
:10B17000817F808080807F7F8180808080818081CE
:10B1800080818080808081808180817F7F807F80BE
:10B1900081807F817F817F828081817F807F807FAE
:10B1A000817F807F808080807F817F817F808180A0
:10B1B000818081818180818080807F817F7F80808C
:10B1C0008080808081818181818180818081818076
:10B1D0008080807F7F7F7F808080817F7F807F8075
:10B1E0007F808080808080808180807F807F7F8062
:10B1F0007F7F7F7F7F7F7F7F807F80818383858646
:10B2000085868584838281807F7E7E7D7E7D7D7E36
:10B210007E7E7E7F7F80808081808181818181812F
:10B22000818180808080807F80807F8187868B8DF8
:10B230008B8D8C8A898682817E7B7B7978797879FF
:10B240007B7B7D7F808183838385838383828281EF
:10B2500080807F7F7E7F7E7F7E7F807E888C8E97C2
:10B26000979697948E8D86807D78757373727677B6
:10B27000787E7F82858588878886858481817F7DA9
:10B280007D7C7C7C7D7D7F7F80808282818E93949B
:10B290009F9D979790857F7B6F6D6E686D73747BB4
:10B2A0008183888C8B8B8C8886867F7F7D7A7B7967
:10B2B0007B7A7D7D7E81808382848182837C949869
:10B2C00092A49F90908D7773766467716B717E7E88
:10B2D000818D8B888F8B8587847D7F7E797C7D793E
:10B2E0007E7E7B7F807F7F838181858182847F8654
:10B2F0009E9598A695868A7D676E6F5E6F78747E40
:10B300008B878691888389837E80827B7F827A8007
:10B310007F7D7E7F807D82827E85828182827F802A
:10B320007E859F9897A795818278626470646E8409
:10B3300081858F90838586777A7E7B7C84878087E2
:10B34000867D7F7D7A797E7F7E8485828483807E00
:10B350007E7E7C7C94A294A0A28775786B5A6878D4
:10B36000748295938C8E8B77747870757E86868BBD
:10B370008F86827F7976757C7B8286888985847FBB
:10B380007B7A797C7D828198A6969794816A6D6E8E
:10B39000636E828788929585807D756F737E7E84CB
:10B3A0008D8D898383797576787D8087898788817B
:10B3B0007F7A777B7A808286878583919E8E8B8E3B
:10B3C000816F70777071838985898C877A7B7B77B1
:10B3D000787F87858689857F7B7A7B797F83858562
:10B3E0008483807C7C7C7D7F8284838381807C8C51
:10B3F0009F968C8A8976676F767A7A87908B837D21
:10B400007E7874788088868889857E777A7A7B7E54
:10B4100083888683817F7B787A7F8183848584801B
:10B420007D7D7C7F98A19789888571666D79807F05
:10B43000888F8C807779797779828C8A85868681E6
:10B4400078767C807F808588847E7C7E7D7B7C8214
:10B450008584818282807B7E96A19586868A7A6A9F
:10B460006C7A827D80888C8376787C7D787A868BF6
:10B47000878281857F79787E8380808387837D7CC6
:10B480007F807D7C818484808082807F8F99948876
:10B49000868B86787176807E7A7B84867E787B80C8
:10B4A0007F7A7D848884808385827C7C8082807D95
:10B4B0008184827E7D81827F7C7F83827F7E828E7B
:10B4C000918C86878B857C797C807D7A7C81827C5F
:10B4D0007A7D7F7E7B7D828382808384827F7F8171
:10B4E00082807F8082827F7F80807F7E7E8080805E
:10B4F0007E81898D8B86868A88817C7E82807C7C19
:10B500007F817E7B7B7E7F7C7C7E81817F7F82834F
:10B5100082808183838181818281808080807F7F1E
:10B520007F807F82888A8885868885817E808280E8
:10B530007D7D7F807D7B7C7E7E7C7C7E80807F7F2E
:10B5400081828181818383828182828281808181E3
:10B55000807F7F7F828788868586888683818283B5
:10B56000817F7F80807E7C7D7E7E7D7C7D7E7E7EF9
:10B570007E7F8080808081828181818282828181C0
:10B58000818181818487878685878886838283837A
:10B59000807E7F7F7F7D7C7D7E7D7D7C7E7E7E7DCF
:10B5A0007E7F807F7F808181818181828281818293
:10B5B0008181848787878688888684838383817F47
:10B5C0007E7F7F7D7C7D7D7D7D7C7D7E7E7E7E7FA2
:10B5D000808080808181818181828281818181825C
:10B5E000858687868788888684848382807F7F7F1C
:10B5F0007E7D7D7D7E7D7D7D7E7E7E7E7F7F80806B
:10B60000808081818181818181818181828586861D
:10B610008687888886858484838180807F7F7E7DFD
:10B620007D7E7D7D7D7E7E7E7E7E7F7F8080808034
:10B6300081818181818181818183858586868788D9
:10B64000878685858483818080807F7E7D7E7E7DE8
:10B650007D7D7E7E7E7E7F7F7F7F808080818181F9
:10B66000818181818183848585858687868585859D
:10B670008483828181807F7F7E7E7E7E7E7E7E7ED1
:10B680007E7E7E7F7F7F7F808080808080818181C1
:10B690008283838383838483838382828281818183
:10B6A0008080807F7F7F7F7F7F7F7F7F7F7F7F7FA7
:10B6B0007F7F7F8080808080808080818282828284
:10B6C0008282828282818181818180808080807F6C
:10B6D0007F7F7F7F7F7F7F7F7F7F7F7F7F7F808078
:10B6E000808080808180818282828181818181804D
:10B6F000808080807F7F7F7F7F7F7F7F7F7F808054
:10B700008080808080818180808080808080808037
:10B710008081818180808080808080808080808026
:10B720008080808080808080808080808080818117
:10B7300080808080807F7F8080808080808080800B
:10B7400080808180808081808080808080808080F7
:10B7500080808080807F80808080808080808080EA
:10B760008080818080808080808080808080807FD9
:10B7700080818080808080808080808080808080C8
:10B78000808080807F808080808181807F808180B8
:10B7900080808080808080808180808080808080A8
:10B7A0008080807F8081807F80808080808080809A
:10B7B00081807F7F7F808180808080818080808089
:10B7C0008080808081807F7F80807F80818080807A
:10B7D00081818080808080808080807F8081818066
:10B7E0007F81817F808080808181808080807E7F5A
:10B7F000808182827F7E7F818080818181807F7E47
:10B80000808180808081817F7F8080808080808037
:10B810008080808081818080808080807F80828124
:10B82000807F7F7F8080807F8081817F7E7E80821D
:10B830008281807F7F7F808180808081807F7E8009
:10B840008181817F7F7F8081818181817F7F7F80F6
:10B85000818180807F808080818181807F7E7E7FEA
:10B860008182807F8080807F7F818382807D7D7FD9
:10B8700081828382827F7D7D7F818282807F7F7FC4
:10B8800080808080818180808080838D96978D7D6F
:10B890006F6D737D848685837F7B78787B808486DB
:10B8A000868583807D7B7B7E82848381807F7E7F93
:10B8B0008DA5B8B18F654B506984949592897E713E
:10B8C000696D79878F8F8B88857E7670727C878D86
:10B8D0008A847D79787B97C2DFC9813614316BA069
:10B8E000B7B6AA92755548587B9CA79F90837B6EEC
:10B8F0006463738B9B9C8E817774707295CCEFCF51
:10B90000751D002F7BB5C7BEAC8E67423A588BB011
:10B91000B39E867A736961657D97A49A8577717401
:10B92000707092CBF0CB6D14013A89BFC8BBA6866C
:10B930005B363A68A3BEAD8B7576766D636D899F75
:10B940009D8879797F7A6D6B82BCEAE49733011820
:10B9500064ABD1D2B78C583536629CB9B0907A744A
:10B960007572686F8095998D827C7E786E6D779EFA
:10B97000D2E6BD5F12034095D1DBBD9163433A54DB
:10B9800086AFB99E7E6E7177736F748898988B7C42
:10B99000787773707488B9E1D7892B002274BCD78B
:10B9A000C8A47C543B426DA0B8AB8A7573787369A8
:10B9B0006B7F999F937F76757370718198C3DBC598
:10B9C0007A24042B7FC4D9C3997150414D739FB31E
:10B9D000A98C7771726F6A70869BA1917D706E726F
:10B9E000737C879ABFD6C0711E033393D1D9AF81C0
:10B9F0006555545C7D9FB0A0806F6E7979727484B8
:10BA00009B9C8B746B737A7F7F8693BBD4BC6E1BBD
:10BA1000083D9AD6D6A9775A4F56698CA9AD947429
:10BA2000666F7D7F7A7A88969483716D7680828442
:10BA30008691B5CFBC6D1D0843A0DBD7A471524CD5
:10BA4000566F95B0AF8E6A5F6C81867F7D87938FCE
:10BA50007E6E6F7B84858387889CBDC89C480F1E43
:10BA600072C6E3BF7F5245547090ABAE97705A6375
:10BA70007E918D7F7B848C867971778287838284A7
:10BA80008BADCABD74230C43A4DFD69D6448495EC8
:10BA90007FA4B7A87E585573919886797A868A7F55
:10BAA00076768085827D83879CBECA9E49101E74EF
:10BAB000C9E6BD7A4F46597392AAAD93695562881B
:10BAC0009B947A6F7A8A8D80767880837E7F83904C
:10BAD000AFCBBB74260F47A2DFD59B5F49536C8564
:10BAE0009BA69B7F6261789597836E6F83928F7E12
:10BAF00072757E838184869BBBC8A0511B2772BD53
:10BB0000D9B67E564F5B7089A1AA97755C637F9505
:10BB1000917E727A898E8275757E86827F7F8AA8F1
:10BB2000C3BC8140254A8EC1C19B715D61707F8C11
:10BB3000959385746F78868B827777838C8A7E76EF
:10BB400077808583817F8FAFC3AA6D383767A1BAAD
:10BB5000A8856D6A6C6E7282959C8E776C748387F3
:10BB600080797E8A8E8476717A8689837C809BB97F
:10BB7000BB90583D5283A8A99079727473717685F1
:10BB800092938577747C83817B7B848D8B7F7475A6
:10BB90007F8686807C88A5B9AB7C524A6B93A5983A
:10BBA0008175777C797375828F90857A777C807FB9
:10BBB0007C7F858A877E77788085847F7F91AAB213
:10BBC0009A70545B7D999B8979787F817A717480B2
:10BBD0008C8D857C7A7C7F7E7E808586837E7B7D56
:10BBE0008081817E8699AAA68A6A5E6D87958F80FC
:10BBF000787D8281797579838887827E7D7D7E7F5D
:10BC000081838281808080807F7F7F818D9BA197CF
:10BC10008271717D898B847C7C8083807B78797E46
:10BC20008385837F7C7B7E8283817F7E808283810C
:10BC30007F7E7E859099998D7D777C8489857F7CB8
:10BC40007E82827F7B787A7E8183817E7C7D80820A
:10BC500082807E7F818383817F7E80889296918699
:10BC60007D7D828786817E7E8082817E7A797B7EE1
:10BC700081817F7C7C7E8181807F7F8082838281C5
:10BC8000807F848C92928A827F82858683807F8067
:10BC900081817F7C7A7A7C7F807F7C7C7D7F8080C5
:10BCA0007F7E7F818282818080838A90908A838157
:10BCB0008385858381808182817F7D7A7A7C7E7F86
:10BCC0007E7C7C7D7E7F7F7E7E7F80828281818084
:10BCD00083898E8E89848384868583828181828212
:10BCE000807D7B7A7C7E7E7D7C7B7C7D7E7E7D7D87
:10BCF0007E80818181808083888C8C898584858603
:10BD000086848382828282817E7C7B7C7D7E7D7C38
:10BD10007B7C7C7D7D7D7D7D7F8081818080838734
:10BD20008A8A888585858686858483838382817FC8
:10BD30007D7C7D7D7D7D7C7C7C7C7C7C7C7D7D7E3A
:10BD40007F808080818486888785858585858584B8
:10BD50008483838382817F7F7F7E7E7E7D7D7D7DE8
:10BD60007D7D7D7D7D7D7E7E7F7F808284858483D9
:10BD7000838484848484838383838282818080809B
:10BD80007F7F7E7E7E7E7E7D7D7D7E7E7E7E7E7ED4
:10BD90007F8183838382828383838383838383837B
:10BDA00082828181818080807F7F7F7F7F7E7E7E97
:10BDB0007E7E7E7E7E7E7F80828282818282828281
:10BDC000828282828282828281818181808080805F
:10BDD000807F7F7F7F7F7F7F7F7F7F7F808181826A
:10BDE0008281828282828282828282818181818139
:10BDF000808080808080807F7F7F7F7F7F7F7F7F4C
:10BE00007F7F808081818181818282828282828221
:10BE100081818181818180808080808080807F7F1E
:10BE20007F7F7F7F7F7F7F80808181818181818211
:10BE300082818181818181818181818080808080F6
:10BE400080808080808080808080808080808181F0
:10BE500081818181828282818181818181818181CF
:10BE600080808080808080808080808080808080D2
:10BE700080808080818181818181818281818181B5
:10BE800081818181818080808080808080808080AD
:10BE9000808080808080808080818181818181819B
:10BEA0008181818181818181818181808080808087
:10BEB0008080808080808080808080808080808181
:10BEC0008181818181818181818181818181808064
:10BED0008080808080808080808080808080808062
:10BEE0008080808080808080808080808080808052
:10BEF0008080808080808080808080808080808042
:10BF00008080808080808080808080808080808031
:10BF10008080808080808080808080808080808021
:10BF20008080808080808080808080808080808011
:10BF30008080808080808080808080808080808001
:10BF400080808080808080808080808080808080F1
:10BF500080808080808080808080808080808080E1
:10BF600080808080808080808080808080808080D1
:10BF700080808080808080808080808080808080C1
:10BF800080808080808080808080808080808080B1
:10BF900080808080808080808080808080808080A1
:10BFA0008080808080808080808080808080808091
:10BFB0008080808080808080808080808080808081
:10BFC0008080808080808080808080808080808071
:10BFD0008080808080808080808080808080808061
:10BFE0008080808080808080808080808080808051
:10BFF0008080808080808080808080808080808041
:10C000008080808080808080808080808080808030
:10C010008080808080808080808080808080808020
:10C020008080808080808080808080808080808010
:10C030008080808080808080808080808080808000
:10C0400080808080808080808080808080808080F0
:10C0500080808080808080808080808080808080E0
:10C0600080808080808080808080808080808080D0
:10C0700080808080808080808080808080808080C0
:10C0800080808080808080808080808080808080B0
:10C0900080808080808080808080808080808080A0
:10C0A0008080808080808080808080808080808090
:10C0B0008080808080808080808080808080808080
:10C0C0008080808080808080808080808080808070
:10C0D0008080808080808080808080808080808060
:10C0E0008080808080808080808080808080808050
:10C0F0008080808080808080808080808080808040
:10C10000808080808080808080808080808080802F
:10C11000808080808080808080808080808080801F
:10C12000808080808080808080808080808080800F
:10C1300080808080808080808080808080808080FF
:10C1400080808080808080808080808080808080EF
:10C1500080808080808080808080808080808080DF
:10C1600080808080808080808080808080808080CF
:10C1700080808080808080808080808080808080BF
:10C1800080808080808080808080808080808080AF
:10C19000808080808080808080808080808080809F
:10C1A000808080808080808080808080808080808F
:10C1B000808080808080808080808080808080807F
:10C1C000808080808080808080808080808080806F
:10C1D000808080808080808080808080808080805F
:10C1E000808080808080808080808080808080804F
:10C1F000808080808080808080808080808080803F
:10C20000808080808080808080808080808080802E
:10C21000808080808080808080808080808080801E
:10C22000808080808080808080808080808080800E
:10C2300080808080808080808080808080808080FE
:10C2400080808080808080808080808080808080EE
:10C2500080808080808080808080808080808080DE
:10C2600080808080808080808080808080808080CE
:10C2700080808080808080808080808080808080BE
:10C2800080808080808080808080808080808080AE
:10C29000808080808080808080808080808080809E
:10C2A000808080808080808080808080808080808E
:10C2B000808080808080808080808080808080807E
:10C2C000808080808080808080808080808080806E
:10C2D000808080808080808080808080808080805E
:10C2E000808080808080808080808080808080804E
:10C2F000808080808080808080808080808080803E
:10C30000808080808080808080808080808080802D
:10C31000808080808080808080808080808080801D
:10C32000808080808080808080808080808080800D
:10C3300080808080808080808080808080808080FD
:10C3400080808080808080808080808080808080ED
:10C3500080808080808080808080808080808080DD
:10C3600080808080808080808080808080808080CD
:10C3700080808080808080808080808080808080BD
:10C3800080808080808080808080808080808080AD
:10C39000808080808080808080808080808080809D
:10C3A000808080808080808080808080808080808D
:10C3B000808080808080808080808080808080807D
:10C3C000808080808080808080808080808080806D
:10C3D000808080808080808080808080808080805D
:10C3E000808080808080808080808080808080804D
:10C3F000808080808080808080808080808080803D
:10C40000808080808080808080808080808080802C
:10C41000808080808080808080808080808080801C
:10C42000808080808080808080808080808080800C
:10C4300080808080808080808080808080808080FC
:10C4400080808080808080808080808080808080EC
:10C4500080808080808080808080808080808080DC
:10C4600080808080808080808080808080808080CC
:10C4700080808080808080808080808080808080BC
:10C4800080808080808080808080808080808080AC
:10C49000808080808080808080808080808080809C
:10C4A000808080808080808080808080808080808C
:10C4B000808080808080808080808080808080807C
:10C4C000808080808080808080808080808080806C
:10C4D000808080808080808080808080808080805C
:10C4E000808080808080808080808080808080804C
:10C4F000808080808080808080808080808080803C
:10C50000808080808080808080808080808080802B
:10C51000808080808080808080808080808080801B
:10C52000808080808080808080808080808080800B
:10C5300080808080808080808080808080808080FB
:10C5400080808080808080808080808080808080EB
:10C5500080808080808080808080808080808080DB
:10C5600080808080808080808080808080808080CB
:10C5700080808080808080808080808080808080BB
:10C5800080808080808080808080808080808080AB
:10C59000808080808080808080808080808080809B
:10C5A000808080808080808080808080808080808B
:10C5B000808080808080808080808080808080807B
:10C5C000808080808080808080808080808080806B
:10C5D000808080808080808080808080808080805B
:10C5E000808080808080808080808080808080804B
:10C5F000808080808080808080808080808080803B
:10C60000808080808080808080808080808080802A
:10C61000808080808080808080808080808080801A
:10C62000808080808080808080808080808080800A
:10C6300080808080808080808080808080808080FA
:10C6400080808080808080808080808080808080EA
:10C6500080808080808080808080808080808080DA
:10C6600080808080808080808080808080808080CA
:10C6700080808080808080808080808080808080BA
:10C6800080808080808080808080808080808080AA
:10C69000808080808080808080808080808080809A
:10C6A000808080808080808080808080808080808A
:10C6B000808080808080808080808080808080807A
:10C6C000808080808080808080808080808080806A
:10C6D000808080808080808080808080808080805A
:10C6E000808080808080808080808080808080804A
:10C6F000808080808080808080808080808080803A
:10C700008080808080808080808080808080808029
:10C710008080808080808080808080808080808019
:10C720008080808080808080808080808080808009
:10C7300080808080808080808080808080808080F9
:10C7400080808080808080808080808080808080E9
:10C7500080808080808080808080808080808080D9
:10C7600080808080808080808080808080808080C9
:10C7700080808080808080808080808080808080B9
:10C7800080808080808080808080808080808080A9
:10C790008080808080808080808080808080808099
:10C7A0008080808080808080808080808080808089
:10C7B0008080808080808080808080808080808079
:10C7C0008080808080808080808080808080808069
:10C7D0008080808080808080808080808080808059
:10C7E0008080808080808080808080808080808049
:10C7F0008080808080808080808080808080808039
:10C800008080808080808080808080808080808028
:10C810008080808080808080808080808080808018
:10C820008080808080808080808080808080808008
:10C8300080808080808080808080808080808080F8
:10C8400080808080808080808080808080808080E8
:10C8500080808080808080808080808080808080D8
:10C8600080808080808080808080808080808080C8
:10C8700080808080808080808080808080808080B8
:10C8800080808080808080808080808080808080A8
:10C890008080808080808080808080808080808098
:10C8A0008080808080808080808080808080808088
:10C8B0008080808080808080808080808080808078
:10C8C0008080808080808080808080808080808068
:10C8D0008080808080808080808080808080808058
:10C8E0008080808080808080808080808080808048
:10C8F0008080808080808080808080808080808038
:10C900008080808080808080808080808080808027
:10C910008080808080808080808080808080808017
:10C920008080808080808080808080808080808007
:10C9300080808080808080808080808080808080F7
:10C9400080808080808080808080808080808080E7
:10C9500080808080808080808080808080808080D7
:10C9600080808080808080808080808080808080C7
:10C9700080808080808080808080808080808080B7
:10C9800080808080808080808080808080808080A7
:10C990008080808080808080808080808080808097
:10C9A0008080808080808080808080808080808087
:10C9B0008080808080808080808080808080808077
:10C9C0008080808080808080808080808080808067
:10C9D0008080808080808080808080808080808057
:10C9E0008080808080808080808080808080808047
:10C9F0008080808080808080808080808080808037
:10CA00008080808080808080808080808080808026
:10CA10008080808080808080808080808080808016
:10CA20008080808080808080808080808080808006
:10CA300080808080808080808080808080808080F6
:10CA400080808080808080808080808080808080E6
:10CA500080808080808080808080808080808080D6
:10CA600080808080808080808080808080808080C6
:10CA700080808080808080808080808080808080B6
:10CA800080808080808080808080808080808080A6
:10CA90008080808080808080808080808080808096
:10CAA0008080808080808080808080808080808086
:10CAB0008080808080808080808080808080808076
:10CAC0008080808080808080808080808080808066
:10CAD0008080808080808080808080808080808056
:10CAE0008080808080808080808080808080808046
:10CAF0008080808080808080808080808080808036
:10CB00008080808080808080808080808080808025
:10CB10008080808080808080808080808080808015
:10CB20008080808080808080808080808080808005
:10CB300080808080808080808080808080808080F5
:10CB400080808080808080808080808080808080E5
:10CB500080808080808080808080808080808080D5
:10CB600080808080808080808080808080808080C5
:10CB700080808080808080808080808080808080B5
:10CB800080808080808080808080808080808080A5
:10CB90008080808080808080808080808080808095
:10CBA0008080808080808080808080808080808085
:10CBB0008080808080808080808080808080808075
:10CBC0008080808080808080808080808080808065
:10CBD0008080808080808080808080808080808055
:10CBE0008080808080808080808080808080808045
:10CBF0008080808080808080808080808080808035
:10CC00008080808080808080808080808080808024
:10CC10008080808080808080808080808080808014
:10CC20008080808080808080808080808080808004
:10CC300080808080808080808080808080808080F4
:10CC400080808080808080808080808080808080E4
:10CC500080808080808080808080808080808080D4
:10CC600080808080808080808080808080808080C4
:10CC700080808080808080808080808080808080B4
:10CC800080808080808080808080808080808080A4
:10CC90008080808080808080808080808080808094
:10CCA0008080808080808080808080808080808084
:10CCB0008080808080808080808080808080808074
:10CCC0008080808080808080808080808080808064
:10CCD0008080808080808080808080808080808054
:10CCE0008080808080808080808080808080808044
:10CCF0008080808080808080808080808080808034
:10CD00008080808080808080808080808080808023
:10CD10008080808080808080808080808080808013
:10CD20008080808080808080808080808080808003
:10CD300080808080808080808080808080808080F3
:10CD400080808080808080808080808080808080E3
:10CD500080808080808080808080808080808080D3
:10CD600080808080808080808080808080808080C3
:10CD700080808080808080808080808080808080B3
:10CD800080808080808080808080808080808080A3
:10CD90008080808080808080808080808080808093
:10CDA0008080808080808080808080808080808083
:10CDB0008080808080808080808080808080808073
:10CDC0008080808080808080808080808080808063
:10CDD0008080808080808080808080808080808053
:10CDE0008080808080808080808080808080808043
:10CDF0008080808080808080808080808080808033
:10CE00008080808080808080808080808080808022
:10CE10008080808080808080808080808080808012
:10CE20008080808080808080808080808080808002
:10CE300080808080808080808080808080808080F2
:10CE400080808080808080808080808080808080E2
:10CE500080808080808080808080808080808080D2
:10CE600080808080808080808080808080808080C2
:10CE700080808080808080808080808080808080B2
:10CE800080808080808080808080808080808080A2
:10CE90008080808080808080808080808080808092
:10CEA0008080808080808080808080808080808082
:10CEB0008080808080808080808080808080808072
:10CEC0008080808080808080808080808080808062
:10CED0008080808080808080808080808080808052
:10CEE0008080808080808080808080808080808042
:10CEF0008080808080808080808080808080808032
:10CF00008080808080808080808080808080808021
:10CF10008080808080808080808080808080808011
:10CF20008080808080808080808080808080808001
:10CF300080808080808080808080808080808080F1
:10CF400080808080808080808080808080808080E1
:10CF500080808080808080808080808080808080D1
:10CF600080808080808080808080808080808080C1
:10CF700080808080808080808080808080808080B1
:10CF800080808080808080808080808080808080A1
:10CF90008080808080808080808080808080808091
:10CFA0008080808080808080808080808080808081
:10CFB0008080808080808080808080808080808071
:10CFC0008080808080808080808080808080808061
:10CFD0008080808080808080808080808080808051
:10CFE0008080808080808080808080808080808041
:10CFF0008080808080808080808080808080808031
:10D000008080808080808080808080808080808020
:10D010008080808080808080808080808080808010
:10D020008080808080808080808080808080808000
:10D0300080808080808080808080808080808080F0
:10D0400080808080808080808080808080808080E0
:10D0500080808080808080808080808080808080D0
:10D0600080808080808080808080808080808080C0
:10D0700080808080808080808080808080808080B0
:10D0800080808080808080808080808080808080A0
:10D090008080808080808080808080808080808090
:10D0A0008080808080808080808080808080808080
:10D0B0008080808080808080808080808080808070
:10D0C0008080808080808080808080808080808060
:10D0D0008080808080808080808080808080808050
:10D0E0008080808080808080808080808080808040
:10D0F0008080808080808080808080808080808030
:10D10000808080808080808080808080808080801F
:10D11000808080808080808080808080808080800F
:10D1200080808080808080808080808080808080FF
:10D1300080808080808080808080808080808080EF
:10D1400080808080808080808080808080808080DF
:10D1500080808080808080808080808080808080CF
:10D1600080808080808080808080808080808080BF
:10D1700080808080808080808080808080808080AF
:10D18000808080808080808080808080808080809F
:10D19000808080808080808080808080808080808F
:10D1A000808080808080808080808080808080807F
:10D1B000808080808080808080808080808080806F
:10D1C000808080808080808080808080808080805F
:10D1D000808080808080808080808080808080804F
:10D1E000808080808080808080808080808080803F
:10D1F000808080808080808080808080808080802F
:10D20000808080808080808080808080808080801E
:10D21000808080808080808080808080808080800E
:10D2200080808080808080808080808080808080FE
:10D2300080808080808080808080808080808080EE
:10D2400080808080808080808080808080808080DE
:10D2500080808080808080808080808080808080CE
:10D2600080808080808080808080808080808080BE
:10D2700080808080808080808080808080808080AE
:10D28000808080808080808080808080808080809E
:10D29000808080808080808080808080808080808E
:10D2A000808080808080808080808080808080807E
:10D2B000808080808080808080808080808080806E
:10D2C000808080808080808080808080808080805E
:10D2D000808080808080808080808080808080804E
:10D2E000808080808080808080808080808080803E
:10D2F000808080808080808080808080808080802E
:10D30000808080808080808080808080808080801D
:10D31000808080808080808080808080808080800D
:10D3200080808080808080808080808080808080FD
:10D3300080808080808080808080808080808080ED
:10D3400080808080808080808080808080808080DD
:10D3500080808080808080808080808080808080CD
:10D3600080808080808080808080808080808080BD
:10D3700080808080808080808080808080808080AD
:10D38000808080808080808080808080808080809D
:10D39000808080808080808080808080808080808D
:10D3A000808080808080808080808080808080807D
:10D3B000808080808080808080808080808080806D
:10D3C000808080808080808080808080808080805D
:10D3D000808080808080808080808080808080804D
:10D3E000808080808080808080808080808080803D
:10D3F000808080808080808080808080808080802D
:10D40000808080808080808080808080808080801C
:10D41000808080808080808080808080808080800C
:10D4200080808080808080808080808080808080FC
:10D4300080808080808080808080808080808080EC
:10D4400080808080808080808080808080808080DC
:10D4500080808080808080808080808080808080CC
:10D4600080808080808080808080808080808080BC
:10D4700080808080808080808080808080808080AC
:10D48000808080808080808080808080808080809C
:10D49000808080808080808080808080808080808C
:10D4A000808080808080808080808080808080807C
:10D4B000808080808080808080808080808080806C
:10D4C000808080808080808080808080808080805C
:10D4D000808080808080808080808080808080804C
:10D4E000808080808080808080808080808080803C
:10D4F000808080808080808080808080808080802C
:10D50000808080808080808080808080808080801B
:10D51000808080808080808080808080808080800B
:10D5200080808080808080808080808080808080FB
:10D5300080808080808080808080808080808080EB
:10D5400080808080808080808080808080808080DB
:10D5500080808080808080808080808080808080CB
:10D5600080808080808080808080808080808080BB
:10D5700080808080808080808080808080808080AB
:10D58000808080808080808080808080808080809B
:10D59000808080808080808080808080808080808B
:10D5A000808080808080808080808080808080807B
:10D5B000808080808080808080808080808080806B
:10D5C000808080808080808080808080808080805B
:10D5D000808080808080808080808080808080804B
:10D5E000808080808080808080808080808080803B
:10D5F000808080808080808080808080808080802B
:10D60000808080808080808080808080808080801A
:10D61000808080808080808080808080808080800A
:10D6200080808080808080808080808080808080FA
:10D6300080808080808080808080808080808080EA
:10D6400080808080808080808080808080808080DA
:10D6500080808080808080808080808080808080CA
:10D6600080808080808080808080808080808080BA
:10D6700080808080808080808080808080808080AA
:10D68000808080808080808080808080808080809A
:10D69000808080808080808080808080808080808A
:10D6A000808080808080808080808080808080807A
:10D6B000808080808080808080808080808080806A
:10D6C000808080808080808080808080808080805A
:10D6D000808080808080808080808080808080804A
:10D6E000808080808080808080808080808080803A
:10D6F000808080808080808080808080808080802A
:10D700008080808080808080808080808080808019
:10D710008080808080808080808080808080808009
:10D7200080808080808080808080808080808080F9
:10D7300080808080808080808080808080808080E9
:10D7400080808080808080808080808080808080D9
:10D7500080808080808080808080808080808080C9
:10D7600080808080808080808080808080808080B9
:10D7700080808080808080808080808080808080A9
:10D780008080808080808080808080808080808099
:10D790008080808080808080808080808080808089
:10D7A0008080808080808080808080808080808079
:10D7B0008080808080808080808080808080808069
:10D7C0008080808080808080808080808080808059
:10D7D0008080808080808080808080808080808049
:10D7E0008080808080808080808080808080808039
:10D7F0008080808080808080808080808080808029
:10D800008080808080808080808080808080808018
:10D810008080808080808080808080808080808008
:10D8200080808080808080808080808080808080F8
:10D8300080808080808080808080808080808080E8
:10D8400080808080808080808080808080808080D8
:10D8500080808080808080808080808080808080C8
:10D8600080808080808080808080808080808080B8
:10D8700080808080808080808181808180808080A5
:10D880008080808080808080808080807F80818098
:10D890008080808080808080808080808080808088
:10D8A0008080808080808080807F80808180808078
:10D8B0008080808080808080808081808080808067
:10D8C0008080808080808080808080808080808058
:10D8D00080808081808080808080808080807F8147
:10D8E0008080807F80808080808080808080807F3A
:10D8F00080807F817F818080808080808080808028
:10D90000808080807F80808180808180807F818016
:10D910007F807F8080807F81807F827F80817F8009
:10D920007F817F81807F817F80807F8080808081F8
:10D930007F80817F808081807F817E82807F8180E7
:10D94000817E817E80808081808180807F80817FD8
:10D95000807F807F80817F818080817F80808080C8
:10D96000807F818080807F808080808080808080B8
:10D97000807F7F808080827F808080817E837D82A7
:10D98000807E827F817F81807F837E80827D818196
:10D990007F7F80808081817F82807E827E81808186
:10D9A0007F81817E837F7F817F8080827D81807E79
:10D9B000827E82807F817E837E80817E837E827E66
:10D9C000817F7F827D837F81817F837E827E817F55
:10D9D00080817E817F837D81807E827F807F827E49
:10D9E0007F817E837E837F80827E837D827F808035
:10D9F0007F837D837F7F807F817E837D81817E8128
:10DA00007E827F80817F817F827F80807F827D8216
:10DA10007F81807F817E817E827F81817F817E8206
:10DA20007F818080817E827F8180808080817F81F4
:10DA300080808080807F7F80807F807F7E7F7E7EF1
:10DA40007F7E7D807F7D807E7E80808081828180E0
:10DA5000848184848184828282827F827F7F817CB0
:10DA60008688828D8A858C888289837F857E7D8069
:10DA70007C7B7E7B7A7F797D7E7C7F807F80827FCE
:10DA800083818381847E978B8EA28D969C8B8A8FD7
:10DA90007C7A816D72786A7378717A7F7D828982EF
:10DAA000898C838B858383827D7B7F74988D8AAEFE
:10DAB0009399A79086907A6A7C646172656A7A7994
:10DAC0007A8E8A88998D8B948585847D777B767113
:10DAD0007F6C86A380ACAE92A8A583848C616776A8
:10DAE0004F66746077857D89988E8F9C8A898E7F3A
:10DAF000788073707A73738075A39E96BDA799A67C
:10DB000095717D734E65684F6E7A6C85968595A08C
:10DB10008C8E99807F8972767B73707D7877857B18
:10DB2000A4A591BDA28EA1876B6F724B64705677CE
:10DB3000837B879A8E8A9F8C81937E798178757694
:10DB40007F717B8275857C91B192ABB2928C90741F
:10DB500058715F49756C6986908390A3828E9A7A1A
:10DB6000848879767F7D69867870867B7A86818ED7
:10DB7000B99DA1BA957B896F496167496C877388A4
:10DB8000A49287A68C798D827079886C778B717955
:10DB9000877D77848A748C8786C49C9EB6947672BF
:10DBA000774051744D708F8C8BA2A87E95926A7CC1
:10DBB0007B736E8384708D887586837B788682758F
:10DBC0008F7D8AC0999CAD96716C79455175637152
:10DBD000909E8E96A7827D83746B737F797D9087EC
:10DBE0008486847C737F7F748588838488839EB0D9
:10DBF0009498A280686E674F60797482979E919125
:10DC0000937F7376756E778384858C8B827D807924
:10DC1000777A80827F8B868382807C7FAF9F90A77C
:10DC200099796671604B6D797A889EA08B938B761B
:10DC3000707175717A8C87898B8980777B76757A1C
:10DC40008186848A8A827F7F787FA09D919D9B7D3B
:10DC50006A7266576A7C8084999C8C8A877C6B6E1A
:10DC600078727A868E8B868D827A797979768185BB
:10DC7000848786877F7D7F788D9D9293988F75703E
:10DC80007466637380808796928786857B74787CC0
:10DC90007B7D8587838383807B7B7E7C7E81848381
:10DCA000828481807D7E7D8A988E8F938C7A757B2D
:10DCB0006F6B747E7D7C8889838184847C7D838185
:10DCC000808085827D80807E7B7E817E7F82838155
:10DCD0008083817F808082888A88898A86807E7E10
:10DCE0007A777A7C7C7C7F8280808182818082834B
:10DCF00081818282808080807E7E807F7E7F808026
:10DD00007F80818180808689878789898380817FE0
:10DD10007B797C7D7A7B7E807E7E8282808183841B
:10DD200081818382807F82817F7F80807E7E8080F0
:10DD30007F7E80817F7F84878585888884818382B8
:10DD40007E7C7E7F7C7B7E7F7D7C80817F7F8183EC
:10DD50008180838381808282807F80817F7F8080B9
:10DD60007F7E80807F7F838483838484828282829B
:10DD7000807F80807F7F7F7F7E7E7F7F7F7F7F80B1
:10DD80007F7F80808080818180808181808081818F
:10DD90008080808080828282838384838282828169
:10DDA000808080807F7F7F7F7F7F7F7F7F7F7F7F7F
:10DDB0007F80808080808180808081818080818060
:10DDC0008080808182828383848383838382818134
:10DDD000818080807F7F7F7F7F7F7F7F7F7F7F7F4E
:10DDE0008080808080808080808080808080808033
:10DDF0008081828282838383838383838282828100
:10DE0000808080807F7F7F7F7F7F7F7F7F7F7F801D
:10DE100080808080808080818180808180808081FE
:10DE200082828283838383838382828282818080D1
:10DE300080807F7F7F7F7F7F7F7F7F7F7F7F7F7FF0
:10DE400080808080808080808080808081828282CB
:10DE500082838382838382828282818181808080A7
:10DE600080807F7F7F7F7F7F7F7F7F7F7F7F7F7FC0
:10DE70007F80808080808080808182828282828296
:10DE8000828282828282818180808080807F7F7F87
:10DE90007F7F7F7F7F7F7F80808080808080808089
:10DEA0008080808080818281818181818181808068
:10DEB0008080808080808080808080808080808062
:10DEC0008080808080808080808080808080808052
:10DED000808081818080808180808080808080803F
:10DEE0008080808080808080808180808080808031
:10DEF00080807F81818080808080817F8080808021
:10DF00007F7F8081817F7F8180807F808081808012
:10DF10008080808081808081807F7F80817F808001
:10DF200080808280807F7F807F8180807F80817FF2
:10DF3000808080817F7F8181807D8183807E7F82E0
:10DF4000807E7E81827F81808082807E7F818180D1
:10DF50007E8182807F7F7F8182807E8083817F7FC0
:10DF60007F80817F7F81807F8081807F81827F7FB2
:10DF70008082817F7F8080817F7F80807F82817FA0
:10DF800081807F7F8181807E808281807F7F808190
:10DF9000807F81807F8081807E81837F7F8082817E
:10DFA0007F7E8081817F7E7F818181807F81828071
:10DFB0007E7D8182807E7F8183827F7E7F81817F63
:10DFC0007F80808181807D7E8182807E7F81828151
:10DFD000807D8083817E7F83817D7F84827F81803D
:10DFE0007E80807F7F818181807E82827F7E7F7F35
:10DFF00083837E7F81807E8082807F808082817D1E
:10E000007E82827F7E8083827E7E808081807F7E12
:10E010008183807D7F84847F7C7E8081837F7C7F01
:10E0200084837D7D8184807D7D8083807E7F8081EF
:10E0300082807D7D8283817E7E8083807E808282DD
:10E040007F7E8082807F7F8081807F7F83837F7DD2
:10E050007F81827F7D7E8184817D7C7F8384807CC3
:10E060007E83847F7B7D8385807A7C8386807B7DB5
:10E070008285827E7C8083837E7C8084837E7D7F9C
:10E0800081817F7E8183807D7E8383807E7F82828B
:10E090007F7D7F82817E7E8082827F7E8082807E85
:10E0A0007E8182817E7E8182807E7F8182817F7F70
:10E0B0008182807F7F8081807E7E8184817E7F825D
:10E0C00083817E7D808281807F7F7F8082807F7F51
:10E0D0008182817E7E8182807E7F8283807E7F813D
:10E0E00081807F7F8081807F7F8081818080838429
:10E0F000817F808282807E7F80817F7E7E80807F24
:10E100007F7F8081808080818181808286878582F7
:10E11000828383807E7E80807E7D7D7F7E7D7D7E0E
:10E1200080807F7F8182828182868A8984838485C0
:10E13000827E7D7F817F7C7C7D7E7D7B7C7E8080FE
:10E14000808183838281869298958C8888867E756B
:10E1500074787C7A77787B7D7977797F85878889F1
:10E160008B8C888591A1A69A8983827C6D6265716A
:10E170007A77757982847E7A7E888D8C898C8F8D72
:10E18000837D8EA5AC99847E817B665A6074807C89
:10E19000797F8B8B81797D8A8C8985898E8A7F793D
:10E1A00090ADB59F8581827A60525D74817A798065
:10E1B0008D8C7E777C8A8C8783898F897B7691B3DF
:10E1C000BDA58A858474574A5A737F7A7C8B98924E
:10E1D0008078818B887F7F888E86797385A7B8AF9A
:10E1E000968B887A5F4B546B7C7C7F8D9997857971
:10E1F0007C84847C7C858E897D767C98B2BAA99556
:10E200008D826D524B5A6B747684959C9282818478
:10E21000867E79818A8C817A7A7F97ADB8AA958833
:10E220007B6C544C596E7E818B949B92827A7B805E
:10E230007E7D818A8E867D797786A1B7B39C8C831B
:10E24000785E4B4D63788086919E9C8A7C787E7D3B
:10E25000797B85908C837C797D94AAAE9C8C85801B
:10E260006D564E5D727E828C9B9F95827B7C7B750A
:10E27000737D8A8C877F827E7E93ABB59F8A8380F5
:10E280006E5047597480838EA1A89983797A776EEE
:10E290006B78888E888488848195ABAF9682807FE6
:10E2A0006E524C617A82808FA2A7937E7A7D766BC4
:10E2B0006C7C8B8B85858A86777B9FB5A989808BC3
:10E2C000815F4451727F7C819DAFA186777E796AA0
:10E2D0006270898E8A889192806F7299AB9C8687D2
:10E2E0009685624E5D767673809EA8968481867947
:10E2F00067667787858389938D7D727B9DA89B89CF
:10E300008D957F615263737173839EA1918686861A
:10E3100075696C7C8480848C92887A78778C9C9FD9
:10E32000968B9086735D5C6D72767B8F9C958A82EE
:10E33000867D726F78838383868C897D79797B86ED
:10E340009AA2998E8B8875615D6B75767C8B98949B
:10E350008781837F74717A858682858A887D7779C3
:10E360007B86959C978F8E887A69666F747579869F
:10E37000908D8582848078767C8484828589877F6D
:10E380007B7C7C828D92918C8D8A80757075767580
:10E39000777F8785828183827C7C7F83828184876B
:10E3A000868180818081858888868686837F7C7D42
:10E3B0007D7C7B7D80807F7F80817F7E7F80818070
:10E3C000818282828081818184868785858584811E
:10E3D0007D7E7E7E7C7D7F807F7E7F807F7E7E7F58
:10E3E0008080808182828181818181838484838312
:10E3F0008382807F7F7F7E7E7E7F807F7F7F807F26
:10E400007F7F808080808181818180808182828203
:10E4100082828281807F7F7F7F7F7F8080808080FB
:10E420008080807F808080808081808080808080EC
:10E43000818281818181807F7F7F80807F808080D9
:10E4400080808080808080808080808080808080CC
:10E45000808081818181808080807F8080808080B9
:10E4600080808080808080808080808080808080AC
:10E47000808080808080808080808080808080809C
:10E48000808080808080808080808080808080808C
:10E49000808080808080808080808080808080807C
:10E4A000808080808080808080808080808080806C
:10E4B000808080808080808080808080808080805C
:10E4C0008080808080808081808181808080808049
:10E4D00080807F80818180807F808080808080803C
:10E4E000807F7F8080818080807F80818181818129
:10E4F0007F7D7D8081808181818281818180817F1A
:10E500007C7C7F83817E7E82847D7B8188847D7E0E
:10E51000807E7B8084858282817B7A8084828081F8
:10E520007F7E7D7F81818282817E7E8182808083E9
:10E5300085838081827F7C7F82807C7C7F807E7DE2
:10E540008283817F80817F7C7E8385828082837FBE
:10E550007C7D81827F818E9993857E7D7972747FA7
:10E5600087868181827E77777E8484838586827B9D
:10E570007A7D8080808385838191AAB6A27E655C46
:10E580005C5E6F8FADB0997C6B6461657692A5A17E
:10E590008E7B726E6B6C7B8F9A93857D7985A8C616
:10E5A000BD8A59464F5D7297BCC4A4745855606CBF
:10E5B0007E94A7A48D746A6F75777C879290847A15
:10E5C0007A809FC5D1A460393C566D8EB5CEBA8491
:10E5D00053455971828E9DA4977C666978817F7CB2
:10E5E000838D8E837A7A83A2C6D0A35A2F355B7F20
:10E5F0009DBDCEBA7E4332517F999D9A99907A649F
:10E6000062768B8C8079828E8D81767BA0CED7A12D
:10E61000512534638AA4BAC2AB74423B6190A49A78
:10E620008883847F736F7C8A8A7B71798D978C79DC
:10E630006E83B8E3D2802B123B7DAABFC3B48C5348
:10E6400031427CB0B798756B767F7D79818B8B7BFF
:10E650006F778B978C756780BDEDDA7D1D003588EF
:10E66000C0CDBEA27A4C334782BBC8A47057617834
:10E670008585868B8D8373707D8E8F7F70708FC440
:10E68000E6CB731A00368FD0DDBD8D60403C588ECE
:10E69000BBC29E6E555F788A8B858587857C757930
:10E6A0008287817879829BC0D7BE6F1B003798E044
:10E6B000E8B6764A3F4F6F98B6B39064506283993C
:10E6C00095837A7D85837A7378848C8A827D7A8932
:10E6D000AFD0C6802A043090E0EAB1673D4263853E
:10E6E0009AA19F927D68616B7F8F928A8280807CE5
:10E6F000757177849192887A727288B4D7C97F27AE
:10E70000002E93E4EEB0613B4D77939284808A941F
:10E710008D776363758D9A96887A7371757C848D15
:10E720008E897E7474768FB9D6C4752300359AEDC0
:10E73000F4B15A29376B9AAB9E8B7E7D7A746E70DA
:10E740007D8F989484756C6F79848C8C8A827B76AB
:10E75000757B8094B6C9B36A21063B9FF0FBB6591E
:10E760001C2562A2BFB08D736C73777673798B9919
:10E770009E8D756161738A9A998B7A6F70768086A7
:10E780008698B2C0A464241449A3EDEFB1562129A0
:10E7900062A1BEB28F71696F787A787B88969B8D03
:10E7A00077636171899B9989756A707D8B8C887C90
:10E7B0008AA7BBAA6D2F17459CE4F1B36021285DA1
:10E7C0009EC1B5916D636C7C847F7C7D8A939485BA
:10E7D0007066677C8E9A9585766C717B868B888552
:10E7E0007D8EA6B7A36C351F4B97DEE8B66529284A
:10E7F0005698BDBB977161687B87867D79808C94C4
:10E800008C7C6A667186979A8F7A6D6A74838E9013
:10E8100089807885A0B6AF8248233473C0E9D89246
:10E82000481E3169A9C8BE956A54597086918F896E
:10E830008484847F776F70798996978C7A6C6973FA
:10E84000828E928C8377798CA5B19D7041314F8CEB
:10E85000C5D8B97D4531497BA9BAAC8A6D5E647370
:10E86000828A8B8B8A8A867E736B6D788B97998D63
:10E870007C6D68707E8C918F867C79899DAB9D794B
:10E880004E3B4D7DB2CCBD8D5A3E476B93ABA793AB
:10E890007B6E6D767D807F7F838A8F8B81736C6EBC
:10E8A0007B899393897C7271767F87898883808640
:10E8B00096A5A48C6645405B8CB7C7B3885C474E71
:10E8C0006B8CA1A3968578717374787B81888F9106
:10E8D0008B80736C6E79868F928B817874767C8353
:10E8E000858682838D9BA59D86624A48638CB0BCD9
:10E8F000AB896654576B839499938A817B7875743E
:10E90000757B838D918F877B7370757C85898A87F2
:10E91000827E7C7B7C7C7E7F85909EA69F89684FD3
:10E92000495C80A2B5AE9676615B6577868F8F8CE9
:10E930008785817D78747479828A8E8B847C7777E1
:10E940007B7F83848381818181807F7D7C7F8A98A6
:10E95000A4A191745B4D587291A6A99B85726A6CB3
:10E96000747C828385868A89867E7773757C8589A7
:10E9700089847F7B7B7E8182827F7E7E8082838191
:10E980007E7C7E86929E9F96826C5E5D6B7F919967
:10E99000978C807876777A7D7E8082858786827D67
:10E9A00079797C81858785817E7C7D7F808181806E
:10E9B0008080818181807E7F848E989B9688766816
:10E9C000646B798790908A827C7A7B7D7E7F7F8062
:10E9D000838585837F7B797B7F838584827F7E7D32
:10E9E0007F808181808080808181807F8082868914
:10E9F0008A88837E7B7B7D80828281807F7F7F7F10
:10EA00007F80808081818181807F7F808081818003
:10EA1000807F7F80808080808080808080808080F8
:10EA2000808182838483817F7E7E7F818181807FDC
:10EA30007F7F7F80808080808080808080808080D9
:10EA400080808080808080808080808080808080C6
:10EA500080808080808081818181807F7F7F8081B4
:10EA600081808080808080808080808080808080A5
:10EA70008080808080808080808080808080808096
:10EA80008080808080808080808081818180807F84
:10EA90007F80808080808080808080808080808077
:10EAA0008080808080808080808080808080808066
:10EAB0008080808080808080808080808080818154
:10EAC0008180807F7F808080808080808080808047
:10EAD0008080808080808080808080808080808036
:10EAE0008080808080808080808080808080808026
:10EAF000808080818080807F808080808080808016
:10EB00008080808080808080808080808080808005
:10EB100080808080808080808080808080808080F5
:10EB200080808080808080808080808080808080E5
:10EB300080808080808080808080808080808080D5
:10EB400080808080808080808080808080808080C5
:10EB500080808080808080808080808080808080B5
:10EB600080808080808080808080808080808080A5
:10EB70007F80808080807F81818080818180808192
:10EB8000808080808080807F7F8080807F80808088
:10EB900080808080807E81817F81807F8181807E76
:10EBA00081807F817F8080807F80817F8180818163
:10EBB00081818080808080807F7F7F82827E838150
:10EBC0007F827F7E81807E84807B82807F7F847E47
:10EBD00080847C80827F7E80817E837F7D857C7E39
:10EBE000847E7E81807F837F7F847B82847D837F20
:10EBF0008080817E82827E8380817F7F807F818210
:10EC00007F7E8180807E847D82827D81807F7F8205
:10EC10007D81807F7F82807F817E818180808081F5
:10EC20007F7F837E837F7F817F80808180827F81E1
:10EC30007F7E817F7F817F7F817F7F82807F817FD9
:10EC40008081808080817F7F837E837F8080807FC2
:10EC5000818180817F817F8080807F827F808280B0
:10EC60007F8082808081817E817F7F817F817F82A2
:10EC70007D82808080817E81827E837F827F807F93
:10EC8000827E817F8080808080817E827F817F8183
:10EC900081807F80827F8281807F817D817F817F73
:10ECA00081807F827F8180817D847E8180807F8161
:10ECB0007F808180817E818080808080807F7F8056
:10ECC000817F828080827F817F817F817E81808041
:10ECD00080817F817F81807F827E837E817F817F33
:10ECE0008280818080817F807F817F837F807F8021
:10ECF000817F827F8180807F8180808080807E8113
:10ED000081807F817F808080817F817F80817F8102
:10ED10007F80807F808080808080808081808081F3
:10ED200080807F7F808180808180817F8180807FE3
:10ED300080817F807F8080808080817F8080807FD5
:10ED4000807F80818081817F80807F818080807FC3
:10ED50007F808180807F8080808180817F818081B1
:10ED60007F8180817F80817F817F817F807E8180A4
:10ED70007F818080808080817F8180808080808092
:10ED80008081807F817F81808280807F828080817E
:10ED9000817F80807F8180817F817F817F817F8172
:10EDA00081807F8080808080807F81808080808063
:10EDB00080808080817F817F80808080817F808152
:10EDC0007F828081808080817F818080807F807F42
:10EDD0008080817F807F8080808080808080808034
:10EDE000808180807F808180808080807F7F808024
:10EDF000808080808180808081808081808180810E
:10EE0000808080808080807F7F7F7F7F807E7F7E0C
:10EE10007F7E7F7E807F80808081818181818183F0
:10EE200081828182818180807F7F7F7E7F7E7E7FE5
:10EE30007E81828186838686868686858584828396
:10EE40007F807E7E7D7C7C7C7C7D7D7D7F7F8081E4
:10EE5000818282838284838283808982898A878C6B
:10EE60008C898D8887898283817C7F787A7977798C
:10EE700079787C7C7C817F82838286848586838589
:10EE8000828688838E888A8F888E8B878985818306
:10EE90007B7D7B767B747778757A7A7A7F7D8084C8
:10EEA00082858784888585858789878D888D8D8BE8
:10EEB0008B8A87878480807B7B7A76787677787870
:10EEC0007A7B7C7F80828584868586868485828C19
:10EED000828A8C868F8A898E85898681827F7A7DD7
:10EEE000777879747A77787C7A7F80808484858655
:10EEF00086858785828B86878F868E8D898D8A868B
:10EF000089818180797C787679747878777B7C7C4C
:10EF10008280828782898586878484878A83918696
:10EF20008B91868E8C838A827F8279797C727A75C6
:10EF3000757A767B7D7C81828285868489848786CA
:10EF4000838E858B9186918F879088838B7D7F8040
:10EF5000747C757478737679777C7E7D84828489FD
:10EF60008489888589828F868C9187948E8B9188FD
:10EF70008787807E7E7678767176727477757C7BF3
:10EF80008082838786898989888793888E968996E7
:10EF9000918A908884827F7777766D73716D7673AE
:10EFA000757E7C818586898B8B8A8B88948F8C9BE0
:10EFB0008D9198898C8C7F7F7E7274736B6F726D6C
:10EFC0007578777E8381868B868B8C87878D9488F6
:10EFD00097978B9A91888F837E7A796E7071677319
:10EFE00070707B797F8486898A8F88898D818292EF
:10EFF0008685998C8B978B868A83797B786D7372E3
:10F000006E7377777C8282868B888C8A89878681EB
:10F010008F8E83959188908C8481817973777070BD
:10F020007573767B7D8084868789898789848581CD
:10F030008395868D9C8E93938F8582847377756D6F
:10F04000747174767A7F7E8684858B8588878484C4
:10F0500083958C8B9A92908E8B857B7D7470726C6D
:10F060007271757A7A83818589858A878787838497
:10F070008A938D8D96928B88848078757271726F69
:10F0800075787A7E80858587888788848484818363
:10F090008C8F8B8D918E8883807D79757375767555
:10F0A000787C7E7F81838484848485848382849039
:10F0B000908C8F918F8984817E7C76757876777736
:10F0C000797B7B7D7D808281838485858487909018
:10F0D0008C8D8E8C86827F7E7B7776787878787937
:10F0E0007C7D7D7E8082828283858584858E908DE5
:10F0F0008C8C8D89837F7F7E7A7777797A78787B1D
:10F100007D7E7D7E81838382848585868D939390A9
:10F110008D8E8F88807B7B7B777373767978787917
:10F120007D7F7E7F8184858485848892989A95935B
:10F1300094938D837C7B7976706F72757675777B0F
:10F140007E7F7E8183868685868892989895919326
:10F15000928C827A797774706E71757676777C7F0F
:10F160008181818586878686868B959998939193F0
:10F170008F887E79797774707074767877797E80ED
:10F180008281838687878585868A94999A959191CD
:10F190008E887E787676747070737679787A7D81D1
:10F1A00083828384868685848389939B9D979290AE
:10F1B0008E887E76737473716F71777A7B7B7E82B3
:10F1C000858585858788878583848D979D9A928C90
:10F1D00089867F76706F72737273767C7F8180828E
:10F1E000868888868586868582807F848F989B9591
:10F1F0008F8B89847A716E72767777787D81828041
:10F200007F8285878684848484807D7C7D808A9CBF
:10F21000ABAA977F706D6E6D6D74838E8D827876DC
:10F220007A7D7E81898F8E847A76797D7D7E8287D4
:10F2300089837F91B0BEA476565568767A7F8E9B7F
:10F2400096806A6775828583889190816E6A7585DC
:10F250008A8684858780767085B4D2BE7D463A558D
:10F260007789939EA5997758556D8A96928D8E8A47
:10F270007A645D6F8D9E97867B797772737C91B986
:10F28000D5C682391D3D7BABBCB19A7D5E4A5176B5
:10F290009FB1A487726B6C6E7381929A927F706E2D
:10F2A000767E83868C8B899FBBB78039234C97C52C
:10F2B000BE96726460626D88A5AB926F5F6A7E874E
:10F2C0008583898E87766B71828D8C837F80807831
:10F2D0008AB7CFA852192D7DC4CAA17264696A6C1D
:10F2E0007796A9A07E626478868781868E8F7E6BF2
:10F2F00068788E938B7D7B7D7E797DACCDBE6D21D4
:10F300001B5EB8D5B57C5E636A72738AA1A7906BE9
:10F310005C627E8D908C87887E726A7186939584FC
:10F320007972797D817F9CC1C48E3B163B96D6D184
:10F33000995F515E777F88949D957A615E748F9B0B
:10F3400092827676797C7E818889877D76767C86C6
:10F3500088877F93ABB28E512F4389C5D2A4644175
:10F360004B7596A497887B767572767E8A938F8587
:10F370007670727C868B8B857E7A767A7E848787A0
:10F3800082849CACA87C4A345292C3C99E66464C87
:10F390007293A59C8B797270747981888E8D857B30
:10F3A000727178838B8E88807975797F8788878161
:10F3B0007B8BA2B19B6C403A64A0C8BF915D445363
:10F3C000779BA79D86746D71787F84878B89867CF7
:10F3D000757276828B908A817673777E8788888231
:10F3E0007D8A9FAF9D7345395A94C4C6A06845472E
:10F3F0006A94AAA58E756B6D7980837F7E838A8FD0
:10F40000887C6E6C758693958A7B706F78838B8A07
:10F410008A99A6A98A5F3A3E6BA7CDC4955E3E48FD
:10F420006D98ACA9917C6E6E72767B7F8891948F7B
:10F430007E6F656C7B8E98958979716F77808689F0
:10F4400095A6B1A1784933497FB7CDB784554556C4
:10F450007A96A095877D7D7E7C756F7380919A9456
:10F460008570686A7A899290877E78777B7D7F8DB8
:10F47000A2B3AC8A5A393C649BBFC1A1755853658D
:10F480007D8D928E8B87877F776D6B758594999232
:10F4900081726B6F7A858C8B87817E7C7B7E8EA060
:10F4A000AFA3855B44496B96B2B3997B64616C7A78
:10F4B000858889898B8A857A706C73808E948F8514
:10F4C000787374797F828384858684848E9BA59CDF
:10F4D00084614E506C8FA7AA9982706A6E757B7F8B
:10F4E000848B908F887C726E747D868A89868280F8
:10F4F0007D7B7A7A7D8186878F99A5A39274574FF9
:10F500005A7893A3A0938478737071737A858F94DB
:10F510008F86797371767C8185878987857E7A77F6
:10F52000787C81858E9CA8A895785B515B728A97C0
:10F5300099938C857C746E6E75818A8F8D88827D9F
:10F540007A7777797E84878986827F7C7B7B7C80D3
:10F550008F9FAAA38D72605E687781888D90918B52
:10F5600081767273797F8285878987837D79797ABD
:10F570007F818383848482807D7C7E8B99A29D8E13
:10F580007A6E6C6F74777D848A8C87807A797B7DC4
:10F590007E8083868785817D7C7D7E7E7F80828361
:10F5A00083817F7E7E848F999B93867A7574747431
:10F5B000777D848785807D7C7C7C7D7E8286878547
:10F5C00082807F7F7E7D7E80828281807F807F833C
:10F5D0008B949690877F7B797675777D8182817E0B
:10F5E0007E7D7C7B7B7E82858484838382807E7E1D
:10F5F000808181808081807F7E818990918C8785C8
:10F6000083807B7A7C7F807E7D7E7F7C7A7A7C7E25
:10F610007F7F8082848281818282818181828381D5
:10F6200080808082878A8A89878584827F7E7E7EA9
:10F630007E7D7E7D7D7C7C7C7D7E7E7F80818182E7
:10F640008282828282828282818181808083858699
:10F6500084838281817F7F7F7F7F7F7F7F7F7F7FAA
:10F660007F7F7F8080808080818181818080808099
:10F670008080808080808080818181818080808086
:10F68000808080808080808080808080808080807A
:10F69000808080808080808080808080808080806A
:10F6A0008080818181808080808080808080808057
:10F6B000808080808080808080808080808080804A
:10F6C0008080808080808080808080818181808037
:10F6D00080808080808080807F808080808080802B
:10F6E000808080808080808080808080808080801A
:10F6F000808080808080808080808080808080800A
:10F7000080808080808080808080808080808080F9
:10F710007F808080808080808080808081808080E9
:10F7200080818080808080808080808080808180D7
:10F7300080808081808080808080808080807F80C9
:10F74000807F808080807F8080817F8180808180B9
:10F75000808080807F807F81807F8180817F817FAA
:10F760008080808080807F81807F817F808080809A
:10F770007F817F80817E827F80807F817F827F8189
:10F78000807F8180808081807F817E81817E827E7A
:10F79000827E81817F827F8080817F80817F808067
:10F7A00080817F808080808080807F818080807F5A
:10F7B000807F827E82817E837E817F81807F827E48
:10F7C00082807F837D827F817E82807E827E808038
:10F7D00080817F817E827F81808080807F80807F2A
:10F7E000817F81808081808080817F817F80808017
:10F7F000817E81807F827F817F80817F807F80800A
:10F8000080807F817F8080818080817E80817F80F9
:10F8100081807E82807E827F7F837D837C837D81E9
:10F82000817D837E8081808080827E81807E837CDA
:10F83000837E8080817F81807F817F8180808080C6
:10F84000817F817F80808080808080807F80807FBA
:10F85000827D837E81817F81808080807F807E84A5
:10F860007E80827E80837D80827F8080817D827F9A
:10F8700080817F8280807E80827D837F807F808187
:10F880007E81827E837D818080817F807F807F8179
:10F890007F827F81807F82817D847E80827E827F65
:10F8A0007F827D827E807F80818080827E827F8059
:10F8B00080817E827E80817F8180817F80827F8146
:10F8C00080817F80807E837C82817E82817F808137
:10F8D0007E817F80817F81808081817F80817F7F29
:10F8E00081807F837F7F837A83817D837E837D8117
:10F8F000827D857D81827B83807F80827E7E837E08
:10F90000818180817F818080807D857E7E847E81F3
:10F910007F80807F827D867D80857B837F81807FE5
:10F92000827E827F7F837B83807E827F817F7F81D7
:10F930007F827D80817E81817F8180807E82807ECA
:10F94000827F7E817F7F81817E80837C80837D81B9
:10F950008181807F827D818080817F81807F8080A6
:10F96000827E81827E8080807F81827E81807F8195
:10F970007F81807F827F80817F817F827F7E827E88
:10F9800080817E8180817E80827E82807F817F8077
:10F9900081808081817F80817F7F8180807F808066
:10F9A0007F80807F80808080808084828185838149
:10F9B00085828183817F81807F7F807D7F807D7F45
:10F9C0007F7E7F807F7F81807F818786868C8A860D
:10F9D0008C898488848083807C7E7D7A7C7D7A7C1F
:10F9E0007D7C7E7F7F7F818181828988868F8A87E7
:10F9F0008D888488848081807D7C7D7A7A7D7A7B05
:10FA00007D7D7D80807F828182828B8E86959285AE
:10FA1000958F8190867D8680787D7B77777C7677E1
:10FA20007E7879827B7D848081848D938A9C99897C
:10FA3000999580918B7A8682767D7B7674797672C1
:10FA40007B7974807B7A837F7E89938C92A1918E5F
:10FA5000A08A8496827C897C767D7A72777B7275A7
:10FA60007F757784787D867D8093928A9F9F899D1C
:10FA70009B819291798486747A7F73737C74727D92
:10FA80007975807E7A83837D89988B93A79290A4E1
:10FA90008C85968579877D727B7B6E757B70757E94
:10FAA0007479827A7F85818192968A9EA28A9A9EB3
:10FAB000818D917A7E8577737C776E79796E7A7C89
:10FAC000747D817B818580859A928FA8998BA39183
:10FAD0007F938776827F71767C706F7D726F7E7880
:10FAE00074827E7C8485808F998B9AA48C959F826A
:10FAF00089927B7E8678747D776F78786F777C7457
:10FB00007B817B7F86818598918EA4988A9D917F49
:10FB10008C87767E8073757D72707A75707B7B764C
:10FB20007E827E8289828D9B8D97A48E909A85821B
:10FB3000897E767C7B72737C70727C7574807A7B34
:10FB40008283818587889396909B9A8E92918382F7
:10FB5000837A757A7770767872767C7778807E7C17
:10FB600084848286868D9590969C919093878283DB
:10FB70007D76777874737875747B7A787E7F7D81F3
:10FB8000838383868791919099968E938E858381C6
:10FB90007A77797672777774797B797B7F7E7E82CC
:10FBA0008381858589908D929690909089858380B8
:10FBB0007A797A75757976777B7A7A7E7F7E81839A
:10FBC000818285848B8D8C92918D908C8785837FAB
:10FBD0007B7B79767978767A7A7A7C7D7E7F808174
:10FBE000818383898C8A8F918C8F8E898786827E90
:10FBF0007D7C78797A77797A797A7C7C7D7F807F51
:10FC00008281838A898A908E8D8F8C888786807F77
:10FC10007F7B7A7C79797B7A797B7C7B7E7E7E8028
:10FC200081808788878D8E8A8D8D88878783808164
:10FC30007E7B7D7B797B7B797A7B7A7C7D7D7D7F0A
:10FC40007F838884888C88898B8886868582838157
:10FC50007F807E7D7D7C7C7C7C7B7C7C7D7D7E7CD6
:10FC60007E847D7E85827F8285837F868380877E7A
:10FC7000848380827F827D7E817C7E7E7C7E7D7C93
:10FC80007F7F7E7F7E847D80867E83838184838464
:10FC90008180887E80857F817D807D7E7D7B837B6A
:10FCA0007D837D7F7F847F80838580858185817F43
:10FCB00086807C827F7E7D807F7A837D7B8879844D
:10FCC0007F81827E848180867E84837D8181817D27
:10FCD00084827883827981847A807F847D81837A2B
:10FCE0008182817E82827B867D7E82807F7F808111
:10FCF0007D85778580807E83807C80857C80857A09
:10FD00008180847882857A8380817D8180817F81F2
:10FD10007F847E7D83847A8282807A84827B8185DF
:10FD20007A827F837A83827E827F807F7D847F7DDB
:10FD30008678837E837B857F7E83817F817F827EC1
:10FD4000827E7D8A797F84807E7C847E7C877F79B9
:10FD50008A7A837E81817B887A80857A8282807E9E
:10FD60008185798281807E80847B8283807C877894
:10FD7000867C837F81807F81807C858278847F8080
:10FD80007C867F7C877B8082817B82837C82828071
:10FD9000807D867B81817F817C84807C877A848062
:10FDA0007C8777887B81837B857C857F798A7B7F55
:10FDB000818182768C7A7E87788779867E798B7747
:10FDC00084807E837B867F7D867C827E808080822D
:10FDD0007D83837D827D84807B867C847B80827E24
:10FDE000847B877E7D8879847C857F7D84807F810C
:10FDF0007F847A84807D82827D7F83807F7F857E01
:10FE00007D857A84827C7F83817C81867A7D887AF5
:10FE100081837E837A88797E8778857D827F7D86DF
:10FE20007D7F817E81817F817F847C7E84807D82D5
:10FE300081817A85807D82837D8180827C84817EC0
:10FE40007D867C8081837F7C857D827D81837A86AF
:10FE50007F7E827F837D7D8876897A857D81807EA5
:10FE600081817D837E847C847F7F7F837B847D838F
:10FE70007C828478867E807D877A8180837A828284
:10FE800080798A7A8180827F7F81837A877C808370
:10FE90007E817E837E817F83788D788181827B8461
:10FEA0007E837986817B847F7D818381798A7B8053
:10FEB000817F817E847F7A86807F817E8675887D42
:10FEC000817E83807C857F7C847F7D877B837F832D
:10FED0007F7C867F7A867E7F807F847A84827A8622
:10FEE0007E7F817F837C82837B83827E827D837D14
:10FEF00081827D847D807F81847D7F857D808082FD
:10FF0000817A867E7D857C837D818379857F7E82F3
:10FF10007E827E7F847D81837D8083817E838182DA
:10FF20007F83827F82827D83807D8080807F7F84CB
:10FF30007D8282808381818183807E827F7E7E82BA
:10FF40007A83838186878A85898C84868883818168
:10FF5000827A787D7875757674757A777A7F7F7D09
:10FF6000808782828884818481807E807E7D807F7C
:10FF70007B85928488988A838C897A7D877677803E
:10FF800079767B80767A837B7E8383818287828287
:10FF900086828281827F7E7F8D8D829593868890F6
:10FFA0008177847D6E7B7C72767E7D7684847C8591
:10FFB00087838386877E85827D7F7F7D7A7F7C8B2A
:10FFC00092829899898E91897684806A7779707106
:10FFD0007C7D7583877F878A8884878A7C84817CFF
:10FFE0007D7B80767F7E789292879C9F908E9B8986
:10FFF00078877B6972766A6A7C7874868A848B9348
:020000040202F6
:100000008C888F8880817F7975787773797B798404
:100010009B8F93AB9D909E98807F886E6776696278
:100020006F7770798B848A94948F91958586857883
:10003000797473707177737D7D939E8AADA5989A5C
:100040009D90768B77636F6D64637873718A89880E
:10005000929B938E998B82867D7671776F6C787484
:10006000787C85818AAB919AB0988E9596727B84C4
:100070006567756F6178816F848F87899594858FA7
:10008000927C86837B76797C6C7C79767C81827F9E
:100090008699998CA69F8B919582748678657677E0
:1000A00069707F78758988808A9087848F877D863C
:1000B00083777D7D79767D7D7681817E8185819353
:1000C0009C899F9F8B8B948473857B69757A6C70F8
:1000D000817A768989808B9085868C857C848077EF
:1000E0007B7D77787E7B7B82818085858485839408
:1000F00096879C998A87938170837A66757C6D72E6
:10010000847E7A8B8E838A9286828B817A7D7D75BE
:10011000757D76797E807F828983878886828483D5
:100120007883908185998981908D797F8A72738295
:1001300076717C8275808981828C898089867F80B6
:10014000817C797C7C777D7D7E7F838383868584BB
:10015000848382807E7F7C7C7D9284869E8C879146
:10016000907C7E88726F7D746C787F757C8D8184C5
:10017000908B86898B7F7E8378767C7677797E7D7F
:100180007F8683868888868485807F7E7A7C7A7B5A
:100190007B7E94858D9C8F8C8E907A7B846E6F781D
:1001A000736E778378828D878A8C8F8585887C7B38
:1001B0007B7875767B777C808184858A8688878545
:1001C00082807F7B7A7B7A797C7D7E808483869730
:1001D0008D8B9B8E84878774737C6F6C7879737E2C
:1001E000878386908B878C88827F817877797678F1
:1001F000777E7D808585878788878385807D7E79EA
:100200007C797B7C7B817F828483868484859288D1
:1002100087938880848376747E74707C7C797F89F0
:1002200082858C888586877F7D807A787B7A7A7BC9
:10023000807F818584868487868183807F7B7D7DA6
:10024000797D7E7C7F8281828485838384817F81A6
:100250008D838290877F858678788277737E7E779C
:100260008086818389888386877F7F7F7D797A7D79
:10027000797B7F7E81828485838683838280807C74
:100280007D7C7B7D7D7E7F80818283838282828173
:10029000807F7E7F87828189868083847D7B807C4E
:1002A000797D7F7C7E8382808485828183817E804C
:1002B0007F7D7D7E7E7E808081818382828282803E
:1002C00080807E7E7F7E7E7F808080828182818131
:1002D0008180817F7F7F7F7F7E808583828785810C
:1002E00082837D7C7F7C7A7D7F7D7E838281848515
:1002F000828283807E7F7F7D7D7E7E7E8081818104
:100300008382828182807F807F7E7E7F7F7F8080EC
:100310008181818181818180807F7F7F7F7F7F80DC
:1003200083828184838181827F7E7F7E7C7E7F7ECB
:100330007F8181818283818181807F7F7F7E7E7FBB
:100340007F7F8081818181818181818080807F7FA9
:100350007F7F7F808080808181818181808180809A
:100360008080807F80807F8080808081818081828A
:10037000818081828080817F7E80807E7F8180807D
:100380008181808181808081807F80807F8080806A
:10039000818282818282808080807E7F7F7E7E805B
:1003A000807F8081808081818081808080807F7F4C
:1003B00080807F8081808081808080807F7F80803E
:1003C0007F8081808080807F80807F7F80807F8031
:1003D0008080808181808181808080807F8080801A
:1003E0007F8080808080808080808080808080800E
:1003F00080808080808080808080808080808080FD
:1004000080808080808080808080808080808080EC
:1004100080808080808080808080808080808080DC
:1004200080808080808080808080808080808080CC
:1004300080808080808080808080808080808080BC
:1004400080808080808080808080808080808080AC
:10045000808080808080808080808080808080809C
:10046000808080808080808080808080808080808C
:10047000808080808080808080808080808080807C
:10048000808080808080808080808080808080806C
:10049000808080808080808080808080808080805C
:1004A000808080808080808080808080808080804C
:1004B000808080808080808080808080808080803C
:1004C000808080808080808080808080808080802C
:1004D000808080808080808080808080808080801C
:1004E000808080808080808080808080808080800C
:1004F00080808080808080808080808080808080FC
:1005000080808080808080808080808080808080EB
:1005100080808080808080808080808080808080DB
:1005200080808080808080808080808080808080CB
:1005300080808080808080808080808080808080BB
:1005400080808080808080808080808080808080AB
:10055000808080808080808080808080808080809B
:10056000808080808080808080808080808080808B
:10057000808080808080808080808080808080807B
:10058000808080808080808080808080808080806B
:10059000808080808080808080808080808080805B
:1005A000808080808080808080808080808080804B
:1005B000808080808080808080808080808080803B
:1005C000808080808080808080808080808080802B
:1005D000808080808080808080808080808080801B
:1005E000808080808080808080808080808080800B
:1005F00080808080808080808080808080808080FB
:1006000080808080808080808080808080808080EA
:1006100080808080808080808080808080808080DA
:1006200080808080808080808080808080808080CA
:1006300080808080808080808080808080808080BA
:1006400080808080808080808080808080808080AA
:10065000808080808080808080808080808080809A
:10066000808080808080808080808080808080808A
:10067000808080808080808080808080808080807A
:10068000808080808080808080808080808080806A
:10069000808080808080808080808080808080805A
:1006A000808080808080808080808080808080804A
:1006B000808080808080808080808080808080803A
:1006C000808080808080808080808080808080802A
:1006D000808080808080808080808080808080801A
:1006E000808080808080808080808080808080800A
:1006F00080808080808080808080808080808080FA
:1007000080808080808080808080808080808080E9
:1007100080808080808080808080808080808080D9
:1007200080808080808080808080808080808080C9
:1007300080808080808080808080808080808080B9
:1007400080808080808080808080808080808080A9
:100750008080808080808080808080808080808099
:100760008080808080808080808080808080808089
:100770008080808080808080808080808080808079
:100780008080808080808080808080808080808069
:100790008080808080808080808080808080808059
:1007A0008080808080808080808080808080808049
:1007B0008080808080808080808080808080808039
:1007C0008080808080808080808080808080808029
:1007D0008080808080808080808080808080808019
:1007E0008080808080808080808080808080808009
:1007F00080808080808080808080808080808080F9
:1008000080808080808080808080808080808080E8
:1008100080808080808080808080808080808080D8
:1008200080808080808080808080808080808080C8
:1008300080808080808080808080808080808080B8
:1008400080808080808080808080808080808080A8
:100850008080808080808080808080808080808098
:100860008080808080808080808080808080808088
:100870008080808080808080808080808080808078
:100880008080808080808080808080808080808068
:100890008080808080808080808080808080808058
:1008A0008080808080808080808080808080808048
:1008B0008080808080808080808080808080808038
:1008C0008080808080808080808080808080808028
:1008D0008080808080808080808080808080808018
:1008E0008080808080808080808080808080808008
:1008F00080808080808080808080808080808080F8
:1009000080808080808080808080808080808080E7
:1009100080808080808080808080808080808080D7
:1009200080808080808080808080808080808080C7
:1009300080808080808080808080808080808080B7
:1009400080808080808080808080808080808080A7
:100950008080808080808080808080808080808097
:100960008080808080808080808080808080808087
:100970008080808080808080808080808080808077
:100980008080808080808080808080808080808067
:100990008080808080808080808080808080808057
:1009A0008080808080808080808080808080808047
:1009B0008080808080808080808080808080808037
:1009C0008080808080808080808080808080808027
:1009D0008080808080808080808080808080808017
:1009E0008080808080808080808080808080808007
:1009F00080808080808080808080808080808080F7
:100A000080808080808080808080808080808080E6
:100A100080808080808080808080808080808080D6
:100A200080808080808080808080808080808080C6
:100A300080808080808080808080808080808080B6
:100A400080808080808080808080808080808080A6
:100A50008080808080808080808080808080808096
:100A60008080808080808080808080808080808086
:100A70008080808080808080808080808080808076
:100A80008080808080808080808080808080808066
:100A90008080808080808080808080808080808056
:100AA0008080808080808080808080808080808046
:100AB0008080808080808080808080808080808036
:100AC0008080808080808080808080808080808026
:100AD0008080808080808080808080808080808016
:100AE0008080808080808080808080808080808006
:100AF00080808080808080808080808080808080F6
:100B000080808080808080808080808080808080E5
:100B100080808080808080808080808080808080D5
:100B200080808080808080808080808080808080C5
:100B300080808080808080808080808080808080B5
:100B400080808080808080808080808080808080A5
:100B50008080808080808080808080808080808095
:100B60008080808080808080808080808080808085
:100B70008080808080808080808080808080808075
:100B80008080808080808080808080808080808065
:100B90008080808080808080808080808080808055
:100BA0008080808080808080808080808080808045
:100BB0008080808080808080808080808080808035
:100BC0008080808080808080808080808080808025
:100BD0008080808080808080808080808080808015
:100BE0008080808080808080808080808080808005
:100BF00080808080808080808080808080808080F5
:100C000080808080808080808080808080808080E4
:100C100080808080808080808080808080808080D4
:100C200080808080808080808080808080808080C4
:100C300080808080808080808080808080808080B4
:100C400080808080808080808080808080808080A4
:100C50008080808080808080808080808080808094
:100C60008080808080808080808080808080808084
:100C70008080808080808080808080808080808074
:100C80008080808080808080808080808080808064
:100C90008080808080808080808080808080808054
:100CA0008080808080808080808080808080808044
:100CB0008080808080808080808080808080808034
:100CC0008080808080808080808080808080808024
:100CD0008080808080808080808080808080808014
:100CE0008080808080808080808080808080808004
:100CF00080808080808080808080808080808080F4
:100D000080808080808080808080808080808080E3
:100D100080808080808080808080808080808080D3
:100D200080808080808080808080808080808080C3
:100D300080808080808080808080808080808080B3
:100D400080808080808080808080808080808080A3
:100D50008080808080808080808080808080808093
:100D60008080808080808080808080808080808083
:100D70008080808080808080808080808080808073
:100D80008080808080808080808080808080808063
:100D90008080808080808080808080808080808053
:100DA0008080808080808080808080808080808043
:100DB0008080808080808080808080808080808033
:100DC0008080808080808080808080808080808023
:100DD0008080808080808080808080808080808013
:100DE0008080808080808080808080808080808003
:100DF00080808080808080808080808080808080F3
:100E000080808080808080808080808080808080E2
:100E100080808080808080808080808080808080D2
:100E200080808080808080808080808080808080C2
:100E300080808080808080808080808080808080B2
:100E400080808080808080808080808080808080A2
:100E50008080808080808080808080808080808092
:100E60008080808080808080808080808080808082
:100E70008080808080808080808080808080808072
:100E80008080808080808080808080808080808062
:100E90008080808080808080808080808080808052
:100EA0008080808080808080808080808080808042
:100EB0008080808080808080808080808080808032
:100EC0008080808080808080808080808080808022
:100ED0008080808080808080808080808080808012
:100EE0008080808080808080808080808080808002
:100EF00080808080808080808080808080808080F2
:100F000080808080808080808080808080808080E1
:100F100080808080808080808080808080808080D1
:100F200080808080808080808080808080808080C1
:100F300080808080808080808080808080808080B1
:100F400080808080808080808080808080808080A1
:100F50008080808080808080808080808080808091
:100F60008080808080808080808080808080808081
:100F70008080808080808080808080808080808071
:100F80008080808080808080808080808080808061
:100F90008080808080808080808080808080808051
:100FA0008080808080808080808080808080808041
:100FB0008080808080808080808080808080808031
:100FC0008080808080808080808080808080808021
:100FD0008080808081808080808080808080808010
:100FE0008080808080808080808080808080808001
:100FF00080808080808081807F80808080808080F1
:10100000808080807F8080808080808080808080E1
:1010100080808080808080808080808080818080CF
:1010200080808080808080808080808080808080C0
:10103000808080808080817F8080808080808080B0
:101040007F808080808080808180808080808080A0
:1010500080817F81807F807F808080808080808091
:10106000818080808080807F817F8080817F817F80
:101070007F827F808080807F807F827E81817E836F
:101080007F8080808080807F827F80817F80808061
:101090007F827F7F827F81807F827F818081807F4E
:1010A000818080808080808080808081807F7F8040
:1010B0008080807F8180807F81817F807F80808130
:1010C0008080817F80807F827F80817F8081807F20
:1010D000837C827F808180808081807F817F81800E
:1010E0007F8180807F827E82808081808080807FFF
:1010F0008180817F80817F817F837F807F827F80ED
:10110000837E7F817F7F827F817F827D837F7F82DD
:101110007E827E817E82827E827F7F80827D837DD1
:1011200081817F817F7F7F847C837F7F827E8080BF
:10113000817F827D81807E837F807F827D827F7FB1
:10114000827F80817F8181807F827E827F7F80809D
:10115000837E827F807F827E827E8180807E827F8E
:101160007F837E818080807F7E817F8080807F8181
:101170007E817F80817F81808180817F81807F826D
:101180007E817E8380807F807F80827E817E827E62
:10119000808081807F817E817E837F818081807F4E
:1011A0008081807F817F7F7F818080827E81807F40
:1011B000827E81807F7F827E80808080817F80822E
:1011C0007C827F7F808080807F8081808080807E25
:1011D0007F817F81807F81808080817F7F80817F10
:1011E000827E7F80807F82807F827E8280808082FC
:1011F0007F817E82807F8180807F807E827E827FF1
:1012000080817F818080808080807F8080808080DE
:101210008080808180808180807F80817F80807FCE
:1012200080817F81817F817F817F817F81807F81BC
:101230007F8080807F817E81807F807F7F80817EB4
:10124000827F81817F80808080807F81808181809A
:101250008180808081808080807F817F80807F808E
:101260007F807F807F80808080808180818181817C
:1012700080808180818080818080808080807F8369
:101280008182848283838281828081807F807E804C
:101290007F7F7F7E7F7F7F7F807F80808081808156
:1012A000818181818181818086838588848786840C
:1012B00084838281807F7F7D7D7D7C7D7D7C7F7D41
:1012C0007F807F8080808181818181818180818117
:1012D000808884888D878E8C8A8C89868682807FA0
:1012E0007B7C7A797B797A7C7A7D7E7E8180828232
:1012F0008283828381838180837C87878391898DA8
:10130000938B908F8889867F827A797974777575C7
:1013100079797C7D808185858888868B85878680A4
:10132000847E7D7D7E867E8D898895899191878F4B
:101330008683847D7A7A75747871787975817C81F9
:101340008682898788898787858580827E7C7C7E66
:10135000867F8E8A89968B9192888C8880827C7613
:101360007A73737674767B797E81808786878A87A5
:101370008887858382807D7E7A7B797E887E928D48
:101380008B9B8D9195868C867E7F7A757476717530
:101390007B72817D7D8A81888A868A878584827F27
:1013A0007E7E787C7B777F778C858A9B899A978DE8
:1013B0009687887F7B796F766D6F786F7D7B7E8770
:1013C000848B898C8B878A81857F7B7E777A7A77FD
:1013D0007C7A7D817D8B908B9A989098908887817C
:1013E0007875766C71736F777B7B8286858A8C8843
:1013F0008A898385807E7D7A7B777B7A79807B8101
:10140000847F878192948B9E938B9685827D7A735D
:101410006F766C727973807F8387878B87898A82E6
:1014200087807E80787E797A7E7A7F7F7F838083D3
:101430008381848280918F8A9693898D897E7B7B3C
:1014400073717572737A7A7E8284878689888687BB
:101450008382817E7F7C7D7C7B7D7C7E7E7F8180A4
:10146000828381838281818D928A9394898A867F07
:1014700079777571727676797C7F838386878687A4
:1014800085858482817F7F7D7C7D7B7D7D7E7F7F66
:101490008180828281838281837E85928C8C928EF0
:1014A0008881807B7474737575777E7E8184848770
:1014B00085868684848282807E7F7D7D7D7C7E7D24
:1014C0007F7F8081818282828281828081807F8809
:1014D0008C89898989837E7D7A7977787B7A7D7F0B
:1014E00081828184838383828381828180807E7FE5
:1014F0007E7E7E7E7F7F7F808081808181818181F1
:1015000081808080807F82898A88888786817D7CAF
:101510007B7A797B7C7D7E808182818282828282DD
:101520008282828181807F7F7E7E7E7E7F7F8080BF
:1015300080808081808181818180818080807F85A1
:10154000898988858684807C7A7C7B7B7B7E7F7F93
:101550007F7F808080818182828282828281807F7F
:101560007F7F7F7F7F7F7F7F808080808081818081
:1015700081808180808080807F8186888785848447
:10158000827F7C7C7D7D7D7C7F7F807F7F80808073
:10159000808082818281818281817F807F7F7F7F45
:1015A0007F7F7F807F80808080808080808180813D
:1015B0008080807F81868787858484827F7C7C7D14
:1015C0007D7D7D7E80807F7F7F8080808081828224
:1015D000828282818180807F7F7F7F7F7F807F800A
:1015E0007F7F7F80808080818181818181808080F8
:1015F00081858686848384827F7D7C7D7E7E7E7EDF
:101600007F807F7F7F7F80808081828282828181D4
:1016100080807F807F7F807F807F7F807F808080D1
:1016200080808081808181808080808081858686A5
:1016300084838482807E7D7E7E7E7E7E7F7F7F7FB0
:101640007F7F80808081828282828281818080808F
:1016500080807F7F7F7F7F7F7F7F7F808080808093
:101660008081818180808083858584838383817F5D
:101670007E7E7F7E7E7E7F7F7F7E7F7F7F8080807D
:101680008181818181818181808080808080808052
:101690007F7F7F7F7F80808080808080808080814E
:1016A00084848483838382807F7F7F7E7E7E7F7F2E
:1016B0007F7E7F7F7F7F7F8081818181818181802B
:1016C00081808080808080808080807F7F7F80801C
:1016D00080808080808081848484838384828080F1
:1016E00080807F7E7F7F7F7E7E7F7F7F7F7F808009
:1016F00080808181818181818181818181808080DF
:101700008080808080807F808080808081838483CF
:1017100083838482818181818080807F7F7F7F7FBE
:101720007E7E7E7F7F7F7F808080808081818181BF
:101730008181818181818180808080808080807FA3
:10174000808283838383838382828181818080807E
:10175000807F7F7F7F7F7F7F7F7F7F7F7F7F808096
:10176000808080808081818181818181818181806F
:101770008080808082838383838483838382828149
:10178000818180808080807F7F7F7F7F7F7F7F7F60
:101790007F7F7F7F7F7F7F7F808080808080808051
:1017A0008080808080808182838383848484848419
:1017B00083838382828181818180808080807F7F1A
:1017C0007F7F7F7F7F7F7F7F7F7F7F7F7F7F7F7F29
:1017D0007F808080808080808182828282838383F8
:1017E00083828282828281818181818180808080E6
:1017F000807F7F7F7F7F7F7F7F7F7F7F7F7F7F7FF8
:101800007F7F8080808080818282828282828282C9
:10181000828282828281818181808080807F7F7FBD
:101820007F7F7F7F7F7F7F7F7F7F7F8080808080C3
:10183000808081818081808181818181808180809F
:10184000808081818180807F808080808080808096
:101850008080808080808080808080808081818086
:1018600080808080808080807F8080808080808178
:1018700081818080808181807F7F80808080808066
:10188000808080808080808080808080807F808059
:1018900080808080807F8080818080808080808048
:1018A0007F80808080808080808080808080808039
:1018B0008080808080818081808080808080808125
:1018C0008080807F80808080808080808080808019
:1018D00080808080818080808080807F8080808008
:1018E00080808180808080808180808080808080F6
:1018F00080808080808080808080808080808080E8
:1019000080808080818080807F80807F80807F80D9
:1019100080808080808080808080817F80808081C6
:10192000808080808080808080807F8080808080B8
:1019300080808080808080808080818080807F80A7
:10194000808081817E807F818081807F817F808097
:10195000808080808080817F81807E817F80808088
:1019600080808080817F807F827F80807F80817F78
:10197000818080818080807F8081807F817E818066
:101980007F80808080808080817E8180807F818058
:101990007E827E81807F817F8080818080817F7F49
:1019A00080817F827F7F81808081807E827F818134
:1019B0007F80817E81817E81808080807F80817F29
:1019C00081807F7F827F80827D81807F82807F8116
:1019D000808080808081807F80827F81807F817F06
:1019E000807F827E81817E837F8080817F81807EF7
:1019F000827F8081817F81807E827F8080827E81E4
:101A0000807F817F81807F8180817F8080807F81D6
:101A10007F80807F80808080808080807F81807FC9
:101A200080808080817F80807F81808081808080B5
:101A3000817F827E818080817F817F81807F8080A5
:101A40007F81808081808081807F81817F817F8094
:101A5000807F817F80808081808180808081808183
:101A6000807F808080807F817F8180808080817F77
:101A7000837F81818080817F7F7F7E807E7F7E7D6E
:101A80007E7F7E7E807D817F7F807F81808080825F
:101A9000808182808181808180808783868985881A
:101AA000888685868282827E807E7D7E7C7C7D7D2E
:101AB0007C7F7D7F807F818083808382828480831E
:101AC00080828080817D8586858D8B8B918E8A90AA
:101AD000888688807F7E7A787A767779787B7D7C35
:101AE0007F828084848484868383847F837F7E7FD7
:101AF0007D7E7B838683908B8F93928F928D868B56
:101B00007F7F7C77757573707872787B7B80828538
:101B1000868A888A8A8789848481807E7B7D777C97
:101B200077858185928895949292948B898B7C811C
:101B30007C73777370737572797B7B8284848A8AF5
:101B4000898C8A88888680847D7D7C787A7878867E
:101B50008088928B95979195938B89877D7A7A6F00
:101B600073706E717374777F7E8489868E8C8D8B93
:101B70008C8786857E80797A777777767A7888857C
:101B80008C989198999492918981847674766D70ED
:101B90007272727C7C7D8885878D8A888A8982842E
:101BA000837B7E7D777C7B7A7C7F7F7E8382808651
:101BB00082848089908795938C8F8D877F857875B7
:101BC0007B71747677777A827C8388828887878432
:101BD00084867D837F7B7F7C7D7A7E7F7B827E7F18
:101BE00083808381838280838B8E899392888B8983
:101BF000807B7E7872787674787D7C7D8484828622
:101C000087858487828182807E7E807B7C7F7C7DCD
:101C10007F7F7E7F827E8082808180838080828AB7
:101C20008F8991938B8A89837B7B7A72747776769E
:101C30007B7E7D8185848487878584858281808081
:101C40007E7D7E7D7C7E7E7E7E80808081828182A4
:101C50008182818081807F828D8A8A908F89878727
:101C6000817A797775747578797B7F8084848686AC
:101C7000868584848281807F7F7D7D7D7D7D7E7F62
:101C80007F8080818181818281818181808080804B
:101C90007F85898989898A8884817F7D7B78797924
:101CA0007A7B7B7E8081818283838383838282812E
:101CB0008080807F7F7E7F7F7F7F7F7F808080802E
:101CC00081818181818181808080807F84888888F2
:101CD00087888884817E7D7D7B7A7A7B7D7D7D7E11
:101CE0007F818181828283828282828281808080E0
:101CF000807F7E7F7F7F7F7F7F80808080808181EB
:101D000081818080808080808486868584858583AB
:101D1000817F7F7F7E7D7C7D7E7E7E7D7F7F8080DC
:101D200080818181828181828181818181808080A5
:101D30007F807F7F7F7F7F7F7F7F808080808080AC
:101D40008081808285858584848483828080807F71
:101D50007E7E7D7E7E7E7E7D7E7E7F7F7F8081819A
:101D60008181818281828181818181808080808066
:101D7000807F7F7F7F7F7F7F7F7F80808080828466
:101D800084848483838382807F807F807F7E7F7F43
:101D90007F7F7E7E7E7F7F7F7F808081818181814A
:101DA00081818181808181808080808080807F7F2F
:101DB0007F7F7F7F80808080808183848483838312
:101DC00083828180808080807F7F7F7F7E7E7E7E19
:101DD0007E7F7F7F7F808081818181818181818100
:101DE000818181818180808080807F7F7F7F7F7FF4
:101DF0007F7F7F80828383838383838282818180CC
:101E000080818080807F7F7F7E7E7E7E7E7E7F7FE2
:101E10007F808080808080808181818181818181BB
:101E200081818181808080808080808080818283A8
:101E3000838383838282818180808180808080808F
:101E40007F7F7F7E7E7E7E7F7F7F7F7F7F7F7F7FA6
:101E50008080808080808181818181818181818178
:101E60008181808180818282838383838383828254
:101E7000818181818181808080807F7F7F7F7F7F62
:101E80007F7F7F7F7F7F7F7F7F7F7F7F808080805E
:101E90008080808181818181818181818182828232
:101EA0008282828281818181818181808080808023
:101EB0007F7F7F7F7F7F7F7F7F7F7F7F7F7F7F7F32
:101EC000808080808081818080808181808080800E
:101ED00080808080808080807F8080808080808003
:101EE0008080808080808080808080807F7F7F80F5
:101EF00080808080808080808080808080808080E2
:101F000080808080808080808080808080808080D1
:101F10008080808181818180807F80808080807FBF
:101F20007E7E7F80818282828180807F7F808081AF
:101F300081818180807F7F7F7F8081818281807E9F
:101F40007D7F8081818283827F7D7B7C7F8386878A
:101F500085807B78797E848787837E7B7A7E828585
:101F600085837F7C7B7D8084868583807C7A7A7C78
:101F70008083858786837F7B77777A7F85898A864A
:101F80007F79777A808587837D79797E8387888555
:101F9000807C7A7C7F818282828180807F7F7F814A
:101FA00083848381807F808282817E7A797B808630
:101FB0008A89847D78787C81858684807C7A7C801F
:101FC0008587857F7A78797D82868785817C77771A
:101FD0007B82888A88837C76757981888C8A847CE8
:101FE0007775797F858987837E7B7A7B7E80838402
:101FF00083827F7E7E7F80828382807D7C7D7F82E4
:10200000848483817E7C7C7F81838483807D7A7DD0
:1020100082848382807E7D7F8081818181808080B7
:1020200080807F7E7F80818282807F8080807F7EB3
:102030007E8083848381807D7B7D818484827F7C9C
:102040007C7F828484827E7C7D7E828483807F7E8E
:102050007E80838583817E7C7D7F80818382807D7D
:102060007C7E80838383817E7C7E8080808182836E
:1020700082817E7D7D7E7F81828080818281807F62
:102080007D7D81848483817F7D7D7F81828281804B
:102090007E7E7E7F8182817E7D7E818382807F7F46
:1020A0007E7E81838281807F7D7D7F81828281822D
:1020B000817F7E7E7D7F81828281817E7D7E818324
:1020C00083817D7B7C818485827D7A7C808485830D
:1020D0007F7C7C7E808283827F7D7D808282817F07
:1020E0007F7F7F808281807E7E7F80818182807FF2
:1020F0007F807F7F7F81828382817F7C7B7E8385DF
:1021000083817E7D7E7F81818180808081807F7FD1
:102110007E7F7F818282817F7E7E80818282807EBF
:102120007D7D7F80828281807F7F7F7F7F7F8183B3
:102130008382807E7D7E818483817E7D7D7F82849B
:102140008482807D7D7F80818080807F808181818D
:1021500080808181817F7F7F808081807F7F80827E
:102160008382808080818181807E7F81838483805F
:102170007D7D7D7F82888E918C8278717379808657
:102180008887817A74747981888B8986817D7A7950
:102190007C81848C9FB3B9A47C5546526D889BA1E9
:1021A00099846B5A5C738EA0A09485766D69707F5C
:1021B0008D93909BB4C1AE7A49394C708D9FA8A382
:1021C0008D6A52557191A09C91867C6F676B7A8A5B
:1021D000918C94BCDDC87E331D3B6A91ACC1C09A22
:1021E0006038406B93A4A29C937C615564859A9956
:1021F0008E828FB4CDBD88503536527FB2D3C7970B
:102200005E3F445F82A1B2AF926D56596F8593993C
:10221000988987AED2BE763429466B92B7D3C386EF
:1022200048334E7490A3AFA8875F5366808E8F901B
:102230008F827496D6E4A045202F4F77AFE3E7A6B0
:102240005125335E83A5C2C0955B445A788A949D1C
:102250009A836666A5EDE393492F2B346CC5FFE79F
:10226000944B2E334A78B5D9C386564D5B667B9E18
:10227000B19D796770A6DBD19A613B222A6FC4EFCA
:10228000DAA0683A263C75B5D0BE946D5549597EA2
:10229000A2AC9A84756B6EA6EBDF955333242D7038
:1022A000C8F1DA9A60392B4077B7D1B98F6C554AAB
:1022B0005982A4AA9A84766B6384D5F6BD734D3097
:1022C0001C409ADFE3BB8857332E5495C1C1A587C4
:1022D000694E4D6C93A29D948371656A7FBDF3D561
:1022E0008B54351E2D80CFE2CA9F6C3B2B487CABB4
:1022F000BDB49B795B4E5F7B8E9B9C9482706D70AE
:102300007783BAF0CE85583E25327CC5D7C6A675F0
:10231000453247739CB6B5A38564525A6F8495A025
:102320009C8A776F6B6F7988C1EFC8855D3D2032DD
:1023300080C1CFC7AA7340334A6E99B7B9A58565E6
:1023400052566B8196A39D8D7B6F676A78868AA5AE
:10235000E1D7926B512C2661AAC2CAC09363444153
:1023600053789DACB1A283685C60687B949B989025
:1023700083746A6E757C8A8CA3D7CC91725A31288B
:10238000619FB6C7C99D634841486A98B0B4AC9193
:102390006D59565E708E9FA19C8C776966697684B4
:1023A000939592C0D199796E492D4E8B9BAFC8AE53
:1023B0008167584A567B909DADA289786B5E6076A6
:1023C000838C9C9B8B82796B6A737C828F948989C6
:1023D000B8BC9297855241596A6B9BB59F9C947388
:1023E0005A616969869D9899967F6E6B6A6A7B8E41
:1023F0008E9397847B746F6D7683848D92869BB465
:10240000958B906F526371657FA292909A866D6FE3
:102410007567758F888E968A7C78776C72838089D1
:10242000928C86817D72747A778288888C8589A067
:102430009A8E93886B6A74646C8685859493817F89
:102440008170707E7B7E8B8D858785787779747AB5
:10245000818386898983827F787A7B7B8083858369
:1024600095A39098977974756B64767F778D918535
:1024700089867B767B77778482868B888482807856
:102480007B7C787F828084868281817D7C7F7D7E5B
:1024900083808D9C909899867D7F736877726E7E1D
:1024A0007F7C84887F82877C81847E818582808610
:1024B000817E837E7B807E7B80807D81827F818226
:1024C0007F80827E818D8A8D958F8A8D877E807DAB
:1024D00076797A75797C797C7F7D7F828080858230
:1024E0008285838184828082807E807F7D7F7F7DE4
:1024F0007F807E80807F80818288898B8F8E8B8B8E
:10250000898484827E7E7D7A7A7B797A7C7B7C7FEB
:102510007E7F8180818282828382828382818281A6
:102520008081807F807F7F7F7F7E7F7F828586899D
:102530008B8A89898685858281817F7E7F7D7C7D6E
:102540007C7B7C7C7B7C7D7D7E7F7F8081818283A8
:102550008384868485868385838383838082827F48
:10256000807D7E7F7D7C7E7D7D7E7E7D7E807D808C
:10257000807F82818081837F8181818081827F824F
:10258000818081808080817F82817F82817F818143
:102590007E81817D80807E7F80807F807F81808042
:1025A00080818080817F81808081808181817F8224
:1025B0007F8080807F80827E81807E7F817E808020
:1025C0007F81807F81807E81817F81807F80817E0D
:1025D00080817E7F827F7F817F80827F8081807FFC
:1025E00081827F837F7F81807F81817F81807E82E6
:1025F000817E837F80817F80817F80808080807FDB
:102600008081807F818081808081807F7F827F7FC9
:10261000807E808181808280808080817F807F80B9
:1026200080808080817E81808080807F80827F81A9
:10263000817E827F7F81807E81817E817F80818299
:102640007E81807E80818080817F81807F82807F8B
:1026500080807F80818080817F80807F808080817A
:102660007F80817F8081807F818080807F817F806B
:102670008080807F807F827F81817E827F8080805A
:102680008080807F81807F817F8080807F81807E4D
:10269000817F817F81817F827E8180808180807F38
:1026A000817F80827E80808080817F7F817F80802B
:1026B00080817F80817F80817F807F817F817F811A
:1026C000817F81807F81808080817E81807F817F0A
:1026D00081807F817F827F80817F817F80808180F8
:1026E0007F827E8080818080817F817E80817F81EA
:1026F00080807F81817F828080817F8080818080D7
:102700007F817F807F817F8080807F817F80817ECD
:102710008280808080817F80807F827E817F8080B8
:1027200080817E827F81817E827F817F80817E82A7
:102730007F80817F827D828080827D837D81808099
:10274000817E837F807F7F827E827F807F7F827E8B
:1027500082807F817E8180808080817E80807F807A
:1027600080807F8080808180808180807F80817F69
:1027700080807F80807F80817F7F827F8081817E5B
:1027800081807E837F80817F817E817F80817E8248
:102790007F817F80807E827E82807F827F817F8139
:1027A0007F80807F827E80817E8180817E82817E2B
:1027B000827E81827E8080817E81817E81817E8118
:1027C000807F8180807F80807F817F80827F807F0B
:1027D000817F80827E82807F817E817E80807E81FB
:1027E0007F80818081818280808080807F81807FE6
:1027F0008180808182827F8181817F81827F8381CC
:102800007F81807F7E807F7F827F81817D807F7FCF
:102810007E7F817D80807F818081807E7F7D7E7EC6
:102820007D807F7F817F8A918B90938E898886803F
:1028300080807B7C7D79797A7977797B797D7F7EE1
:1028400081828283848584848684828E9892909308
:102850009086807E79777876787A787877797979C2
:102860007D7F818485878787868585848383828031
:10287000819298918E8D8B837876767878767B7C32
:102880007B7B787C7C7D8082868787878686848236
:10289000818180807F7E889A9D978E8A8980756FDE
:1028A00071797977797C7F7C797B7D818385898A51
:1028B00089868383807D7C7C7F7F7D7F91A8AFA587
:1028C0008F817E7B7468636B7781807A7A7E858561
:1028D0008181858D8F8B858182817D7876797C7FE2
:1028E0007D7D90A7B6AF957F757879706866707DAD
:1028F00082817B7B7F83868586888A8B8783807DA8
:102900007C7A79797B7D7E8090A7B8B49C806E6B51
:102910006F6E69646975828B8A847F7E82878A8BF9
:1029200089868483817E7B7776777B7E808290A781
:10293000BCBEA885685D626C71717076828E938C66
:102940008077757D888F8E87807C7D80807D78768E
:10295000787E848792A5B9C1B3936E57535F6F7722
:102960007774757D878F8D857E7C838D938F847939
:1029700072757B81817D79787C8494A8BBC0B39784
:10298000755D555C6A757978767A808586838080F6
:10299000868E9391877B7372777E83827D79797E31
:1029A0008EA5BAC1B69A785E555C6C797E7B7675D9
:1029B0007A82888A878484878D8E8A817772737AF7
:1029C0008185837D7979879FB9C5BCA17C5F535B85
:1029D0006D7D837D746F717C868B8A8582848A8FFE
:1029E0008E867C7472788085857F7876829AB5C46D
:1029F000BEA47F61565D7180867F726B6C77838B1E
:102A00008C888482858A8A867F79777B8184827E9E
:102A100078778298B1BEB89F7F655D657683857B48
:102A200070696C78838A898684858A8D8B857D78A8
:102A3000797D8384817B75768398AEB9B29B806CF7
:102A4000666C79807F776E6C727B828583818287EA
:102A50008D908D867F7C7D8082817C78767985974C
:102A6000A8AFA99883746F737A7D7B757171757B3C
:102A70007E7F7F81858A8D8D88827E7D7F80807E2E
:102A80007B7A7B7E8795A4ACA89986787274787AD5
:102A900078747273777A7C7C7C80868B8E8C87834B
:102AA00081818282807E7D7D7D7E8592A1A9A39396
:102AB000827776797B787574757A7B7A77767B8284
:102AC000878A88868586878684807D7C7C7C7B7BE4
:102AD0008493A1A49A8B7F7C7D7C7975767B7E7DA7
:102AE000787474797E8181828487898785828284E3
:102AF000848381818181879197978E8681807F7A77
:102B00007676797D7C7A78797B7D7D7D7E828586FF
:102B10008584858585838181818181818891959254
:102B20008B8785837F7A787A7C7C7A797A7C7B7ACA
:102B30007A7D7F808181838484848484848382827B
:102B40008182888E90908F8E8C898481807F7D7B1E
:102B50007A7B7A7978797A7B7B7C7E7F80818183AE
:102B600084848383848483868C8E8D8D8E8C8986E9
:102B70008482807E7C7C7C7A797A7A7A7B7B7C7D8D
:102B80007E7F8081828283838383838284898A8A11
:102B90008B8B8A87868482817F7E7D7C7B7B7B7A20
:102BA0007B7B7B7C7C7D7E7F7F8081818282838337
:102BB0008383888987898A888686848283807E7FCA
:102BC0007E7C7C7C7B7B7C7B7C7C7D7E7E7F7F8136
:102BD00081818282838383868785868785848483B7
:102BE0008181807E7F7E7C7D7D7C7B7D7C7C7E7D0B
:102BF0007F808182838383858384838482848480AD
:102C000082817E7F7E7D7C7D7D7D7C7E7E7D7F80E2
:102C1000808081838183838284828282818180809B
:102C2000807E7E7E7E7F7E7E807F818082828181AB
:102C30008283818181817F81807F807F7F7F7E8091
:102C40007E807F8080808080818081808182808280
:102C5000818180818080807F7F7F827D81807F8075
:102C6000817F81807F81808181808080817F7F8161
:102C70007F807F80808080808080808081807F8155
:102C8000817F81807F8180808081807F837E818140
:102C90007E827F808080817E827F80827E817F8035
:102CA0008080807F817F8180808180807F81817E24
:102CB000827F8080817F817F7F817E818180808013
:102CC000807F818081817F817F817E8180807F8103
:102CD000817F817E81817F80817F808080808081F3
:102CE0007F81807F817F817E818080817F817E80E6
:102CF00080817F80817F817F8081808080807E81D4
:102D0000807F81807F81808080808080807F817FC4
:102D100080817F8080807F827F7F817F81808082B1
:102D20007F817F81817F818080817F80817F7F81A2
:102D30008080817F817F8080827F80817F807F8093
:102D400081808080817E81807F81807F8180808082
:102D50008080807F81808080818080808080808171
:102D6000808080808080808080808080807F818063
:102D70007E81807F81808180807F837F80837F7F51
:102D8000827E80817F8080817E837F80827F7E8241
:102D9000807E847E81807F80817F80807F817F8133
:102DA0007F80808180808180808080817F817F8022
:102DB000807F8180817F837E817F7F837F80808110
:102DC0007D837F7E817F7F81817D847E80817F8006
:102DD00081807F80808080807F817E808080807FF6
:102DE000837E81817F817F8080807F827E818081E0
:102DF00080817F81817F82807F80807F81817E81D1
:102E00007F808080808180807F808080817F8080C3
:102E1000808080808180808180807F8081808080B0
:102E2000817E818080808180808080808080807FA2
:102E30008180808081817F8080817F808080807F91
:102E40008080807F817F8080807F80817F80808084
:102E50007F817F80817F8081807F817F8081808072
:102E600080817F80807F8080817E827F80827F8161
:102E700080817F818080827F8180807F807F7F8151
:102E80007E8080808080818080818081818081813E
:102E90008081808081818080808180808080807F2F
:102EA0007F7F807E81807F8180818081808281811F
:102EB000828082818180818080807F807F82828108
:102EC0008382828283818381818180807F807E80F2
:102ED0007E7F7F7F7F7F807F807F818080808080FA
:102EE000808080817F8080808080808080808080E2
:102EF00085818585848585848384808280807F7FA9
:102F00007E7E7E7D7F7D7F7E7F7F808080818082D0
:102F100080818181818180808080807F807F807FAF
:102F2000807F808582868787878985878582837F62
:102F30007F7C7E7A7D7A7C7D7C7F7E8080828184AE
:102F4000828482828281817F807E7F7E7F7E7F7F7E
:102F50007F807F8180808586868C898A8D8889881C
:102F60008383807C7C7A777A78797B7B7D817F8391
:102F70008384868585858382837F817E7E7E7C7D3A
:102F80007D7E7D807E81808281828188848A8B881B
:102F90008C8A88888681827D7B7C777A78787A7B38
:102FA0007B7F7F81848384858483858183817F8007
:102FB0007E7E7D7E7C7F7D7F7F7F8180818281821E
:102FC00088848A8A898B8B88888680847C7D7B79BB
:102FD0007879777A7B7A807D8283828684858584FE
:102FE00082848081807E7F7D7D7E7D7D807D8080EE
:102FF0007F838083808685878A898A8A898688817B
:10300000837E7C7B79797879787B7B7E7F808284F4
:10301000848585848583838280807F7D7E7C7C7DA2
:103020007C7D7F7E7F817F84808382828884898883
:1030300088898985888282807C7C7A79797A787B94
:103040007B7D7F8082838485858486828482808064
:103050007E7E7D7D7C7E7C7F7E7E817F8281828282
:103060008381818584868886878885858480817E22
:103070007C7C7A7A7A7A7B7D7C808081848285846C
:103080008484848282807F7F7E7D7E7D7D7E7D8044
:103090007E80808182828281838081838383878313
:1030A000878584848380807F7C7E7A7C7B7B7D7D2A
:1030B0007F7F8181838284838384818380817F7FFA
:1030C0007F7E7F7E7F7E7F7F7F8081808181818206
:1030D0008180817F80847F858383868383848280CF
:1030E000827D7F7E7B7E7C7D7E7E7E8080818281F4
:1030F00083828282828181807F7F7E7E7E7E7E7FD0
:103100007E7F7F80818181818181818181818080B9
:10311000818180838183838282828080807E7F7DA3
:103120007D7E7D7E7F7F808081828282828182819E
:10313000818080807F7F7F7F7F7F7F7F8080808096
:1031400080818181818081808080807F8081808278
:103150008182828181818080807F7F7E7E7F7E7F71
:103160007F80808180818181818181818080808058
:103170007F807F7F7F7F8080808080808080808054
:103180008080808080808080808180818181828138
:1031900081818080807F7F7F7F7F7F7F8080808034
:1031A000808181818181808080808080807F80801B
:1031B000808080808080808080808080808080800F
:1031C00080808080808080808181818181818080F9
:1031D00080807F7F7F7F7F7F8080808080808181F3
:1031E00081808180808080808080808080808080DD
:1031F00080808080808080808080808080808080CF
:103200008080808081818081818080808080807FBB
:10321000807F7F80808080808080808080808080B0
:10322000808080808080808080808080808080809E
:10323000808080808080808080808080808080808E
:10324000808080808080808080808080808080807E
:10325000808080808080808080808080808080806E
:10326000808080808080808080808080808080805E
:10327000808080808080808080808080808080804E
:10328000808080808080808080808080808080803E
:10329000808080808080808080808080808080802E
:1032A000808080808080808080808080808080801E
:1032B000808080808080808080808080808080800E
:1032C00080808080808080808080808080808080FE
:1032D00080808080808080808080808080808080EE
:1032E00080808080808080808080808080808080DE
:1032F00080808080808080808080808080808080CE
:1033000080808080808080808080808080808080BD
:1033100080808080808080808080808080808080AD
:10332000808080808080808080808080808080809D
:10333000808080808080808080808080808080808D
:10334000808080808080808080808080808080807D
:10335000808080808080808080808080808080806D
:10336000808080808080808080808080808080805D
:10337000808080808080808080808080808080804D
:10338000808080808080808080808080808080803D
:10339000808080808080808080808080808080802D
:1033A000808080808080808080808080808080801D
:1033B000808080808080808080808080808080800D
:1033C00080808080808080808080808080808080FD
:1033D00080808080808080808080808080808080ED
:1033E00080808080808080808080808080808080DD
:1033F00080808080808080808080808080808080CD
:1034000080808080808080808080808080808080BC
:1034100080808080808080808080808080808080AC
:10342000808080808080808080808080808080809C
:10343000808080808080808080808080808080808C
:10344000808080808080808080808080808080807C
:10345000808080808080808080808080808080806C
:10346000808080808080808080808080808080805C
:10347000808080808080808080808080808080804C
:10348000808080808080808080808080808080803C
:10349000808080808080808080808080808080802C
:1034A000808080808080808080808080808080801C
:1034B000808080808080808080808080808080800C
:1034C00080808080808080808080808080808080FC
:1034D00080808080808080808080808080808080EC
:1034E00080808080808080808080808080808080DC
:1034F00080808080808080808080808080808080CC
:1035000080808080808080808080808080808080BB
:1035100080808080808080808080808080808080AB
:10352000808080808080808080808080808080809B
:10353000808080808080808080808080808080808B
:10354000808080808080808080808080808080807B
:10355000808080808080808080808080808080806B
:10356000808080808080808080808080808080805B
:10357000808080808080808080808080808080804B
:10358000808080808080808080808080808080803B
:10359000808080808080808080808080808080802B
:1035A000808080808080808080808080808080801B
:1035B000808080808080808080808080808080800B
:1035C00080808080808080808080808080808080FB
:1035D00080808080808080808080808080808080EB
:1035E00080808080808080808080808080808080DB
:1035F00080808080808080808080808080808080CB
:1036000080808080808080808080808080808080BA
:1036100080808080808080808080808080808080AA
:10362000808080808080808080808080808080809A
:10363000808080808080808080808080808080808A
:10364000808080808080808080808080808080807A
:10365000808080808080808080808080808080806A
:10366000808080808080808080808080808080805A
:10367000808080808080808080808080808080804A
:10368000808080808080808080808080808080803A
:10369000808080808080808080808080808080802A
:1036A000808080808080808080808080808080801A
:1036B000808080808080808080808080808080800A
:1036C00080808080808080808080808080808080FA
:1036D00080808080808080808080808080808080EA
:1036E00080808080808080808080808080808080DA
:1036F00080808080808080808080808080808080CA
:1037000080808080808080808080808080808080B9
:1037100080808080808080808080808080808080A9
:103720008080808080808080808080808080808099
:103730008080808080808080808080808080808089
:103740008080808080808080808080808080808079
:103750008080808080808080808080808080808069
:103760008080808080808080808080808080808059
:103770008080808080808080808080808080808049
:103780008080808080808080808080808080808039
:103790008080808080808080808080808080808029
:1037A0008080808080808080808080808080808019
:1037B0008080808080808080808080808080808009
:1037C00080808080808080808080808080808080F9
:1037D00080808080808080808080808080808080E9
:1037E00080808080808080808080808080808080D9
:1037F00080808080808080808080808080808080C9
:1038000080808080808080808080808080808080B8
:1038100080808080808080808080808080808080A8
:103820008080808080808080808080808080808098
:103830008080808080808080808080808080808088
:103840008080808080808080808080808080808078
:103850008080808080808080808080808080808068
:103860008080808080808080808080808080808058
:103870008080808080808080808080808080808048
:103880008080808080808080808080808080808038
:103890008080808080808080808080808080808028
:1038A0008080808080808080808080808080808018
:1038B0008080808080808080808080808080808008
:1038C00080808080808080808080808080808080F8
:1038D00080808080808080808080808080808080E8
:1038E00080808080808080808080808080808080D8
:1038F00080808080808080808080808080808080C8
:1039000080808080808080808080808080808080B7
:1039100080808080808080808080808080808080A7
:103920008080808080808080808080808080808097
:103930008080808080808080808080808080808087
:103940008080808080808080808080808080808077
:103950008080808080808080808080808080808067
:103960008080808080808080808080808080808057
:103970008080808080808080808080808080808047
:103980008080808080808080808080808080808037
:103990008080808080808080808080808080808027
:1039A0008080808080808080808080808080808017
:1039B0008080808080808080808080808080808007
:1039C00080808080808080808080808080808080F7
:1039D00080808080808080808080808080808080E7
:1039E00080808080808080808080808080808080D7
:1039F00080808080808080808080808080808080C7
:103A000080808080808080808080808080808080B6
:103A100080808080808080808080808080808080A6
:103A20008080808080808080808080808080808096
:103A30008080808080808080808080808080808086
:103A40008080808080808080808080808080808076
:103A50008080808080808080808080808080808066
:103A60008080808080808080808080808080808056
:103A70008080808080808080808080808080808046
:103A80008080808080808080808080808080808036
:103A90008080808080808080808080808080808026
:103AA0008080808080808080808080808080808016
:103AB0008080808080808080808080808080808006
:103AC00080808080808080808080808080808080F6
:103AD00080808080808080808080808080808080E6
:103AE00080808080808080808080808080808080D6
:103AF00080808080808080808080808080808080C6
:103B000080808080808080808080808080808080B5
:103B100080808080808080808080808080808080A5
:103B20008080808080808080808080808080808095
:103B30008080808080808080808080808080808085
:103B40008080808080808080808080808080808075
:103B50008080808080808080808080808080808065
:103B60008080808080808080808080808080808055
:103B70008080808080808080808080808080808045
:103B80008080808080808080808080808080808035
:103B90008080808080808080808080808080808025
:103BA0008080808080808080808080808080808015
:103BB0008080808080808080808080808080808005
:103BC00080808080808080808080808080808080F5
:103BD00080808080808080808080808080808080E5
:103BE00080808080808080808080808080808080D5
:103BF00080808080808080808080808080808080C5
:103C000080808080808080808080808080808080B4
:103C100080808080808080808080808080808080A4
:103C20008080808080808080808080808080808094
:103C30008080808080808080808080808080808084
:103C40008080808080808080808080808080808074
:103C50008080808080808080808080808080808064
:103C60008080808080808080808080808080808054
:103C70008080808080808080808080808080808044
:103C80008080808080808080808080808080808034
:103C90008080808080808080808080808080808024
:103CA0008080808080808080808080808080808014
:103CB0008080808080808080808080808080808004
:103CC00080808080808080808080808080808080F4
:103CD00080808080808080808080808080808080E4
:103CE00080808080808080808080808080808080D4
:103CF00080808080808080808080808080808080C4
:103D000080808080808080808080808080808080B3
:103D100080808080808080808080808080808080A3
:103D20008080808080808080808080808080808093
:103D30008080808080808080808080808080808083
:103D40008080808080808080808080808080808073
:103D50008080808080808080808080808080808063
:103D60008080808080808080808080808080808053
:103D70008080808080808080808080808080808043
:103D80008080808080808080808080808080808033
:103D90008080808080808080808080808080808023
:103DA0008080808080808080808080808080808013
:103DB0008080808080808080808080808080808003
:103DC00080808080808080808080808080808080F3
:103DD00080808080808080808080808080808080E3
:103DE00080808080808080808080808080808080D3
:103DF00080808080808080808080808080808080C3
:103E000080808080808080808080808080808080B2
:103E100080808080808080808080808080808080A2
:103E20008080808080808080808080808080808092
:103E30008080808080808080808080808080808082
:103E40008080808080808080808080808080808072
:103E50008080808080808080808080808080808062
:103E60008080808080808080808080808080808052
:103E70008080808080808080808080808080808042
:103E80008080808080808080808080808080808032
:103E90008080808080808080808080808080808022
:103EA0008080808080808080808080808080808012
:103EB0008080808080808080808080808080808002
:103EC00080808080808080808080808080808080F2
:103ED00080808080808080808080808080808080E2
:103EE00080808080808080808080808080808080D2
:103EF00080808080808080808080808080808080C2
:103F000080808080808080808080808080808080B1
:103F100080808080808080808080808080808080A1
:103F20008080808080808080808080808080808091
:103F30008080808080808080808080808080808081
:103F40008080808080808080808080808080808071
:103F50008080808080808080808080808080808061
:103F60008080808080808080808080808080808051
:103F70008080808080808080808080808080808041
:103F80008080808080808080808080808080808031
:103F90008080808080808080808080808080808021
:103FA0008080808080808080808080808080808011
:103FB0008080808080808080808080808080808001
:103FC00080808080808080808080808080808080F1
:103FD00080808080808080808080808080808080E1
:103FE00080808080808080808080808080808080D1
:103FF00080808080808080808080808080808080C1
:1040000080808080808080808080808080808080B0
:1040100080808080808080808080808080808080A0
:104020008080808080808080808080808080808090
:104030008080808080808080808080808080808080
:104040008080808080808080808080808080808070
:104050008080808080808080808080808080808060
:104060008080808080808080808080808080808050
:104070008080808080808080808080808080808040
:104080008080808080808080808080808080808030
:104090008080808080808080808080808080808020
:1040A0008080808080808080808080808080808010
:1040B0008080808080808080808080808080808000
:1040C00080808080808080808080808080808080F0
:1040D00080808080808080808080808080808080E0
:1040E00080808080808080808080808080808080D0
:1040F00080808080808080808080808080808080C0
:1041000080808080808080808080808080808080AF
:10411000808080808080808080808080808080809F
:10412000808080808080808080808080808080808F
:10413000808080808080808080808080808080807F
:10414000808080808080808080808080808080806F
:10415000808080808080808080808080808080805F
:10416000808080808080808080808080808080804F
:10417000808080808080808080808080808080803F
:10418000808080808080808080808080808080802F
:10419000808080808080808080808080808080801F
:1041A000808080808080808080808080808080800F
:1041B00080808080808080808080808080808080FF
:1041C00080808080808080808080808080808080EF
:1041D00080808080808080808080808080808080DF
:1041E00080808080808080808080808080808080CF
:1041F00080808080808080808080808080808080BF
:1042000080808080808080808080808080808080AE
:10421000808080808080808080808080808080809E
:10422000808080808080808080808080808080808E
:10423000808080808080808080808080808080807E
:10424000808080808080808080808080808080806E
:10425000808080808080808080808080808080805E
:10426000808080808080808080808080808080804E
:10427000808080808080808080808080808080803E
:10428000808080808080808080808080808080802E
:10429000808080808080808080808080808080801E
:1042A000808080808080808080808080808080800E
:1042B00080808080808080808080808080808080FE
:1042C00080808080808080808080808080808080EE
:1042D00080808080808080808080808080808080DE
:1042E00080808080808080808080808080808080CE
:1042F00080808080808080808080808080808080BE
:1043000080808080808080808080808080808080AD
:10431000808080808080808080808080808080809D
:10432000808080808080808080808080808080808D
:10433000808080808080808080808080808080807D
:10434000808080808080808080808080808080806D
:10435000808080808080808080808080808080805D
:10436000808080808080808080808080808080804D
:10437000808080808080808080808080808080803D
:10438000808080808080808080808080808080802D
:10439000808080808080808080808080808080801D
:1043A000808080808080808080808080808080800D
:1043B00080808080808080808080808080808080FD
:1043C00080808080808080808080808080808080ED
:1043D00080808080808080808080808080808080DD
:1043E00080808080808080808080808080808080CD
:1043F00080808080808080808080808080808080BD
:1044000080808080808080808080808080808080AC
:10441000808080808080808080808080808080809C
:10442000808080808080808080808080808080808C
:10443000808080808080808080808080808080807C
:10444000808080808080808080808080808080806C
:10445000808080808080808080808080808080805C
:10446000808080808080808080808080808080804C
:10447000808080808080808080808080808080803C
:10448000808080808080808080808080808080802C
:10449000808080808080808080808080808080801C
:1044A000808080808080808080808080808080800C
:1044B00080808080808080808080808080808080FC
:1044C00080808080808080808080808080808080EC
:1044D00080808080808080808080808080808080DC
:1044E00080808080808080808080808080808080CC
:1044F00080808080808080808080808080808080BC
:1045000080808080808080808080808080808080AB
:10451000808080808080808080808080808080809B
:10452000808080808080808080808080808080808B
:10453000808080808080808080808080808080807B
:10454000808080808080808080808080808080806B
:10455000808080808080808080808080808080805B
:10456000808080808080808080808080808080804B
:10457000808080808080808080808080808080803B
:10458000808080808080808080808080808080802B
:10459000808080808080808080808080808080801B
:1045A000808080808080808080808080808080800B
:1045B00080808080808080808080808080808080FB
:1045C00080808080808080808080808080808080EB
:1045D00080808080808080808080808080808080DB
:1045E00080808080808080808080808080808080CB
:1045F00080808080808080808080808080808080BB
:1046000080808080808080808080808080808080AA
:10461000808080808080808080808080808080809A
:10462000808080808080808080808080808080808A
:10463000808080808080808080808080808080807A
:10464000808080808080808080808080808080806A
:10465000808080808080808080808080808080805A
:10466000808080808080808080808080808080804A
:10467000808080808080808080808080808080803A
:10468000808080808080808080808080808080802A
:10469000808080808080808080808080808080801A
:1046A000808080808080808080808080808080800A
:1046B00080808080808080808080808080808080FA
:1046C00080808080808080808080808080808080EA
:1046D00080808080808080808080808080808080DA
:1046E00080808080808080808080808080808080CA
:1046F00080808080808080808080808080808080BA
:1047000080808080808080808080808080808080A9
:104710008080808080808080808080808080808099
:104720008080808080808080808080808080808089
:104730008080808080808080808080808080808079
:104740008080808080808080808080808080808069
:104750008080808080808080808080808080808059
:104760008080808080808080808080808080808049
:104770008080808080808080808080808080808039
:104780008080808080808080808080808080808029
:104790008080808080808080808080808080808019
:1047A0008080808080808080808080808080808009
:1047B00080808080808080808080808080808080F9
:1047C00080808080808080808080808080808080E9
:1047D00080808080808080808080808080808080D9
:1047E00080808080808080808080808080808080C9
:1047F00080808080808080808080808080808080B9
:1048000080808080808080808080808080808080A8
:104810008080808080808080808080808080808098
:104820008080808080808080808080808080808088
:104830008080808080808080808080808080808078
:104840008080808080808080808080808080808068
:104850008080808080808080808080808080808058
:104860008080808080808080808080808080808048
:104870008080808080808080808080808080808038
:10488000800000007BB692BED9A356BD4D049E3B6E
:104890007287BFBD6114683DA11940BC20632A3DE9
:1048A0001C9CBDBEE03F163DFB078D3C63E53ABE58
:1048B000409C0DBD668138BC26AA77BD747F333A13
:1048C000E065A1BDBC1254BBB714A13D7240903D40
:1048D00011E6D03CC5FFB03D860321BE46D4A2BD43
:1048E0005A643A3EF5A000BDC0EEB13DC13EA7BD41
:1048F000CF160CBDFEF3F1BCB768B23DB6B7D8BD5C
:10490000F4D36B3D1D60C43D5CC0F2BC1366B6BC05
:10491000AC425ABDD30094BBA82995BC5F6E83BA44
:10492000FE7C80BC7EB78D3DDEBD00BD0D9FAB3DE6
:104930001D1844B970B6E4BDA6EB853D1A90CCBDF8
:1049400058B443BDFEA987BC761F5D3D6B8370BD27
:1049500047E901BDA7319B3DE653CF3B014E4EBC1D
:10496000B3F396BD7C1ED93E7C1ED9BE85AC843E79
:10497000F2CFDCBE16F7ADBEFE6BDEBE9BE38ABE99
:10498000C409083D98DB073EF2CE443D69015E3E16
:10499000790A0DBE7842B3BC4656B2BEADD418BD3E
:1049A000CDF3C83EB0237A3E9D7C363EE4108D3E6A
:1049B00037AC3FBE9B0163BE01B34ABEEC64383ED8
:1049C0005571083EC7F5643E186F523ED05DC73E34
:1049D000EE178EBE216CACBE7B9380BEC9CD1DBDD3
:1049E0002E9FBDBDA987A43E14022C3EB1AC5D3EF6
:1049F000BFE7A7BD8E878DBE0D957BBEE6300DBD92
:104A00009987273D05645F3E9523F93DA86D053ED6
:104A100006982BBE2EE09ABEA26A283EFF34F1BE55
:104A2000BBD7BD3DE34BA63E2A56AB3E15A3D7BB35
:104A3000D62FEABEA707E2BC219BFE3CABC889BECD
:104A4000BE4F3C3EDB21B13E6043F63EF223403B8D
:104A500054F25CBCE4078EBE00D74CBE4C088D3CC3
:104A6000689B313E3DBB173CB547963E53D3A63EAF
:104A7000703B01BE53BAD5BE78DA8F3EA7DB04BDCA
:104A8000B1202CBE065FBD3B6471E53ECB37B93D1E
:104A9000DE9DD8BEDC411DBE5C722A3E0CB2453E96
:104AA000403F9DBE6DFA933D5B227F3E20BC8FBC94
:104AB000AEE4B03DB74507BE7469853DDC0323BF56
:104AC00053AA653EE12A843D78F9933E832AFABDD4
:104AD0004065E63D1B3197BE9F40E93EA4B295BEBE
:104AE0003D427C3E502EE2BDF361003FB3DB363EDB
:104AF000ABC2A03E61C8C939EBFEB33E26A1AC3EB5
:104B00007650873EEC85A33B3E8D873E87E2D83DBD
:104B1000A05051BCF86F73BE8C79C43D568F283EAF
:104B200019F9353EAC146BBD0394FE3EF44DFCBC4C
:104B3000F3EAC53D6BF4F1BEB67610BE1D53703E70
:104B4000B33986BEB9EE3B3ED6A0373EA353583E9E
:104B50003714443C1692803EAB81393E60D2E0BEB1
:104B600069A303BE256B42BE7B6E8A3EAC13583EE2
:104B700046C82F3EF0EB013EFD02D03E7A72D5BD15
:104B8000A2668D3D4B02A4BEC912A03EC71F9C3E2B
:104B9000341B0CBD5A8BAD3E20C4A13EA547753ECB
:104BA000E38F1DBE1F90DBBD3948B23EF009293EA0
:104BB0002960443E9415913E33EB303E7717CB3E4F
:104BC0007A0B5C3E876C35BE31CEAE3E3FD3963E0F
:104BD000F33FB3BC2FF1B03E2BD45F3EC7C6063EB9
:104BE000C4780C3E284582BD8DBAE83EA55A973B55
:104BF000851CEA3ECC66E63EDB2B813EC48214BCBB
:104C0000EBF5E4BEB150A9BEA40149BD349CE43D1E
:104C100060227E3EB0EEAE3EB3F8E33E3D392A3E22
:104C2000D36983BEA5F492BE0710383CE642BFBCF0
:104C30006272653E21B0403EBDDA273F182CECBDC4
:104C40005FB6A8BEBFF55DBC556C8E3E5FDEC33D52
:104C500067EB003F5FA4083FA19B353EEF5DDABCE8
:104C6000963004BE6F61A0BE910EA53E8316753EC0
:104C700047F7AA3EA86DF43EB2F3223E8FF5603EA0
:104C8000D2C5FC3D2FBE5DBE3C5D513ECFF4313EF2
:104C900077FAAFBD8F42073E5CC20ABD04FC0FBE6F
:104CA000BF9B73BE601610BDCA5CF63D1F3755BD75
:104CB000E722853EAEF8973D675C4DBE804601BE5B
:104CC000EA6B8B3DC6E14A3EA1C08EBD2E0E7DBD76
:104CD000FCAABABED2D3943D1B77D63AC565ECBECA
:104CE000CEE986BE8ADF9C3B56D998BE86BB233E62
:104CF00066827F3E3CDC03BE39D239BEE2493CBE0F
:104D0000FE479ABD582895BEF2B342BE7B6B803DEC
:104D10007A5A05BE42348EBDCBA32EBE515B11BF65
:104D20008095B0BDDDA7933ECD22DBBE352C973EEE
:104D30009BA7DFBB247270BEEAE23CBE337B25BE7C
:104D4000F06015BDB28AADBEAEF7CFBE1A091CBE6B
:104D500026F502BECD24093E8EBAEFBDEC5B84BEC3
:104D60006FD482BE0670CF3D5D18EFBD05CC423ECC
:104D70009E4B7E3E1DD49739BFCFA2BD6B015BBD5C
:104D800048DDAF3E5E6D1CBCDEF2A3BE4878B13D8F
:104D9000CA415C3CBC3D2D3E907C5A3E405D2F3E5E
:104DA00062D2613EB341223ECAC9CC3EFF40E73EDB
:104DB000194B67BE9A6B1A3E783B20BE3599F1BB02
:104DC000CEEE66BE8A3D033E27D41B3E0556343EDA
:104DD00068C04EBDEA33D2BAC9E396BDFF8AE7BCCC
:104DE000F31C34BC2F7CDCBD5700003F017CBC3D74
:104DF000CC1C8D3DB841113E0333FDBD7F2852BE12
:104E00001CFA1C3EFDDEDCBD2B10003DEEA4ED3E89
:104E10000E0BF63D2757A3BEB491363E32D4223E48
:104E20000358F2BDC09DF5BE73C6ACBEABCE59BE35
:104E3000CBF39C3D94CCA03CC8AB84BD430C12BECC
:104E4000CA9881BD8E191B3EF993B93E72FD14BEFE
:104E500058177C3D482E453B2017C13DC723EB3DED
:104E6000759034BE3F7183BE4A4B0F3D20ECC6BDEA
:104E70005D41C73C3CAA3DBED5D950BE33B305BE4B
:104E8000709A99BD30C9B33C364F8F3D17F035BE8F
:104E9000B9992EBD15B9553ED65B303D9308C33D3B
:104EA000F152D2BD6A9440BD454608BD7008543DDC
:104EB000BB8E93BD4C382A3E3D08D4BE177025BE2C
:104EC0009DC1413E1622A33D178BBB3D8BE03B3E6F
:104ED000F3E5D7BD2F41E9BD0368693D9CF0D0BE25
:104EE000744BE53D59A42A3B166731BEBEFBB23D6B
:104EF000515A0FBCF2CE023EEB2E88BE6EEFB8BE0A
:104F00006B302ABC4E6A2CBE83813F3DA3B78D3ED9
:104F1000B749F6BE659A74BE6E0109BD905D123B3D
:104F2000BA27B9BC05EE0D3ECBDB85BDAC44FF3DD9
:104F3000FEDFB03D4983DDBCF3D26EBEF28AA5BE72
:104F4000B52481BE9358CD3DC0A2F5BEEB4D313D99
:104F500008B7013EADC3FF3DB8AEA6BDE5FE7BBEC2
:104F6000C11765BEC824343E57028CBCE40DDD3D3C
:104F70004DA9253D38CFCBBD0B5192BE638764BE92
:104F8000BD79113DAEC4233E860D9DBD009A403EC5
:104F9000901E28BEBEF3AFBEE443D8BBE5A8523D89
:104FA000765A923E13FDB03DAC7CF33E53CC0D3EA1
:104FB000F89089BC6902A83E8F6185BE63C09B3DA5
:104FC000381F603EF4468ABEDD3DC0BE3CD4DB3CAB
:104FD0007CDA353E96D7863E3658D8BD41C0F93D7D
:104FE00021DBABBEB22909BD8585C1BE3F40803DF6
:104FF000BDECDABE1956EC3D931115BEC2ED00BEF4
:105000007A9787BD02B76F3D0D813ABDC7F5643E03
:10501000880F57BE0287DA3DB4E298BD4D0799BCB0
:10502000CCE084BEDA495BBE352ECEBEC2E843BEBC
:105030009AEB143DD086623EA41CD7BDEC00F1BEB5
:1050400008DE8DBEA37EC73DADFFD53E6315E1BD35
:105050000747083E8D12933DEC5C4D3ED9F015BEDE
:105060005A1D803DD04E08BEF79D33BE5FE0173E0F
:10507000C1CB66BE33C134BCED6891BD363593BE3D
:10508000C4914B3CD12BBC3D4476033DF44D33BE23
:1050900046236CBE46CE91BDAAB8513EA6DAF33D7A
:1050A0003F6B86BD96737CBEA72008BE06269DBDBD
:1050B000F4A77ABEC0A3863E839BAE3D5E9709BD32
:1050C000C1142F3DF899033E3078A33DA5A3953D2B
:1050D00019F1E5BD1F049ABDE2423BBE6CBF96BE0E
:1050E0002EB4293C3CB4EBBDF86754BED924683ECD
:1050F000BB08683DB5BF483D50E3873D060A213DEA
:10510000CCBFA1BE56F287BEF528C3BCCE4D9E3D96
:105110007ECFBABE33BDABBEE489CABE62BE1CBE82
:10512000F02C813D7468683D80EF263D83A5B43E38
:105130009FEF3CBE6BCA9FBE04E881BE90254F3DE9
:1051400078BD5BBE9FA037BEF04330BE1900CB3D9B
:10515000698872BE26930FBD4C67EF3D72DBCBBDF5
:105160009C0977BD90AA20BC153E03BEB2BD13BDFD
:10517000CD03AEBE8D69F43D8B4481BE5BBF2C3E3A
:105180008DE79A3CCFA513BCC18DA63E90206D3E05
:10519000B6E6D63D7251D0BEF382BCBE1830F43DA7
:1051A00076AD9DBDBD7E983E560D2B3EB10F8B3E1C
:1051B000C0800CBE990ECA3E9B120CBE1325103F38
:1051C000B666EE3EE7EBD73D61EFC7BE2BD8973D05
:1051D0009D168EBE2AB2083EC050A83D2674BBBDA7
:1051E000E8DBF7BD7BEADFBE81C9113CCE16D4BC3B
:1051F000BCEC4FBE533E3B3EEF30F6BDC1369BBECE
:10520000AB40F63DB8873DBD98B388BC1A3FFDBDA5
:10521000172C82BEBB8CEFBC6C5087BDF2D0263DF4
:10522000BB300DBF328C6BBEC4CB18BF5D1E3DBE04
:10523000A58E463DFA6A1D3DC30212BED700C7BE09
:10524000420CA2BE1CC30CBC192982BE3429E7BD86
:10525000B757C0BD73E00B3B0993F93DE8A6093D84
:1052600003A0DB3DA251A0BE2E5BA63C0383F2BD92
:105270007907A4BE37D16E3E7C0F08BE9DAF25BD19
:10528000D8A06D390A900E3E5A436C3D3E451B3EF8
:1052900037BD8C3E955C6DBD24460D3D36CE853DBB
:1052A000F58610BE4C55763E216472BC915CAB3DD8
:1052B0006BFD80BB56376CBEA354A5BD634C22BEAC
:1052C000405E153EF65C65BEAC2783BD700D5B3E4F
:1052D0003F2055BE52C760BE2EFD77BE250E893ECB
:1052E0008901C83D5440AE3E2A7B123E0FDED3BD3D
:1052F000ABB6143E0DB192BCC7C5473C0AE69ABD99
:105300001860DD38D3F6B33DA62F683E38D00C3E8A
:1053100055A554BE08BA4DBC61FE93BEE14DC23ED8
:1053200081AEA8BDEBEB5A3E1990963DDD38C1BE6B
:105330007127BC3DAE885CBE56019ABDBABD35BE74
:10534000C7158B3EA748CB3ECECF91BDA056B33DEF
:1053500073248B3E5986B4BE85FCA8BD9863BF3DBF
:10536000D55483BE8F3D113E396B4A3DB0D1E0BD6F
:10537000A6CCB1BC63DB97BEA59ADE3C780BBFBD63
:10538000E2E294BE81CDFBBC61B768BE6868B23C06
:105390000FF01DBE8622A6BE3CF2CEBD5EB9AC3E6D
:1053A00013D4153FB6E5543E8FAF153E21A3433EBF
:1053B0000B6F823C51017F3E8179EA3CC6D1EA3CC9
:1053C0008467103E4FE2A7BE4A8E85BA71D27B3DFC
:1053D000E5C1913E67DB053EF29A26BD00C74EBE91
:1053E000D57C34BC2155B53B5F3A643EF0F1C2BD7B
:1053F00067EB2FBE2D9F42BE8D65103E12C66ABE62
:105400005ED8073E0F0F15BEAC08AFBE92EB0CBFC7
:105410009CC5AFBD9F97933EAB2A15BE2E8DCEBEC9
:1054200071917BBD19D183BE09091EBE5900CDBC47
:105430002EC3BDBE1338483C8AE1ADBDE474F8BD4F
:10544000B97681BDDD263BBDE7BDB9BCD031793D24
:10545000DE6FCE3D4F85093961C800BE7BDAE33D82
:10546000345E1FBEEFA9993E4D82813E6986DABD4A
:10547000FA6125BC58E758BE3D5942BE0DDBB1BDAF
:1054800054358DBE651391BD6E559BBE34A6213E2D
:105490002F90123EA6AD74BEFA33373E7E7E2D3C71
:1054A0001FDF0D3E13E3A8BDA0AEAF3DD2B6A63DB3
:1054B000466DD5BD9C30943DAC32E23D8BD7E6BD08
:1054C000884F20BE0A5E74BEB6118BBE46F9D5BDAC
:1054D0009410B2BC1549C7BD49239ABE683F9A3E95
:1054E000FC24ADBB3019883E8FEB293E322D7DBEAA
:1054F000D69CA6BEC29ACA3DE7E2F83D29A7C6BC23
:10550000F8458DBE959C87BE8034573EE1279EBDF1
:10551000FED398BE47BF54BD33FFBABE3CEEA73E94
:10552000FFD3893C23EE933E9C02D5BCC6F60BBD4F
:1055300097E697BE6BA8AEBE318F433E5BCA3D3C3B
:10554000D30303BE4B5CD43D5A38703D9779CABD36
:105550004B9A39BC040A8CBE867F373D6B96923CD1
:10556000904AE83D82CC3B3E600AD73D8F6605BD40
:1055700089B282BE475DA53DFB187D3DB96F763D82
:105580002AE502BDAC474EBD6CAE1BBDA4E3E03EB8
:1055900060F3CDBE729156BCB1A6C1BEA9264E3EE7
:1055A00032D2453C861EAFBE68A1113D792F06BEA2
:1055B0000D4C2EBE5F6E803E8394283E2B03B83E7A
:1055C000E8E4DF3C9208983DAECC32BDE61460BD05
:1055D000752C593E40560CBFE4BA93BD243933BEF6
:1055E000E2577EBDBFE590BE4B75CC3D76A0073D32
:1055F0006B03DA3DB22D1C3E360387BEF083D2BD6D
:10560000D97502BEF102C3BE9A1FBCBD8B9415BEF4
:1056100036BEE1BE0014EBBC0482F6BDA3F2A2BE0E
:105620009D66B9BE519CFFBDC3C1D8BCD1F1AB3D95
:105630000C559F3EEC7251BDF1BA8ABED18B91BE22
:1056400012D20A3E8D6E043E146AFA3A2D2BC9BD61
:105650004690453ECB5901BE2259ED3D5854403E3F
:10566000B43662BDFDF4203D4A5301BE6C801BBDC3
:105670005B6ED83C48DBBC3D4CFAC6BD13C62CBEA5
:105680004DB50F3E404183BE84FDB4BE261B383E5F
:10569000EEAC83BCEFA9403D70170D3D6BF331BEFE
:1056A00012F9DA3D349B43BEF0F0043E1192FE3D08
:1056B000234876BD66C4623C3686E53DFCC3863E23
:1056C000C9293FBEA8821CBD69F1953DCB4D72BD75
:1056D000AB173ABEFE0CB13AD10707BFBF24F93D64
:1056E0000DD85E3DB79651BE8D55893D86DFB33CE2
:1056F00001F09A3CB077A23D5AC6443E86E82F3E60
:10570000F685BABDE36E613D8CECCABD4D59B23D24
:1057100000F786BDC63FBFBBD23B02BFEE395D3E40
:105720009BA76EBD0EB2BC3DFAC601BFD6195ABECC
:10573000D560B4BCEEAD8DBE895CC13EB685383D4A
:105740002EF8C43DA633E13E95C7563E6ABA64BC06
:1057500024C7CD3DBA8471BE1EE55ABCDA06343E7C
:1057600091E9ABBDB68823BE272079BD51A5173E70
:10577000CC7FCFBD18D4163E56B356BB0D531E3E3C
:105780005ABD0CBE114E2EBE1A0A063ECC50093E22
:1057900010E45C3E152AE93C4D82DDBEAF29853E12
:1057A000C296C3BEC7E84ABD967983BE0A03303E9F
:1057B000CD2D54BDCB0C1B3EB261F33D27B6CE3E82
:1057C00059DD22BE36738D3D4E9CBBBD298C193EE2
:1057D000BB3A00BD52E6033E34C9FABB393CED3C4E
:1057E00031088CBE90175CBE66DE96BD9B1B8D3D5E
:1057F0005DAD7ABD8CBD6F3E605AF4BC6B710C3EE2
:105800001C16DF3DA6F364BE2C5789BE2AD7183D6F
:10581000B516A9BE82691DBDEE6E553E150791BE37
:10582000B185EABEA19CA7BE8735423DA88E113C3A
:1058300017AF50BE8959C3BDB810C7BE286F583DB9
:10584000695187BD58EC793EC5924A3EDCD4613D32
:10585000834E56BE02DA423DBBF95E3E5AEE14BE9E
:10586000A132DC3C45148FBEFC296F3DED1F16BDF7
:10587000AA4A47BEE0E8403EAC6772BDAA76853EC4
:105880008BF17BBD65A5CCBDFF6879BE1460813E00
:105890004BE67B3CEF193C3DF6A902BE46B093BCFB
:1058A0001B7F243C64F1053EE5226D3E404A32BE3A
:1058B0006002453E16701FBE7726353E45D0943EA9
:1058C0007AB38FBDDB6CECBD6A038F3DCE19133DFF
:1058D00031FFF0BDDAC8943E5F824CBDDB63EF3D23
:1058E0006605003ECC93A23D91D8503E490E203E25
:1058F0009595823E01119FBE0C8A893EA9BDE73D68
:105900004C6B5BBE4AC555BE8EBE6A3EC32FDFBD23
:10591000024388BDC91FE33E2FB211BCBD30BEBCDF
:10592000A0A2893E8C08A13DDBF4293F6B0EEE3E20
:105930003436C83E4FF033BED760BC3EA6CB3F3EA8
:10594000E9D2A3BCA63FA03C93C5543E6EC9453DD9
:10595000D57F113EE1D8D53D6641E33D688AFB3DE8
:10596000EAD0DD3D3ED86D3E3D1A933E51CA773CAC
:1059700087A1AE3D6FDEBDBE2248DF3D2A8F873E48
:10598000001C703E8F856FBDEF6FD8BDA6A791BE7E
:105990007F2374BEA5FAEE3E4BBFA2BED7EE89BCF4
:1059A0005D22613E3FF0DCBE589979BE8E76E03EC6
:1059B00087C9F1BEA9180F3E3DAC73BD233D40BE63
:1059C0007F3185BE027619BF011289BEB9C7D2BC2C
:1059D000937888BDCE2088BDC9C27DBD3240A43E2B
:1059E0004C6375BE81E9B53DBE7EC73EB2AE3B3D60
:1059F000865F813CE0CF5ABE88510BBECE93E23D1C
:105A000026FD5EBC06C7293D0D62273E64E495BDB8
:105A1000B6D4A43AE24A9A3DCDBBEE3D24063C3EC4
:105A2000F76006BF5EF0063F24FDC33ED56C153E11
:105A30008FCAE0BE7136A5BEB1D3A8BED826D7BEE8
:105A40008A4749BE18BE003F8FC86FBEE7989E3E8A
:105A5000137E383E3D44B2BD8A86FB3D4B0F683D08
:105A6000009D173DDB308F3EAA85773EC14F40BE7B
:105A700073A9B13E735580BEAFCC2C3EEC2E4D3E8B
:105A8000E74357BDE141053E737053BD828106BEB9
:105A90008301C33E2A09C23D9E9A9A3DFA1886BDEB
:105AA00012DC7E3EF628BBBB4D0A983C2575E2BC55
:105AB000FD6BED3DEA62F83D9F79363D1D6272BC9B
:105AC000F1A00E3E20F5BBBD36D1C43DF84874BDF3
:105AD000DDF20BBFE91C403E3CD6A9BD451736BEE2
:105AE000FFDAB53DF026BF3E94E1E13D80EB193E83
:105AF0004C8A9A3ECEE107BED1ACCE3DE0DAD2BDB3
:105B000045B7D33D114024BC403FE2BCC2D79C3EC8
:105B1000482A93BED0C8913EAF7721BEE9789DBE9A
:105B200043E25F3E7A180CBDB1A1E03E73720B3EBA
:105B3000DC1EF43E4A2623BE414CB43EC2B51BBE19
:105B4000A17D333E371E493E5B5A11BC2C9711BED6
:105B50003AB3F73D74D41B3E43DCE63C1314F73CE8
:105B600086885F3ECF7AC03DCBFA3E3EB5AC4F3E15
:105B7000BB27113E7A1344BEE336163E95AF1D3E59
:105B80003F31DF3E45B6B63C4CC23D3E84088EBD3B
:105B9000C6C53CBE76003F3DD95556BE33C067BD35
:105BA00050C0B13E502FFE3CFD730F3EDDF8DFBD0F
:105BB00052E21ABE495FF73DD7676D3E3484273EF7
:105BC000565101BEF2D556BE7FBABE3EFE68B9BD83
:105BD00067AEFE3DB99C563E5A0956BEF26CE4BD16
:105BE00063B41DBEB934B43E0EEC04BBA145233EE4
:105BF000FC5C043C3BE5ACBE690F66BCECC1E03D1F
:105C0000AE1807BC6014903D5F3F31BE53E61BBE2B
:105C1000D236843D84A81D3FFFF97ABD54B8033FB6
:105C2000F8B024BEEFED213D429C5D3EFC3DDD3DE4
:105C3000D4E385BE1251A5BE0EB037BE010D5EBEC7
:105C4000C61DB4BE13D7EC3CCE22E3BD787E1EBD8C
:105C5000B951B03EDB6681BDB247193E213C39BD2A
:105C60003842923E48550F3E90239DBD769B80BCA6
:105C70006718CFBC0D297FBD40E55EBD4ADB8DBBFB
:105C8000FAE3073E0D8F6D3EFBB8F13D794F31BE13
:105C90004A7B31BE78EB3E3DF3D328BE1F774E3EA4
:105CA000C8063F3E1A18CA3D278C5EBDAB8E43BE68
:105CB00028146DBD0DD9FC3D775D7D3E0A2B3E3E1F
:105CC00091BB1CBEFFE02E3EDED37B3EC1FD2FBE4E
:105CD0009316C0BD6266DE3CBDC04FBE3A5E08BED4
:105CE000EBCB3FBD04F598BCC1F008BFAC0C9A3DAE
:105CF000EF28973DDFC1883DABF60E3E791426BEF6
:105D00009644C33EBB95E4BD546E41BE326DD5BED4
:105D10003F52A03D1AFC0D3D57C252BE4FF087BA0C
:105D20006B22F93BDE7F95BE718F0EBE1200C5BDA2
:105D3000D54B403D9E7BF5BDC5CD683E3670D6BD8A
:105D40003D1C9F3E0AC3DABDE835093E1DC191BE28
:105D5000581A983CD4E697BD3A480BBE5AB281BE59
:105D6000812E313E47E0CB3D3BDEAFBE9A5726BE8B
:105D700044D9C93D5DE6C33DD826123E9DA1983C5D
:105D80001544923EE98802BEACB6BE3E6AC4663D8A
:105D9000399CAABE26DFACBE157933BEB419033ECA
:105DA0005A568FBE30DB58BE9F25223E6760E43BCB
:105DB000F5411A3F81FF81BD93BB1BBE6EF3C7BE89
:105DC00049E305BFD01CD13DBC834C3EFF9CC0BD08
:105DD0001898303E26FFD5BC762BF93D46418C3EC7
:105DE000593FDEBD1E7DA13DD94734BE71109E3D99
:105DF000E26883BDD0AFAC3D960393BDFDBF08BE46
:105E0000FDD4CCBE84C5203EF7644F3E3AD8B33EA5
:105E10008A0F62BD36CBAA3E358EB1BDA4DD763E7B
:105E200055618ABE01A115BFA757813E9213133E4B
:105E300077C16DBEB0FC903D2A642DBE1C1C57BCC2
:105E400029C285BEF1EF84BD5FAB823DCDEEE2BDE0
:105E50002034A0BDBC7C7B3E36EB7FBEBD75F8BC5C
:105E60009DB5B33E6C1EBBBD6B237CBEDE5CF53CBA
:105E70002A84AB3D383A153E4CC54A3EF449C43DF0
:105E800064E1D73DE810183E6896043E3BD9AFBDAB
:105E90000485143E0C184D3D3D9FA73DDB2AB134CF
:105EA000D856B13DA5B31FBDAF2F313EF962243D99
:105EB00000000080000000802161633D0000008040
:105EC00000000000C06ADB3C00000080CB6351BCD6
:105ED00000000080406FE03DE9175BBD011A3ABE4B
:105EE000F485F53C7AE551BE0836B9BD00000000E6
:105EF0005958893C1E56F9BD583DEA3D7472993D8A
:105F000009EF903D00000080EFA4AE3C544F4A3EA4
:105F1000BFD636BE4380113EE5F7403E7038B9B675
:105F2000611080BCD57ADD3D5D140FBE1737E6BD2C
:105F300059D900B40000008031A1323E00000000B9
:105F4000000000808E3FD13C00000000FCEB2E3CA6
:105F500000000000C6A944BE6185593E7855943BB7
:105F6000621ED1BDE0A1A4BBB6F7373E00000080A1
:105F700000F442BECE3D053EC4ACCF3DFA54C7BD91
:105F80003868643E000000807FF3653DF0DA39BD7B
:105F90007788A4BD92B3ADBCD3410ABE85D6BBBA47
:105FA0001B5C45BD4BE2293E4F0B6BBD351F01BE4F
:105FB00095BFD6B4000000809576B03C000000008C
:105FC0000000000033925BBE00000080C55509BD93
:105FD00000000080887D863C8884E03D6E0C0B3C90
:105FE000C92AD3BD7958E33D1681B5BC0000000035
:105FF00005B20BBDC6F664BE87D100BE9BC30BBE07
:10600000BF4F933D00000080D966443E947AC3BCE4
:1060100017D215BD225D36BE39F482BD1CD330BB0C
:10602000FBD2253D5E86023EF610463E8E339E3DF7
:1060300017B81FB600000080504E36BC000000802C
:106040000000008009F1B7BD0000008093C1B43C9E
:10605000000000808C63593D05C25CBD6F53C33D99
:1060600043B4CF3CA4701A3C5314FB3C00000080A6
:10607000B9AA993D6E07F73DF54E433BD410323C2B
:106080008876613C00000080BC7ED33DB18273BD48
:106090006E21C03C708B453C963F013D136EA6B40B
:1060A00066E56B3D1F92823DC6C005BE3C8B67BD59
:1060B0000000008000000000109F1CBD0000008058
:1060C00000000000623FB8BB000000801114643C77
:1060D0000000000053FB1BBDA0B01EBD7B7A15BBAA
:1060E0001B3B8A3D4F920F3D78246B3E00000080A1
:1060F000AD29C0BD6907C4BEC86C8FBD2A4DC23D65
:106100001B99EEBD000000803D9DA7BBCF0120BEC6
:1061100031447D3EE9EBFC3C996937BD000000004D
:106120004871E83DA542E2BC9C2AD23D55A3253EDC
:1061300000000000000000807FFFFFBC0000008026
:10614000000000809C0AA6BD00000080F876BA3DE1
:1061500000000000EAB7183ED36D48BEE62126BE17
:10616000A2BB213E324FD3BD89F01ABE0000000011
:1061700041D5BB3D853142BEA3A876BD8BCE143E32
:10618000F4975ABD000000801ED38FBD41D725BEB5
:1061900056B40FBE917C5C3EFB976E3E77CCAB3223
:1061A000D30214BEE0F024BD840619BE2D8E08BEB5
:1061B0000000000000000080C6F5463E0000000020
:1061C00000000080BFBA593E00000000AE7A28BE31
:1061D00000000000F0475ABE4ABD9A3D860D16BE2B
:1061E0004C883FBE134D4EBEB70BA33D00000000D0
:1061F000992AD8BD054B0A3D6ADB323E247344BD63
:10620000436F203E00000000925B943E7D16B93E35
:10621000C00CE9BD0FEF39BD3BFA8E3E0000008097
:10622000E6E33EBD5A1638BED4037CBD5684793DA4
:10623000000000800000000087F9033D000000809E
:10624000000000805AB5B63D0000008090B2AD3C21
:1062500000000000309269BD4C656A3E750CE03C60
:10626000C09E063DFFC0C2BD43BFB4BD00000000DC
:106270000147AF3D259513BE65E5BD3EEF42B3BD79
:106280007610B43E00000000F881F63C5E95F63CC6
:106290006449D1BD2533593DC46F0E3E8DD68BB7B1
:1062A000299880BD50B7D83D4CB0FABD6CE68FBD83
:1062B0000000008000000080F0D13C3D00000000A4
:1062C00000000080D2E2B3BD0000008082EE8F3D6E
:1062D00000000080073D053E96D2923BF8CEB73DC8
:1062E000B1F4453DFC6502BEE4C1C83D00000000BC
:1062F000A40BE33DD31525BE13B96DBD9D3C82BEF5
:1063000081B613B9000000803D4BCCBC1E9393BDF9
:106310006E786E3DB023033E040AB0BC000000005E
:10632000B73EA23D653D61BDD32E56BD3CA1023EA8
:1063300000000080000000808FDFA23D0000008090
:1063400000000000CDED87BE00000000A4C3C739E7
:1063500000000080596182BC6BE04FBD2AC389BD3B
:10636000F4A8B63B30F5903EB197D2BD00000000D6
:106370000BB6373E58B2403E5877FDBD0BA36F3E7B
:10638000BD8C32BE000000003BE0F33DA8EC6D3D4B
:10639000FEC386BE27FA4BBE9EEA643D1A0219B5BB
:1063A0002B4941BE7345133E930E18BE1F5551BE77
:1063B0000000008000000080DD9032BE0000000080
:1063C00000000080C46F973E000000802064C3BDC1
:1063D00000000080ECBE0DBE8725C43DD3EE883E94
:1063E000CF23BEBDE0199B3D9A672E3E0000008082
:1063F000C59CB7BC66B4563E148484BE47B58ABEFD
:10640000DCAD3EBE00000000EC26B13D7ED901BEF1
:1064100068FCE83D6831043C4BC0B6BD000000801C
:1064200073E5813CC7B514BDD5194ABCA115ADBDF6
:10643000000000000000008076680C3D00000000B5
:1064400000000000FAF62DBE000000005FD004BB83
:10645000000000801AE69F3C68A5483DB99611BD32
:10646000891B70BDF7DB3BBE70DD9CBE0000008069
:106470002C86DF3D8F16C53DEE9E4E3E7722D03CEA
:10648000309B353D000000005129FC3D9049273EDE
:10649000F397BA3DBEFB853E4E80763E00000080FD
:1064A0003A0C3DBC1ACAAFBD9573D43C2B0BAFBCA4
:1064B0000000008000000080C992AE3D0000000096
:1064C000000000805337E03D00000080404B89BD54
:1064D0000000008028E6DABDAD30733EABB9E33D85
:1064E0000868C5BD9634313CFA4C59BE0000000026
:1064F0002F134BBC83BF073EC913873E5B538FBD31
:1065000040224C3E00000080118A303EEAA15ABD74
:106510009CCC2CBCF3E5163DBD76B2BD1F1F63B805
:10652000BB8A903DB47E80BD330735BDE1F2AA3D04
:10653000000000800000008090F0E03D000000803E
:106540000000008001C960BE000000008DA00ABCF0
:106550000000008053DF813D39A708BD16167B3D42
:1065600038997CBD45B743BC6F1C23BD000000803B
:106570000A3095BD3375D3BCD54DD33CF17E3F3C3D
:10658000DC6ACABD000000800157813D6B5374BEB8
:10659000A1192F3D3DF4D23D122B81BED53EFCBA50
:1065A0001DCC143D44BF993BDE2320BE29EB0FBE1A
:1065B00024396CB40000008075DD813C00000000CF
:1065C00000000000945F7DBD000000802648D6BD1D
:1065D0000000000097F4413C8AB860BD4495CFBCF0
:1065E0003412B3BD4F47B83D110D2E3D0000008061
:1065F000157B723D2EC0A63CEAAB62BD5C1C963D8D
:106600001CAC40BE0000008002F4023E8C95C4BC6D
:10661000713632BDE583F83C9A7027BDE19310B91D
:10662000F88AAEBD77C5053DAEF588BDEABBA73D8E
:1066300000000080000000009B7391BB0000000080
:1066400000000000FFD78E3D000000809EBAF2BD22
:10665000000000008BFFA7BD4CBC323E6EB217BDE0
:106660004C4866BD41BA893EE85CFA3C00000080B7
:10667000DB89D23C1FED65BE3FAFD6BC74B5D33AC3
:10668000C7FB35BE00000080211A0E3E888A9ABDE5
:1066900063DE67BE59A53DBE7DBFE23C064641B6FE
:1066A000763B86BD9E2C923EE7C56A3D22E72BBE17
:1066B0000000008000000000080C193D00000000F0
:1066C000000000006662DEBD00000080651D5DBD4B
:1066D00000000000FF2BC5BC4B3CEBBDBE90A2BC34
:1066E000FD884DBE6696CEBDEDB8E3BC000000004F
:1066F000D2A63ABE96712CBEF43818BD777D00BE86
:10670000A8A7703C0000008053CEADBDE73E633DBE
:10671000D595903CEE3C3C3EE398633E1AEEAFB814
:106720001DE141BEB506373D13D8F7BBF8C63E3D67
:10673000064641B4000000808B1E463E00000080EB
:1067400000000080A4F6AA3C0000008034443DBD57
:1067500000000080C99E42BD4782573EDF841E3E36
:106760003325E7BD8A165ABD02B4F73D000000008C
:106770004ACF8FBDBF5F003E4681F03DA842213D1C
:10678000A46CF33C00000080F643A13D58AE53BD1D
:10679000FA8A05BCE544DA3CE6E6413E177325BAC1
:1067A0007D81033E85AD4F3DE3A3B83D1CE96F3DC0
:1067B00095BFD6B300000080E10DADBD0000000024
:1067C00000000000086FE5BD000000807368CFBBCB
:1067D00000000080ABD2323D77DD093DAE9F743EB4
:1067E00025E0CCBDC02E0ABDFAEB5BBB000000006B
:1067F0009223EBBD908D3B3DC5F51ABE2A1FE13BB0
:1068000084E11DBE00000080EB44553BC0262ABD3C
:106810004E153A3E9265B63D43D097BD82AF47BA1A
:10682000A2329C3D8378243DDA94C83DA9812A3C5C
:10683000B6A313B6000000804AC7243A00000080C7
:1068400000000080603967BC000000802C87EA3DB2
:106850000000008071D4193EEB62F5BDE4BA3ABD88
:106860000C71053E9116B9BD098C223D00000080D7
:106870008E83513D871FD3BD7EB573BEF75C20BDAF
:10688000A6B961BD0000008087184CBDC5E012BEEE
:10689000169DDCBDC08045BE72376EBE1DA579B5A4
:1068A000724411BEF1F419BDF50E9F3D23D5BABD5A
:1068B0000000008000000000A5668E3D0000000082
:1068C0000000000077363CBD00000080FA5483BD14
:1068D000000000004FC2DDBD6C5F5D3CA43623BDEF
:1068E00089DFBEBDEC44C3BDFF762D3E00000080B5
:1068F00061C58A3DBEECB0BEB8A923BE3D484C3D43
:10690000A38AE1BD00000000EA4BAE3D9AC95C3DA0
:106910000DC565BEC780923E9931DE3D0000000086
:1069200022F417BE4A5E26BEF94F52BE5692ABBE47
:10693000000000800000008040B2473E00000000E0
:10694000000000808F6D943E00000080906828BE9B
:106950000000000013C18BBEB282563E9E33B8BD0C
:1069600021A614BE9D16B23EF5F05ABD00000000EF
:106970006C16CABDBFF4D43C6C34473E00BE31BD7A
:10698000E15AC73D000000803D85603E288234BC4E
:1069900090BD95BD52F662BD9859703E77CCAB3430
:1069A0001583903CF97D35BD1D22A6BD4F256DBDDB
:1069B0000000008000000080675A0D3E000000804B
:1069C0000000008060BDD53D000000809B7833BD95
:1069D00000000000BED3C9BC8CA7053ECB9262BEAE
:1069E000CFA31DBD6E1AA1BE4AD6CF3D00000080C8
:1069F000D77C17BD0E2FFEBD22F990BB927FF93DCB
:106A00000F09043B00000000A02EAABDB4AB0F3E4E
:106A1000714744BEC21414BD45BE473B0000008010
:106A2000A6CAE9BD3CAF2D3E85E29DBD9CE0CCBD34
:106A300000000080000000803EE27DBD00000000FC
:106A40000000008010A7203E0000008005CA8FBD16
:106A500000000080FAB8FDBDD29125BD919B993E02
:106A60004E8FDFBDA1350F3EF1D550BB00000000B9
:106A70000A0F90BE15D5BCBDF232463D15C20EBE02
:106A800039AD3E3E000000806B2BE03D5004D6BD8A
:106A9000C3D2DB3D9D64CE3CAC77ACBDAB202BB705
:106AA000117C143ED4F72FBE21B9FE3DA1542D3EDA
:106AB00000000080000000004FD2943C00000080E5
:106AC00000000000263F06BE0000008019D3053EEE
:106AD0000000000067B1163E3727023D20C169BEA5
:106AE00073B856BC450BF5BD57356FBC00000000B0
:106AF00064D9BA3DC015BC3C7823D8BC512A863C29
:106B000061B536BD00000080DA0AC4BDB3CF053ED2
:106B1000087732BE76CBF23D1C28983D000000007D
:106B2000624ACFBDED64273EEAB131BE50810BBE53
:106B300000000080000000802C85583E000000808E
:106B4000000000800FEBE2BD000000802680D3BD76
:106B5000000000009B4054BECC26BE3D1B6AB23CE8
:106B6000062481BEF5B7A6BC9906AB3D00000080A7
:106B7000CE63D7BDA539B43D43DA873D11E20DBEE2
:106B8000862B73BB000000007DD5393E276228BDEF
:106B90007FED5A3ECAFEDDBEE75C44BEB00F21B4B5
:106BA0007234033E8068B5BECAC97C3D79A8DA3D1F
:106BB00000000000000000803D7966BE00000080FB
:106BC00000000080B9A2773D000000004061A13DB7
:106BD0000000008084ADF43D7A6257BDF0785BBE62
:106BE000CB7E44BD954C0BBD1687653D0000000073
:106BF00043C6743D6347C03EC84F913D86C8773E4B
:106C0000248957BE0000008050A966BE3F63B0BC17
:106C10007096703EE62217BEBA49B1BD0000000072
:106C2000CDB0033E90E530BE679F1D3E0EBF283EAF
:106C3000000000800000000021D4DBBD00000080C7
:106C40000000008053CE9FBE00000080FBE7883D1F
:106C500000000080FC31D43DCF4A9E3C3802A93C64
:106C6000E0E3B23DFBFBD6BA02EA05BF000000003C
:106C7000A7454F3E2CB34C3DD5830D3E9FA7E43D29
:106C8000A270473C000000804046E9BDD2DA6F3E6A
:106C9000C707C5BC6BA03739EAA7503E000000000B
:106CA000987B753B9DFFCB3B3FFA033E41C399BDAB
:106CB00000000000000000800EAE863D00000000D5
:106CC000000000003AE72F3E0000000035DD61BD06
:106CD00000000080F5C3B7BD23E75F3EFE12973D7D
:106CE000914A2BBEF4FFAE3D5477E5BD0000000095
:106CF0002B2300BDCA1D1B3EC102823EA98776BD63
:106D000093E14B3E000000803366C33D2A106ABE0B
:106D10003933223DF6C28B3D0CA31BBDA03D8FB97C
:106D20004675A53D678135BD6582C83B9EFEAB3D7E
:106D30000000008000000000A65C903D0000000004
:106D400000000080400342BE000000805525853DC4
:106D500000000080A8B8BB3B91817CBDD6FE19BE67
:106D60000DB1323DF29733BD38BF823B0000008049
:106D70003AD0DE3DE8918EBDB4ABECBD77FB19BED9
:106D80004B3B17BE00000080012D9FBB1DA9993D04
:106D9000F8D279BD0E6F4FBE143BBFBCC73AA83ABC
:106DA000B990D9BD3CA5303EF1CF9D3DC5AEA03DCB
:106DB0002439ECB4000000808A44F93C00000080D3
:106DC00000000000777624BC0000008006DA19BBC2
:106DD00000000080A1862BBC7CB2653DCB49CE3D36
:106DE0009A9705BD57BF88BACC4E753D000000800C
:106DF0007D06A1BDF2442ABE54D02CBE505F3FBEDA
:106E0000D7235FBD00000080A8F9913BDCCE30BEE7
:106E10002C198F3E7EF9B6BE904B6EBDBB14113857
:106E2000D8267C3E3A4EB6BD5EC09C3E7397E33D8D
:106E300000000080000000802A2E39BE0000008083
:106E400000000080939283BD00000080519F163D9A
:106E5000000000002C70FF3DE29885BE3F7045BDEC
:106E600053F36D3E6A5A363D2B1A86BC00000080F3
:106E7000E027243E98670A3CD27E77BCEA98713EB0
:106E800037A964BD00000080CA363FBDF20F463D01
:106E90008DC393BDE4A2283D1677363EC32460B669
:106EA0003F313A3B2AF6F2BDD51358BDFBC34ABE6B
:106EB00000000080000000001DD3A53D0000008000
:106EC0000000008029BBBB3D000000802592A73C4C
:106ED00000000000AAA1D3BD5746DE3C30F26BBED5
:106EE000A5D514BEB264703DB84C5B3D00000000F7
:106EF00057E8953D5580BBBDD0A19B3D8FAB09BEEA
:106F0000C761033E00000080BAEAEE3C103B49BE78
:106F1000EB5CE83D47513B3ED1E735BEE5081DB986
:106F20004AA0CD3D799D64BDED7E593DF3624A3D59
:106F30000646C13300000000780AD0BD0000000002
:106F4000000000003CDAD63C00000080A0C486BCF3
:106F5000000000805609D4BD12606A3E2331123E03
:106F6000215A08BD3D7F483DA23528BE00000000E3
:106F70005D53C4BD5E0F883DDEC7BA3DF03E7DBDAA
:106F800083B9C33C00000080F0231A3E074F363D12
:106F900093A8B7BC584BD2BDDC34993D167068B984
:106FA000F3BAA03DF916123D9770C13DA28CFBBD0E
:106FB000EBF576B400000080855758BC00000080D7
:106FC00000000000F7ED603D0000008046A1FF3C9E
:106FD00000000080D6F2AC3DB2E0D93C237A11BE6D
:106FE000DD39B53D1D139C3D37DC033E000000003C
:106FF0004B9D903D74EF01BED6B059BEC43E86BCD9
:107000002C8145BE000000805C94A3BD5D1722BEAC
:1070100034050BBEA7600D3EFA2DB639429664BA10
:1070200029EF213B8BF93DBC4F42253C969B83BD0C
:10703000834F14B700000080C003DB3D00000080D8
:1070400000000080288D14BD00000080B2C58ABDFC
:1070500000000080DD6BBC3D264FDBBC99F0963D07
:107060000CAB0FBED6658A3DD687C13D00000080BF
:107070002D1A40BE8171293DD322143E07DF49BB42
:10708000BECA90BE0000008018F50C3E7FB923BE3A
:1070900049AB923CEC35FBBB35ED9BBE95BFD6337F
:1070A0002B8071BD3B060F3DEE09283E96B93C3E54
:1070B00000000080000000809630083E0000008044
:1070C000000000000BB9EC3C00000080532E203C77
:1070D000000000009454A23BE2DA39BD302859BECA
:1070E000C7DABB3D3AF450BED61D0CBD000000000F
:1070F000498F553E43D892BE3329B0BD96BF173E47
:107100003685A4BE00000080A3F439BD19C73A3EFD
:107110008F17ECBDD2E8883D35DFF73B000000005B
:10712000077611BDBBDB4E3C9935F6BD51E9D13C2C
:107130000000008000000080D70CB6BC000000807A
:1071400000000080BE288B3E00000080D38F30BD41
:107150000000008061FA21BD39B2413EFEA51B3E10
:1071600061A439BDE7CF2F3AA7E111BE00000000AE
:1071700015AD89BDE11B3E3E260B073EEF9F793DD5
:10718000D3B7DD3D0000008016E328BDF9C72A3ED5
:10719000E9AA2B3BEA6B863D90C9053E2829B0B68B
:1071A000F5A8833DAC3405BEE89F8BBD87BDBEBD51
:1071B0000000008000000080350DDD3D0000000073
:1071C00000000000B2AD663E00000000E085A93B73
:1071D000000000003463733D35C1F43DE3F696BE14
:1071E0005521943C838EBBBDA8A934BE000000008D
:1071F000CE67063DF5B718BDAD74893EB81C14BC0A
:107200000B02543E00000000910E8B3C7479513EFD
:107210006066FDBD2A16163E072CC53E00000080A4
:1072200002A92CBEA77B723EB8B149BECE1B35BEAB
:1072300000000080000000800374793E00000080A0
:107240000000008009BB8D3E000000804321FCBD92
:1072500000000000515D73BE504A643E6EE4743D10
:10726000A24A2FBEC37A77BD417F883E00000080CE
:10727000FC5701BE38AF1D3D506D51BC16C561BEF7
:10728000BFAEB63D00000000EDE1233EB512DD3C8F
:10729000B64D2E3EF6D29BBDBEF867BE47C2253620
:1072A0001299413E36B05EBE10D7263EAE32BB3D8F
:1072B0000000008000000080B76D0DBD00000000E0
:1072C0000000000007597DBD000000804AF5203E07
:1072D00000000000AD5A2A3E51297E3CC79393BD61
:1072E0002E31013E46506BBD78AD84BD000000805C
:1072F0004D690E3EF4B5DCBCB48B85BDEF4A3BBD99
:107300009129DCBD00000080346069BE7C444D3DA5
:10731000AD3681BDFFF7933E8DB6473E000000803D
:10732000FB338F3CD8A53C3D437D81BE293B0BBE42
:1073300000000080000000004A3C293E00000000E0
:1073400000000080ED0F7C3E000000806209423D9D
:1073500000000080D7E58EBC26524A3EE27F633DA6
:1073600093DE58BD19F248BEA36F17BE000000009F
:10737000323AC3BC0835C83CBE82A33E28FB9BBD45
:1073800028DB083E00000080666CC83C978207BE80
:10739000D527183B49019DBD5C8E92BEE85216343C
:1073A000EF795A3D7DFBE1BD8428633CF65129BD50
:1073B000000000000000000043EFA1BD000000003D
:1073C000000000805C07C1BC00000000F2837C3D2F
:1073D00000000080539BA5BD95C6A6BEF7AB28BE96
:1073E0001E25613BCB40AB3D12029E3D00000000DC
:1073F000D1EABB3D35235B3E2224A23DFD93EDBC8B
:107400007C6A2FBE000000801E7701BEB960593E25
:1074100043F984BE2A079C3D512D243C0000000006
:107420002BA207BC2E9090BD6677CFBDEE4EE9BD76
:1074300000000080000000002B08AF3B00000000AF
:1074400000000000A365603E00000080E59590BA52
:107450000000000066CC32BD2704513EE4B6773E02
:1074600053AB95BC371A4EBD5DD550BD00000080B2
:10747000820196BD06DCCF3CF30D033EFA4834BED4
:10748000108BDA3D00000080DA538BBD40B8E9BABA
:10749000945C103DDEBF4BBEBA083E3B00000000CE
:1074A0002EAF393C56FB0BBC79F3143ECD47273D3C
:1074B00000000000000000807DFA4E3E00000080C9
:1074C000000000806F22213D00000000A8CF233B78
:1074D00000000080BA3D163C3F631D3EDD80813DCB
:1074E000B3DC26BDA4EC0ABE8114FC3D0000000004
:1074F0001498CC3C732120BBD97505BD1482F73D8F
:107500008DD66C3C0000000024FC85BE254FE5BDF7
:10751000E205803DF39C233C7F78B5BE2DC47237D5
:10752000AEC7D13D37DFCBBD9D11663D30A5083DCF
:1075300000000080000000804E3391BD000000007C
:10754000000000006D520DBE00000080768AAE3D46
:10755000000000801BE4C3BB69F627BE7E10253EF9
:1075600043B0313E25320F3DAE7768BD000000804C
:107570007FF6673E8B9F1FBD7C70C0BD13C5B33DBA
:10758000FA3EA8BD00000080C81002BEBBA00BBE22
:10759000CDFE403EA90C293C51FFA9BDDFAA083B06
:1075A000A1C43A3E31B2A7BD592F283E8EE13A3EE2
:1075B000064641B500000000308FE73C00000000A7
:1075C00000000080CD91D33C000000800710AF3D4B
:1075D000000000800C52973DAFF20FBE01451FBE68
:1075E0000CED693D44BB5DBE58F9123E00000080C1
:1075F0004CD269BC7F1D83BD0BACB9BDB031953D8C
:10760000AC9542BE00000080B051D9BD9D8A8C3C33
:10761000CFA72B3C953FA33DABC780BC7C7CA5B8D6
:10762000BC9297BD4BBC413D32566D3E1636DE3B9B
:1076300059D980B300000080B5B2F83D00000000C9
:1076400000000080B613253E000000807F80DCBC77
:10765000000000001E4518BD7CDC3BBE4DF0303BF9
:107660006D2C023DBB0100BEC69F5B3E000000804A
:107670003AF28ABD4BD24DBDC978EABD8D05BDBD7C
:10768000C5419ABC00000080659DDC3B09F817BD30
:10769000A786A3BDC02F353D1853BFBD5C7CE1B6A6
:1076A0004EC5F8BAC00730BD42C8A03D8C2D8D3DF7
:1076B0000000008000000080A36633BE0000008050
:1076C0000000000064AF39BE00000080FB17713D70
:1076D000000000003D2C873D9F89073D33621D3D22
:1076E000AC0B2C3DE2D0F83B7C9381BE0000000047
:1076F000A538B93DBEFAF5BDF201AABC069283BC1D
:107700009E93053D00000000BB4304BE7C89A2BDE2
:107710006D367B3DD1054FBED326CEBE7A19E6B776
:10772000EDD42D3DD4277D3DA48A453D622446BD40
:107730000000000000000000066A9ABE0000000081
:10774000000000003B7E7C3D00000080E31464BD2F
:1077500000000080393E52BD3BDEE5BC8F2D0D3E62
:107760007E49D33BD57EADBDC50173BD0000008011
:10777000F867D7BD9F4D673DA7C153BE204E743DEE
:10778000B5756C3B000000801EA4C4BDB34495BD1C
:107790008D7304BEC54CD23DF17FC6BD7CDD37BACA
:1077A00001581DBE398795BD7F40883D474DD7BDE7
:1077B000F18B85B6000000805FE312BD0000000081
:1077C000000000809FFC043D0000008008C4ABBDA9
:1077D00000000080A49C4CBE4BB384BDCDDD003EB8
:1077E000D5E94F3DC7C095BDAE4C753D00000000CA
:1077F00085E41BBD1E48BCBD184AFD3B04E268BEC3
:10780000242BBFBA0000008090AA86BD5C836ABDAD
:10781000541F24BD09F9173E905F15BE0742323848
:107820006E4028BD86950C3E27544B3BE9DD90BC4D
:107830002B73A9B6000000801D7310BD00000080EE
:1078400000000080B29EBA3C0000008017BB1BBD48
:1078500000000080BAA544BEF57BA03DB55419BD1B
:10786000499C69BEF527823E4D3F883D000000805F
:10787000095564BEA07E1B3E1F5D323DABA3D6BC46
:1078800090AE4BBE000000807E437A3C485D07BE50
:10789000E2CE873E40FE1CBD208398BE95BFD6B386
:1078A000D5598C3E775408BEE9BA4D3C9100753EDF
:1078B0000000008000000080CD8CB5BD000000807D
:1078C000000000802C690BBE00000080168D343E45
:1078D00000000000971D163E844755BEF6C852BEF4
:1078E00030E4A33E527AC2BED8C50DBE000000806F
:1078F000AE2C4C3EE549B4BE67A092BE3B24A33EED
:10790000EE9B61BE00000080430618BE15DC8A3E77
:107910003615D03D8285FB3CB1C8EC3D000000002F
:10792000F46A40BC88E16BBD74066FBEF704CB3DC2
:1079300000000080000000808576AC3D00000080E3
:1079400000000000CE54B83E0000008097E53B3DAB
:10795000000000002E213E3CB9AC893DCDB69B3ED7
:107960001D028A3C5FD69EBEC003513E00000080CF
:10797000B07F77BE3932283D642C6ABD71AF273C99
:107980003781D83D00000000F6254EBE3FB8EDBD62
:10799000227A43BE4659EA3DD18ACDBD21960BB627
:1079A0006352BDBDEB04323EF632C7BDD75DBEBDEE
:1079B0000000000000000080BD27233D0000000003
:1079C00000000080E78F253E00000080B50FFEBD5F
:1079D000000000003B0A2ABE6C4A19BDA1EC003E23
:1079E0008DCF18BD4CF97FBE85C7EABE0000008070
:1079F000AAA88DBD785CB03D082B853D307E9EBD2C
:107A0000573F653E00000080ED868C3E977AAF3C84
:107A10003624EDBD34C2FB3DE4A610BE000000805C
:107A2000A1551EBD2EB4733E06F889BD47C16DBD7C
:107A30000000000000000080CEC980BD0000008072
:107A4000000000000264343E00000080A0B6EABDE1
:107A500000000000D86B09BEB75718BE4D5D9B3EB5
:107A60004BB182BD0100F8BCB6A6653D0000000028
:107A7000128390BD8D846EBCC173C3BDD4DCCCBDFC
:107A8000270A5B3C0000000028630E3E2FA83ABE88
:107A90004B17D7BD48F1D5BDE4CB7A3B34AB4AB6E2
:107AA00047D5F63DCB448EBDD1662ABE2F236ABD95
:107AB0000000008000000080ADBCC63D00000080DA
:107AC000000000000CA383BD0000008074C5973D3A
:107AD0000000000009B7FF3D55D0803CF4F6CDBC56
:107AE0008122673D24BC5A3B15F5B5BC00000080DF
:107AF000D231BA3DB6E07EBE30F3D43DF50CA73DA1
:107B0000596F00BD0000008085155BBD3716893EAA
:107B1000829BEABD386AA1BC173C0A3E0000008087
:107B2000E22BB23ADBFB99BE518880BE7AC08BBD96
:107B3000000000000000008086AF2F3B00000080A6
:107B40000000008065C1B83E000000800BE4AD3D40
:107B500000000000AE8C293DBD2FAB3EEFD3153E9B
:107B60005C4E523E007199BE4255EC3D0000000053
:107B70001E76C53D9AC7FB3D43BD8C3EB17E1E3D82
:107B80004C836E3E000000805A9BA2BE3831E23A20
:107B90006B7D90BE8C6CC3BD7E04573DA2E73BB6A7
:107BA0001FA91C3E6EAE71BC4D2DA7BDE07AE1BD94
:107BB0000000008000000080A2A9EBBC00000000D3
:107BC000000000809D79C1BC00000000E555EE3D3D
:107BD000000000803DA4073E0D0D31BE1FEE8EBD9E
:107BE00007591A3E3C215ABD6731A9BB000000006D
:107BF000BF82D13CF7C0B8BC5ADFD73CC15F55BD8E
:107C0000B1FEAEBD000000002D6EEDBC3027CA3CB9
:107C1000713A58BD72DB1F3C2F86B43A00000080D9
:107C2000D777B53D683A10BE42C801BBA0A9643DF4
:107C30000000008000000080364FBEBC00000080C5
:107C40000000000058ECF63D000000807E6BC33D54
:107C5000000000006716D03D0847353E74A9AB3DD3
:107C6000CD44D23D45C8DABDDAA78EBE0000008003
:107C700045077ABD9EDCC73D15588A3E92F9F03B18
:107C8000D4A1203E00000080DEF755BE7452013EB4
:107C900042FAB33EA09E2ABE53D0B83D0000000079
:107CA0000D0FA33E9DB410BE4AFD553E383DA83E83
:107CB0000000008000000000880D58BC000000801B
:107CC0000000008086B663BD00000080F4FB113E1A
:107CD00000000000982BA03E53F0D63D0D454C3DD2
:107CE00003429C3E1808A1BE9A4EA9BD0000008028
:107CF00056E4123EC08A9DBC4438F0BD9F07E23E68
:107D0000CF9EC83D0000008059322EBE613CB73D79
:107D10000FFF4C3DF366803D52ACD2BDAA0CC2B8F9
:107D200001EE17BEB3BC1E3EA4383C3E4FF0213ED0
:107D300077CC2BB2000000801DF253BD0000000084
:107D400000000000BBE3BC3C0000008036BEA3BACC
:107D5000000000808A6335BD6CC26ABDBF966BBDF2
:107D6000EA6191BDCC1837BEFF36F2BD00000000BD
:107D700041A2D2BD2809B23DAEE8C9BDD7A5A5BC78
:107D8000DC00C33C00000080F7EA833D301C0DBEE0
:107D9000A5522E3EE62F233C7BF8E9BD8CE440BB88
:107DA00096BA9BBC1F6F6A3D77CABF3D4BA72A3D61
:107DB0007038B9B500000080048B88BC00000080DA
:107DC0000000008010D232BE00000080688D073CA9
:107DD00000000080D2D996BD540A9EBDA0DAE33CD3
:107DE000A9EF34BDD321BB3DBC01ABBD0000008079
:107DF000E667A13D3079EDBC6D5AD6BD90C03B3EE3
:107E00006EE5D6BD0000008020FCA9BD35F387BD1E
:107E10002838583DB311613D295037BD7E767AB977
:107E2000728B06BDEFAA0BBB7CD1133D76D9D43C37
:107E3000B00FA1B500000000CFC0163D00000080CB
:107E400000000080AB8E21BD00000080ACFA613DD7
:107E500000000000B9A2783DD13A70BC948B9FBD60
:107E6000CE94D03DB4998C3D9F1D74BC0000008021
:107E7000ADB9673CA6FE37BE33B065BC5EFB873D3F
:107E80002453B7BD000000801D0198BDECC6C83D5D
:107E900095E9FC3D4B1A283DE52204BA24E084B55F
:107EA000127F5A3DC00470BC1BFAE93DF0A425BD09
:107EB0000000008000000000ED0DE0BC000000802C
:107EC00000000080F426153E00000000D733403D3E
:107ED00000000000CABFB13D3B44613DE626383D8D
:107EE0005323C53D62490EBE3B5448BE000000000E
:107EF000A69F103E5F62BFBD677F19BE9A5642BD06
:107F00001853933D0000008079C40DB727536A3E93
:107F10006DA613BEFBCFF8BC63505E3E99068FB7CB
:107F2000D8A02BBCDC1CB2BD334311BECE1057BE53
:107F300077CC2BB200000080FBFE34BC00000000B8
:107F400000000000111F5B3E00000080B331C6BC82
:107F500000000000B4E082BD83856D3E761F6A3D5F
:107F6000AB79CEBC0B94BA3DBCFE233E00000000B2
:107F70009F572CBE4928863EED7F1ABEE9CBEABD4D
:107F800040AB063C000000804B2636BEF55481BE57
:107F90005E9E50BC9513EFBDD795ACBD4FC296B950
:107FA000965CE83DB173163EE98B943A7B36273EEA
:107FB0000646C1B5000000809B46ABBC00000080B7
:107FC0000000000095F90DBE00000080FA4C8A3DCB
:107FD0000000008095CBED3C34B77CBEA447BF3C8D
:107FE00013CF863D12C6003E1102AFBD0000000057
:107FF0001187EA3D4F372DBEDE942E3D328A9D3DDE
:108000000C0867BE00000080A6FB963DBF84333D90
:10801000F0DDE6BCCF0FD7BDEF5B5FBE9E2B46BA4F
:1080200097BD75BDCC3E12BD08B29A3D2F5AE43DB6
:108030001CA715B600000080F0DBC0BD00000000EA
:108040000000008069FAEFBC000000800E73A63DBE
:108050000000008072FB043EF57CDABD256244BC62
:108060004BE6D63DCB2470BD4EE996BD0000000026
:108070006CCDF03D7F0F73BD37F6BF3DC2BFDFBD96
:108080007AFB93BC00000080EE59DC3C996F3BBE4C
:1080900002F8933D4C643E3D02B4D7BD21960BB42B
:1080A00020730C3C76C5A23D5178A63D07180ABD49
:1080B00000000080000000809F3FCF3D0000008056
:1080C00000000000C1DF56BE00000080008C8E3D25
:1080D000000000801EA99D3D77F157BEF2F5F8BD66
:1080E0005D14C23D28429ABEDD4961BE0000008099
:1080F000DC73EA3D74F6C7BEC25A483CA80D333E55
:10810000D1975BBD000000801965293DB0E6403D78
:10811000A8021CBE18A4AC3C5C2F483E00000080A6
:10812000A2F935BE26E00F3E77CA6BBEA8434EBD0E
:1081300000000080000000803CE2893E000000005A
:1081400000000080F812913E00000080A7BEEFBD45
:1081500000000000D087BFBD1456293E2C3C693D6D
:108160006D8F02BE864000BE432FAC3E0000000073
:10817000E5459CBE90FACEBD6EB3A5BCA95D6FBDB2
:10818000C6766D3D00000080B562A83B0B478F3E70
:10819000374E5EBD9AC9FCBD0E40963C0000000003
:1081A000FAC5573D8284F2BBB856CE3DD6CAFEBC56
:1081B0000000008000000000F1C7313D0000000019
:1081C0000000000049E2C63D000000003ADD663DC7
:1081D00000000080E70C563DA63F983DEC51F33C73
:1081E000F551C0BC110FA5BE664EC8BD0000008091
:1081F000E0B3AE3DC633483EE2E760BB814A4FBBC9
:1082000083BEAE3E00000080A82B34BEBBABAD3EAB
:10821000742B01BDBA6EA3BCE3F21D3E00000080CA
:10822000854A563CB61819BED277F3BD410946BD02
:108230000000008000000080EE944FBD00000000B0
:108240000000008013973A3E00000000742B4DBDE3
:108250000000000026DCD6BDF51C483E6FA78D3E11
:10826000D334A43C2824A3BD3BEC84BD0000000013
:10827000FE6A0EBEA83C5A3EA2E94FBC5BB611BDD9
:10828000CA964D3E00000000B5F67EBE0331DF3CCD
:10829000E424BBBC335D9DBCA8FD56BDD14984B769
:1082A000965E383E4078303D83C7F7BD73098C3CFD
:1082B0000000008000000080A3B4343D00000000F6
:1082C000000000000279BFBD000000808907A43DC6
:1082D00000000000678BB7BC0272FDBDE08352BE98
:1082E0003C2919BD225D633D8EC8ECBD00000080B5
:1082F0000FCD2FBD259286BE3DA71D3D39C31F3D25
:108300002F4E3B3D0000008052673CBDB4F1643EFF
:10831000409882BD3DA0A53D1C28223E00000000E3
:10832000898138BDEA0197BE2956A4BDD70AF9BD97
:1083300000000080000000009BC475BD000000002C
:10834000000000003086C03D0000008029A503BD6C
:108350000000008018DCA4BD7B167A3E2656E3B9E7
:10836000FE20373C42C71DBE12C6273D00000080DC
:10837000588340BD08BFDF3CF135933E34285CBCD8
:10838000ECEA403E0000008020F03EBD7026873CB5
:108390006C4B4BBE469A473E6858A03E5CD014B822
:1083A0005C1B6CBE8C13FE3C77B653BEEEF539BE3B
:1083B0000000008000000080296F3D3E00000000AA
:1083C0000000000029FAAB3D000000005BA613BDD1
:1083D000000000007EDD2DBE0C2AAC3E47DEB73D1E
:1083E00074220CBE2FED293ED14A313E0000000020
:1083F00069A82ABE0E221A3EC36B963E5FF981BE63
:10840000679FE63C000000808C1C223E6273643E45
:10841000C5FB14BC9ABA2FBE09AE073E000000800F
:10842000325E033EF534D7BE6A5AEFBD34F344BD25
:108430000000008000000080FE2783BC0000008058
:1084400000000080A908183E00000000239D263E81
:108450000000008065F4493E9EC82CBD0C9F5DBEA7
:10846000525F213EBCAB9D3D53BDBB3D00000000B3
:108470000B444E3EB8B703BD37199D3E50F8543EED
:10848000D9CB583D00000000ADF5D4BECFF5493E34
:10849000CB8B8D3DCFE83B3C5601043E0000008075
:1084A0000C5ED2BC48582CBDB3E110BE760244BD70
:1084B00000000080000000001FC2733D00000000AB
:1084C000000000003DC3413E000000807F04B2BCBC
:1084D000000000009076A6BD61BBDC3DC061BFBC62
:1084E000BBD5B03D114A25BD291C273D00000080A9
:1084F00059EAEF3CCC1218BD89E8D63DD04523BDE2
:1085000075830D3E00000000164CE0BC6E09EEBD08
:1085100061011EBE61AA59BCCD85FE3CD3978CB8C3
:1085200093A9533DBFBC2D3D20C7A9BD78968C3D76
:1085300077CCABB200000080A8FDAD3D000000008C
:10854000000000802FF8D3BD00000080DC4E783B97
:1085500000000080648E183DA02B5B3CF552A7BD47
:10856000CAC237BD6716D73B18681F3D0000000020
:10857000DE0507BD0149A6BDEF2EC0BC7F5EC33C32
:10858000762EB53B000000803404B9BD9D9685BCB5
:10859000DFF4B2BC4F851EBE24571CBCB0234CBABE
:1085A0008AFE33BDAA40753D9E368A3DB1938BBD90
:1085B00059D90033000000808E8C6ABD0000000095
:1085C00000000080776C1DBE0000008086815BBCCF
:1085D00000000080855892BD7149AFBDB0564BBEBA
:1085E000AB2104BD39D6D33D4840A1BD0000008079
:1085F0006258B13CB27ED6BD372B2EBC7D1E0DBE5F
:10860000E57F04BE000000800AD0153EA16EBFBD0C
:10861000F9DCE13D8AD9F33DE5D213BE1C318AB9BC
:108620002FC896BD2092793D202E613EFD53843D9A
:1086300059D980B400000000FCD4A63D00000080A1
:10864000000000002B8F09BC00000080CDA1B9BA4A
:1086500000000080961C7EBD848551BD5801D7BDA9
:108660008075663D57ECD43D0B0272BD0000008062
:10867000BA9A11BDE55113BE987F5B391518A33D19
:108680004A6F803D00000080874B423E4944393E9E
:108690002498EDBC26961B3D5E30B33EF91D5CB5BB
:1086A000016AE1BD2C6171BBDC8E0CBD48C908BDFF
:1086B00000000080000000007C964E3D000000009D
:1086C000000000803478DE3D00000080E88F323DFD
:1086D00000000000AF86B3BD285D963E8D6D403E24
:1086E0006EC0C23DF05BE5BD16123F3E00000000CB
:1086F0007CE6853DB6048EBDDE35AF3DC6B38ABD92
:108700001206FF3D00000080ED4D893C245E623C76
:10871000713869BE51B91FBDF57B8E3DE912CCB8E9
:10872000405D1ABE119DAABDBBB5BB3DCFC38BBE7C
:1087300077CCABB200000080B7C8193E0000000043
:108740000000008096D94A3E00000080EB4502BC44
:1087500000000000CF8480BDC82EC23D2019AFBDEF
:10876000C432E4BD489940BD343D0A3E000000805B
:108770002D97DEBDCE36F5BC0F690C3DF79507BED3
:108780000AEE4D3B00000080C3BD313DC2A35EBE7A
:1087900027C6303E4E20133D2CA02FBE37ED56B9D4
:1087A0001287AB3CA7F71FBDAAB20B3E9105433E13
:1087B0001A0299B500000080DC43A5BC000000004F
:1087C000000000004A3645BE000000802DE4953DC3
:1087D000000000800CA85F3E6FBEECBD97BF69BE75
:1087E00005883B3E75F9F93DE02FFCBD0000000017
:1087F0006B1D1A3EC1798BBC6F37FA3C8A37F7BCC8
:1088000034F7903C00000080812F2C3DA78881BE6A
:1088100079BDC53DC97710BE7D3A6FBED802CEBACC
:108820000AC2613DC1811D3D5279DE3C4921D53DE1
:10883000A7D6B1B600000080D9D4B3BC00000000B8
:10884000000000803D7D403E0000008055E0833DFB
:10885000000000807E8F17BD3D96143D441CD9BD9D
:108860005A6CD3BD2398123E3C0E3BBD00000080E5
:10887000E2A5E13B2BA3253E92E4013E96196D3D16
:10888000EB50A3BD0000008031AB7DBD3A8FFBBD36
:10889000672A04BC5BC02E3E2C71C33D2439EC33E7
:1088A000ED7DABBD2CBE6E3D635D40BDB3F851BEEA
:1088B00000000080000000009B7A5A3E000000800B
:1088C00000000080F00D2ABE00000080A97830BDB5
:1088D000000000009D0AA3BDA0C0BDBC40CDE5BD09
:1088E0009E33C6BD7927D7BD318BBCBD000000804B
:1088F0006EAED1BDED63CDBE8FD79EBD9D24523DE2
:10890000EFC854BE000000807E24A43D429F283E54
:10891000975AE83DB1A39D3D1FE91E3E00000000AF
:1089200066DFD4BDE4F5F33D7DA56DBDE0433BBE00
:10893000000000800000000037BF653D000000809F
:1089400000000080E6B0C13D00000080FBB34DBDDB
:1089500000000000FA2111BE2E33D23CFD961CBD52
:108960003E4E2EBE12C699BD8AB8193E0000008048
:108970003EFD54BE6AB42ABEDB40213E19DD06BE70
:10898000106FB23D00000080493AFD3D9C81A63E3B
:108990003170B43DB48A153D5FA47A3E00000000FA
:1089A0005DEF863C17D4AABDA026C4BB5D080DBEF2
:1089B000000000800000000010BA373E0000008078
:1089C00000000000CB18393E000000807CD45C3DE4
:1089D000000000004957FE3B03EF2F3E17F75B3CBA
:1089E000996E28BD6B1722BEFACFA63E000000800C
:1089F000757C1EBD7739A4BD37BE19BC7E680B3DA2
:108A00004596A03E00000000073999BD1E8D753EB9
:108A100088CEB7BE8C27673CA2DC263E00000080D3
:108A2000CD1C12BEAD67BEBE1701DBBD4BA68DBE11
:108A30000000008000000080ABBA7E3D0000000016
:108A400000000080433A753E000000804997A4BDB5
:108A500000000080D3F4F6BDE7D81E3EEC3C81BB9D
:108A6000CB5A59BE64C3223C248EB93D000000009D
:108A70000F1694BE8744A93BBF0A423E937CA1BE19
:108A80009DCA7E3E00000000FA54A6BD2F2B7A3D01
:108A90003377853D7A234A3B323BD1BD89E306B625
:108AA0006AAB88BC7BCAA13CF8335E3D9B76113E25
:108AB00000000080000000000324DA3C0000008079
:108AC00000000080E3E184BE0000008046E4E43D55
:108AD0000000000013AE293EA5AEE9BC3928C7BD91
:108AE0007C080F3D978C36BE242F8ABE0000008084
:108AF000828CB23DF5820CBE059A1B3EDCC51F3E42
:108B0000958C92BC0000008024B262BDA83A343D2E
:108B100093B1CABDA0AF733D6F4513BD0000000007
:108B200087A8BD3CF07F7C3D09FEB73C00217DBDA0
:108B30000000008000000080298399BC0000000034
:108B40000000000098B5703D00000080D102B83CE4
:108B500000000000B6FF98BC487C0ABD841B9D3D08
:108B6000688F2CBDAE25C23D0A24013E00000000E6
:108B700089ABB23D12FBACBDF46ADD3D216E26BD72
:108B80008986493D000000008B8BA13E89BCF93DE0
:108B900011CB87BD046B413E81EE13BE0DDAB3B538
:108BA00027CB64BE7D90593EF730C5BB73D7BDBDA2
:108BB000000000800000008037041EBE000000009E
:108BC0000000008096D53D3D0000008086F097BDF6
:108BD00000000000861D5DBEF8A99B3E248BE93E87
:108BE000891361BE6ACEE83D64F19FBE00000000BB
:108BF000B0CE8ABECF64DA3E376BFE3EF44512BE7D
:108C0000E9A7D03D0000008079F94B3ED06D493E88
:108C1000CC589BBBE7EFCD3D801C9C3E0000000084
:108C2000BD40BF3D483573BEB6DD89BDD07C4ABE70
:108C300000000080000000808857403E00000000D7
:108C400000000080ED73673E00000080D9B5B53D9F
:108C50000000008020C4B03DBE72733CFA57C2BE13
:108C6000882B91BD8BB0F73CB432C43E00000000AD
:108C7000633CBF3D93D62EBE3F5C4A3EADE7FDBC94
:108C8000C7463F3E00000080CDCAEEBD94E7043EDB
:108C9000C82C3C3E475F0ABD8C65493E0000000081
:108CA000184B363DFD9808BE7ECCD43D408C3A3DF5
:108CB0000000000000000080A303153D00000080BC
:108CC00000000080A0A99A3D00000000C20A0D3EED
:108CD0000000000077759C3D7A54B13D026C7CBD6C
:108CE000CCA7913D729348BE7DAB213E0000008031
:108CF000C15CE73C370EC43B4CFB573D9DE5073E4E
:108D000061E8B33D000000801473F6BCA62B35BEAD
:108D1000CB8D37BB36F560BDD9D049BCB6199FB9EC
:108D2000A0E2D33DAB2F5E3E39EEF43C5D95173E9D
:108D300077CC2BB300000080B430B53C000000803D
:108D400000000080D5C776BD000000801CDE623CBC
:108D50000000008018D26DBDA3F538BE77C18ABE71
:108D60009D7C7E3B11D7853DA385343C00000000EF
:108D70006467F4BD626303BE14B52DBE9D86063DD7
:108D8000E84ED13C000000801390333D22734FBE6B
:108D9000ABF10D3D992EC43A5D00553D0B49A0390C
:108DA000EE53843D3FD8623D5FF1F63D7EE7023DE4
:108DB0007A16A5B50000008081EC733C000000002D
:108DC000000000000B45BBBD00000080F47F76BDB5
:108DD0000000000007A2F83D91C62DBE3215093CE7
:108DE0001CB8E73D9BB5CA3C992F5DBD00000080D3
:108DF00071E3963CAB9861BEAB127CBC6100703DE8
:108E00002A4B07BE0000008033000E3B8C728ABDE7
:108E1000B761ED3DC56BF63DB20BDCBDFB29A7B8D4
:108E2000A769283E08F25E3EAD3D353DF3DE3C3E8F
:108E30003F89B6B400000000041473BD0000008038
:108E4000000000001FF074BE0000008028F7F5BC91
:108E500000000080838B33BD2B1EA2BD944C613D6E
:108E6000D63B3BBA0A386B3DDA2BFABD00000080D6
:108E70001A9BA8BD50D049BE059433BEC097DA3DB9
:108E8000B05446BE00000080DB1D123E5E1CABBC31
:108E90000821233ED64647BD34AF043D4E554AB760
:108EA00006AEECBD51D832BEB7673FBD4234003E7E
:108EB0000000008000000000BCCFD03B000000801C
:108EC000000000806BDE903D00000080B3152ABDDD
:108ED000000000802AD13B3DDBFBEA3D05CD93BD80
:108EE0000F55A23C5AAC1C3E40CCF63D00000000A1
:108EF00025A22BBD5DD364BE5D259FBD10EA62BD7A
:108F00000271293E0000008044FCA03D33DF8DBE8D
:108F10004AF92B3E148007BDEC54A3BEC002B938F9
:108F20004F9D1F3DDE8B12BEB09CEF3D454AE43D98
:108F300077CCAB3300000000745BEDBD0000008017
:108F40000000008057AEF9BD0000008082A7133DED
:108F500000000080C2A6163E8DA395BE23C47EBD30
:108F6000693D483D19AA13BE4E4978BE0000000075
:108F700057D21A3ECB1D46BE5248CABD3340473D6C
:108F8000BDD317BE000000806E423FBD2ADD973E74
:108F9000CACBF5BDC89CA63E36A7713EACC52736E8
:108FA0002840E0BD93AC493EA1767CBE82EC6EBE0B
:108FB0000000008000000080FFE4A93E00000000E7
:108FC00000000080958EE73D0000008000E307BEB2
:108FD00000000000B69053BE79CEF63D43E230BDAE
:108FE000DCBFB1BEF77916BDED10943E0000000065
:108FF000479A80BEDE2E48BD9A4D1A3EA6A668BE90
:109000006598263E0000008038F3863E468DD03CB1
:10901000502A723EC14C463EF7E8CB3BD2F1C136F6
:109020003930633D8073513DCD440B3C1976383D5A
:1090300000000080000000008AC2163E0000000010
:1090400000000080D489D1BD00000080E52DF4BA75
:10905000000000008A4D16B9BFCA6FBE1EC6A2BE70
:109060000E3882BE8643F53D50BB263E0000000010
:10907000BD9AB23CCF8F93BDE3F9B2BCA402C4BA8F
:109080008FF509BD00000080C9A2AF3DF4E7293E7D
:10909000299FFABD6656343E8726FE3D77CCABB29B
:1090A000EB81203CE5E568BD7CB72ABD2DDBFBBC30
:1090B00000000080000000800D43DB3D0000000048
:1090C000000000803CD3723D000000800902B53DE5
:1090D000000000008024B0BD8ACFA6BD89DF4F3DCF
:1090E00087C265BC0A0D4ABDA058D83D000000806B
:1090F0005FEF073EF28178BDF6DF95BE7D4CE63D21
:109100006FD0F1BD000000803720843D482162BD52
:109110004F2ED0BD739817BEE8668C3D77CC2B32AE
:10912000785C623E793FD33E53C4AE3EC727473D8D
:109130000000000000000000ABB9C5BE00000080C8
:1091400000000000C6D6C1BE00000080449F373E2C
:1091500000000000C5CFDB3DC4DD21BEE9EBCB3E06
:1091600007CF6B3E9CA8013E86A9BABE0000000056
:10917000ED13853EC818C5BD18E020BED66256BDA9
:10918000314A46BD00000080797DC1BC8E6767BE54
:10919000F21A2FBE3320B43EAC3982BDA38D86B601
:1091A000613640BE249A053E9BFF43BE23CA6BBE78
:1091B0000000000000000080FD06663D0000000089
:1091C000000000804F68143D00000080E897B8BDA3
:1091D00000000000FD234CBEE363BB3D6351833CB4
:1091E0002CBE0EBE8210353E8ACDB73D0000000079
:1091F00099766CBE16031B3E6B4D903BE8764BBEDA
:10920000A992193E000000803B4D343ED5FE54BD6E
:1092100022E42A3E7A87093E3DD94A3D0646C1B33B
:10922000426D86BD6DF59B3D35F4A8BC0E93CDBD5A
:109230000000008000000080614D183E00000080AA
:10924000000000007CB0A1BD000000000E0493BD32
:109250000000000076ED8DBD18A0233E7E8B7BBE06
:10926000EDC994BD506A573ECF38053E00000080DE
:109270004F0A853DE7D636BE01C8EA3D0B9D26BDA7
:10928000B7246B3D000000803387B13DDA108CBC01
:10929000B941BD3D2104663D6731AC3D616B57B7B7
:1092A000980BE43DE6F6E13DC2685ABD7BC50B3E36
:1092B000000000800000000077E2B4BD00000080E4
:1092C00000000080B243D4BD00000080A810163D0D
:1092D00000000080A64498BD55EC363E9B5AB43D34
:1092E000404F283E7941C6BDABA887BD00000000B5
:1092F000A240C83DCB4212BEA2822BBE9F809BBC27
:10930000A2FC133B0000008027AB7CBD7E20733D98
:109310003ABF233DFDB86BBE3BDBEABC000000005A
:109320002F325E3E483A203A1AC7A53D9A1C07BD27
:1093300000000080000000806C94E8BE0000008007
:10934000000000001AA9B5B900000000B6DA583EC6
:10935000000000005B852A3E2F9018BEAC81583D6E
:109360008323963E85E237BB2D4C41BE0000008032
:10937000E6407C3E4E4FED3D2FE246BD71DF213D84
:109380006C92803D00000080C538D5BE13D0243ECD
:109390008FDE22BD080F9EBE8BE7453D000000001A
:1093A000CAF51DBB10F2743DA5EC103D18E5303E2A
:1093B0000000008000000000066DEEBB0000008091
:1093C00000000000B91D243E00000000CBFEAB3DB4
:1093D000000000804056AB3D8A94F5BD5FFE5B3EC9
:1093E000E4355F3E263262BE8B3F9C3D00000000AC
:1093F0007485A73D872BF03D0B1C33BE213A033EFD
:10940000F08731BE0000000095BB1EBD40F2143E47
:10941000B36D8BBDFA55ED3CBDF7DB3D00000000A0
:10942000937F05BEAF7FEA3DD804C4BD3B7804BE40
:1094300000000080000000803E584BBD000000800E
:1094400000000000C0E8343E00000080ACB853BD0E
:109450000000000096D2BEBD2235EB3D9D231C3E90
:10946000CA298BBEC7757D3EB6400C3E0000008009
:1094700030C062BEE0542D3E3FF48E3EBBE424BEBD
:10948000888E0D3E00000080FDD6393EDCFEC9BC52
:109490009C470BBE929E93BD8CAE8EBD000000809B
:1094A000E11823BDF69CFB3DEE203CBCC21E5FBE16
:1094B00000000080000000808716EABD0000000068
:1094C0000000008003451A3D00000080810C1BBC99
:1094D00000000000BB86BFBD96080EBE539CE7BDD2
:1094E000139145BE0AFD573EF27F413C000000004B
:1094F000E42650BDA487A53B5B43E93DEA35B0BDFA
:10950000A847983D00000080DA4A693E4F09AA3D0D
:10951000E05EBBBD510F6C3E099FB13B1FF10E37A2
:109520000CD114BE8D43643E605180BE377E65BE53
:10953000000000800000000057A0823D0000008075
:1095400000000080B50D7ABD00000080B6A826BEE0
:109550000000000047836BBE04C7293E6A03913EAA
:109560003EF02BBDD0CAC93E09FB073E000000807B
:10957000EF4462BCDC82043B1513833CF8D8613CA9
:10958000DE711ABE00000080F1BB943E3FFE723EC9
:1095900002BB4DBE009CFA3D68F66A3EF1A1E1B8FF
:1095A0004EABFFBD58E78B3D9EB234BE9F86A6BD35
:1095B00077CC2BB2000000809421993D0000008000
:1095C00000000080A725393E00000080773503BDEC
:1095D000000000804AFE61BD092B763EF12BF13D73
:1095E00045401ABD7EF78FBD7EC9A13C000000003A
:1095F00002AE583B9B33A9BC5C0CEF3D529D5CBD59
:10960000794F8F3E000000801703183D2EBD853E28
:109610007943FEBD43F65A3DDC5A883EBD3786B4D9
:109620003CF460BDF251AF3D5EA629BE93F271BE1F
:10963000000000800000000001F1D83D00000000A3
:109640000000000028E0033E00000080A844493DDF
:1096500000000000ACD5A8BCF1659E3EB1378C3E41
:109660002DC9863CD279FFBD56DADD3C00000000F2
:10967000A1E2CE3C17D1FC3C092A253EFEF96EBE84
:10968000D3DB9C3E0000008001B11A3DCAA222BD7E
:10969000DEF37E3D5C3E4E3E9D5E7DBD8A8F53B7C0
:1096A0003C7D1BBDF874E03D3E12C23CC58790BDB9
:1096B0000000008000000000EFCE923D000000801E
:1096C00000000080EE2810BE00000080CDEE54BDEA
:1096D0000000008093BB26BD079FEABDAD11283E68
:1096E0001A1405BE885B9CBD0215183D00000000E1
:1096F000044B823D1AB7513D32A444BD480ED7BD3C
:1097000073D1E8BD00000080BF293F3D30B535BEB4
:109710001384593E98B0B93D13FE3FBE5B6946398C
:1097200016E1643C5B98F6BD5C737C3E71B10C3E07
:1097300077CC2B3200000000F7008D3D00000000C8
:10974000000000805DDFECBD00000080AC3384BB16
:10975000000000806B971A3D2E5674BD5013ACBEAE
:10976000FB25E03DB2BFBEBD538639BE0000000000
:10977000ACFEF43D8FC45CBDDED68D3EF2215D3E75
:109780008192423E0000008073E1823D33A43E3D61
:10979000AE168A3DF6B3E03D2A8A4B3D0FD14737DE
:1097A000C4C1043E7A5372BDD12A0E3E4298E13DB7
:1097B000000000800000008002401DBD000000008D
:1097C0000000008045F332BE000000805A9D923DAB
:1097D000000000806545343EDBBBCCBCFDA13D3EB6
:1097E000797C95BCF63FC63D483EA7BC0000000012
:1097F00011A02C3DC9B85BBD1E0558BEA090203EEF
:10980000FD0D08BE00000080C43A38BC9771723D5F
:10981000FF637ABD7FA15A3D69DA5D3DCCB102B7E5
:109820002F34273D4340F1BDB03CC4BCCFFD713D5A
:10983000000000800000000099F82B3E00000000AE
:1098400000000080919F83BD00000080B7AAF8BC93
:1098500000000080DD9C18BD6F0DF33DB92C2ABEC1
:10986000F3172BBEA213B03DA90EA03A00000000D2
:10987000C63C20BE28DB19BEE3F7443E20C4E93DC8
:1098800034472F3E000000805FC0643EC3E6ACBD9D
:109890009E5603BE77987BBD98F0163D77CC2BB3D0
:1098A0009B5D9CBD8DC0873D9B59A6BC47D341BEE7
:1098B00000000080000000004500873C00000080A0
:1098C00000000000E50EF73D00000000981E743D0A
:1098D000000000806B208C3DCB2859BD0BC3363E69
:1098E0004B1E6FBD77CB7ABE67DD403E0000008027
:1098F000B96EBA3DBDC2D73D19267ABD026B39BEDD
:10990000BE584E3B00000080AC749ABD22016E3EF2
:1099100089D0F0BD6D257BBD29FC23BC0000000073
:10992000E76ED93D13D0D5BE0780263BCA0ECB3D8E
:109930000000008000000080C7DE3EBE0000008006
:1099400000000080054F3FBE00000080A6042D3EB1
:1099500000000080EDCD803D3520BE3DBF9D013E25
:10996000A6859E3ED9A1703DBBF7E9BE0000000070
:10997000BC36503DC9C0943EEA03A83E1620D73DF0
:109980000814193E00000080C02612BEAE9925BE04
:109990002E961A3DD1920E3E962F9B3DF5D3E23680
:1099A00024A7CA3DB16DD93DEB55A13DF269F73D04
:1099B0000000008000000080F0DF983C0000000004
:1099C00000000000219B57BE0000008045F3703D61
:1099D00000000080BC0CA83D486714BD2500E3BD15
:1099E000EDA4AD3D5385153EF560B6BC000000000A
:1099F000AB87183EE5D062BCA33AA1B8610D733DB8
:109A0000B188C0BD00000000B127B93D05C3F6BC58
:109A1000BA8B8BBA27D78F3EC012803D84F490B4A6
:109A200079BAA2BDD863553E4FBC18BA5BD402BC0C
:109A30000000008000000080E074FE3D0000000097
:109A400000000080E4BF05BE00000000972D1BBE93
:109A500000000000C5788EBD94123FBED33E613E2B
:109A6000ECF9A7BD301F2B3E16769ABD0000000012
:109A7000C60635BEC161383DD77CE33CBE9BD2BD36
:109A800041DFCD3C000000809A1C473E48FB7E3CF5
:109A900074A8933D66D821BEF1ABE93D703839B565
:109AA000F037843DDDE3033EAEC3863C2ABF833DF1
:109AB0000000008000000000E0B469BD00000080EC
:109AC000000000001535E1BD00000080891B6F3DDE
:109AD000000000001948BE3D6D22CDBC3146D33D8B
:109AE000DFEF013D08055FBE4FFBB03D0000000009
:109AF000032C8B3D8A05FBBCC15741BE739798BDB3
:109B0000B2AFE8BC00000000F3EFB0BD24237E3DFF
:109B1000B339A8BDD941C63CCCC4423C00000000CA
:109B2000573E8F3C00FB7DBD344F493D2981F73DB9
:109B30000000000000000080F30B6ABE000000007F
:109B40000000008007F17FBD000000001EAE4D3B0D
:109B5000000000005021323BA7EE63BBD162E53D1F
:109B6000DB770B3D8712923C1520CC3D0000008036
:109B7000810A133DAD5B1F3EF5511F3D8553D0BC9F
:109B8000B038703D00000000A1D39EBD1434BA3D32
:109B900091D9F2BC6B93C9BDC19E5BBE0000008031
:109BA0005CD26A3C2D50ADBE6BFA033CF4032EBD73
:109BB00000000000000000008B196F3D00000080D5
:109BC000000000801666BD3D00000000DFA95BBC00
:109BD00000000000E6451E3DE8471B3EF8337E3C92
:109BE0006C46F0BDE81416BE50AE83BC0000000009
:109BF00031A9BDBDB547283D81AF093C7E268ABD50
:109C00008A22AC3D00000080704833BE160D233D13
:109C10004FD8133CFABA2ABED449723C0000000067
:109C20004311843D5083AFBCCFB1EE3C5AEC9A3D1A
:109C300000000000000000008DB52CBE00000000F8
:109C4000000000000897F13D00000000950F9E3CC9
:109C5000000000804FDDC7BB4E031CBDF74E443EE5
:109C6000CE8258BDA0A6FD3D87EFB0BD00000080AC
:109C70001707A83DFE58E83DB73A2F3EE155703E24
:109C800028E8013E0000000062F930BDEB171A3EE3
:109C90006B7A06BD3DFC14BEDD63D6BD000000003E
:109CA000AB9F6C3D10B340BE10FDFF3B5B0D033E10
:109CB00000000000000000807F2100BE00000000C6
:109CC0000000000064FC923E00000000549B9B3D9D
:109CD00000000000863E9A3D62C2A73E1D2B263E34
:109CE0009CB2E83C2248F0BC6C729DBE0000008033
:109CF00065488F3D906FC93E02003C3E8EBA233EC0
:109D0000A0663F3E00000000ED83E73DF1C1283E24
:109D10004DAE8CBE547D6D3D5C783BBDEC9C8FB5EB
:109D20001E841FBEF09E123E2B815BBDAF9D58BEB0
:109D30000000008000000080C3B980BD000000006A
:109D400000000000EE882B3E00000080DB541BBEAC
:109D500000000080A61D88BDAEF4D8BC9ED8833E0E
:109D6000493AF9BDB27B953D5EBB243D0000000041
:109D700004495BBE21E0DF3D32DE033E4365C0BDEA
:109D8000C9F06F3D000000808ED8253E319E3C3EDC
:109D900027BD41BDDB3C8D3DB6633F3EE78138B812
:109DA0004EF995BD442DC8BDDFF29B3D4918FEBB61
:109DB00000000080000000000F77FD3C00000080E4
:109DC000000000809FE41DBD000000801D3D7F3D20
:109DD000000000003C2ADB3D82958E3DC0B0B33DC3
:109DE000FE72893D625D1EBE0F0FE13B0000000068
:109DF00062589ABD3D75D23D8E84CC3CCDCED13DCE
:109E0000FA5B173D00000080DD4156BEC951283E77
:109E10000FF2013E776C0BBE419DEB3D77CC2BB230
:109E2000D2EF473EF3FD6CBE35BE293D8A2B843E02
:109E30000000008000000000C52FBBBD0000000036
:109E400000000000717D5F3D000000007EE1F13DFB
:109E500000000000A243873E1A33753E575481BD6F
:109E600065BDC43DE8C5ABBE706CBFBD0000000061
:109E7000343DA43E6278413ED48B11BE32FF723E27
:109E8000A18C693A00000080F78884BEEFA03DBE37
:109E90001932473DC93D0B3D6CE4B5BDCD024CB414
:109EA000602E93BC3C5014BDEDB43B3D11AC59BD8C
:109EB000000000800000000054F5263E00000080F5
:109EC000000000002AE8B73D000000807E0CED3C59
:109ED000000000800CA02E3E6D48523DF5475CBE50
:109EE0003416473D2CBB19BEC3CD13BD0000000086
:109EF00086097B3E4B6425BE41BCAEBD84C0C63BDB
:109F0000F61DE9BD00000080A826AD3D1640043CCA
:109F10003351C1BD04B9273EAAB3803DCC653CB9DD
:109F20005A19C2BD2AE0FE3C9D2B6EBE849CEABD40
:109F300077CCABB2000000000C9A3D3D0000000061
:109F400000000000DC9990BD00000080FAEE08BD22
:109F50000000008092CAEEBD3A9E2D3E8B64003E0A
:109F60008EEDD7BD45452F3EA3929EBE00000080DA
:109F700046F162BE9FA0013E358D713E281E8CBD0C
:109F800093649D3D00000080860C613E83C83C3D8B
:109F9000DFC1083EA117E7BD2E86993C4FFB94B662
:109FA000D1093DBD3127BC3DC89E3B3E62E4CB3D5F
:109FB00000000080000000800E6F5FBE0000000007
:109FC000000000001BDD4B3D00000080FC912E3D99
:109FD00000000000A4DE673DD5BB7EBD4EE55F3DC1
:109FE000DCAC03BE49C125BE0BDB17BD0000008001
:109FF0006C7DCCBC5E07A43D567081BEB19AD73B48
:10A0000064D3E2BC00000080E5338ABE641FC5BD96
:10A010000AF43A3D00815C3D1E2E24BEE8FF30B7B5
:10A02000E54BE5BC620723BE2C7C1A3E23FAE7BD54
:10A030000000008000000080B9B133BD00000000C6
:10A0400000000000DB0BF7BD000000803E73BDBCCC
:10A0500000000080DC03423C1A938D3E6A15FF3CF1
:10A0600063ABA7BE6C6B14BE1E4D89BE0000000022
:10A07000050424BE1ED1AE3DD117643E8319E8BD50
:10A08000CFE7963D000000802C34D33D6FE254BEF4
:10A090001776E03C7881473E6141C1BD0000000079
:10A0A000ABAE9B3D7A09833D32F7D23D6694E7BD66
:10A0B0000000008000000000A721353E00000000E5
:10A0C000000000805E2A1CBE00000000AB90A83D8E
:10A0D00000000080150023BCC04CA8BDA56853BE7D
:10A0E000241207BEE3432BBD727FD8BD0000008061
:10A0F000322CC43DBC242ABD62BB39BE651CDF3D89
:10A100001BBF34BE000000805C57C23DBB72403EA6
:10A110009D86AABDD203B4BD20583DBE00000000FC
:10A1200062AB2A3DE8128DBE97D753BE22CACCBD82
:10A130000000000000000080CACDBEBD000000800D
:10A1400000000000545D093E0000008067442CBD03
:10A1500000000080608641BDCA974B3E63D72A3E0F
:10A16000B2210B3C7E07373EBDAFA2BC0000008091
:10A17000CF009EBDA2AF503E95F77A3D2853D2BD89
:10A180007CA79E3E00000080586AABBDCA292EBE47
:10A19000D2E471BD64826E3E850D59BD60C6DA356C
:10A1A000E8B85DBD938E033EF1E148BEE99044BB43
:10A1B0000000008000000000D779C63C000000804D
:10A1C0000000000018C560BE000000004DA6143D50
:10A1D00000000000D59D4FBD309AA7BD5C0210BEA7
:10A1E000FFDF003DC489123E91AA1BBE0000008023
:10A1F000A3A648BE93E1D7BD6B93C03D05668BBD5A
:10A2000052AD10BE000000802CDF2F3E086351BE0F
:10A21000E0A62DBE55A8D43D65B807BE84F4103520
:10A2200049E8163E994A8BBDD11F953D735BBCBD75
:10A230000000008000000000DA0FAFBD0000000049
:10A24000000000802C74B3BE000000805367B33D53
:10A2500000000000A4A0E33A950C73BDDDE961BDE8
:10A260004BDC053D1EE2DBBDEA1304BE000000002E
:10A27000A5E7B13D909D993C93C394BD3C23D5BDCA
:10A280003FF8BFBD00000000953690BDFE4506BEFC
:10A2900039706B3DC6A73BBE52EB08BE77CCAB32E4
:10A2A000F05B103DAA0D86BD1EA0193EC15DADBC80
:10A2B0000000008000000000B5BECEBD0000000020
:10A2C000000000006353A4BD00000080AC57953D22
:10A2D000000000006D39CE3D9BDF14BD68914EBC7F
:10A2E000EF51D93D0E7B18BEDBFC1F3D0000000086
:10A2F0004932E93DFE1BC9BDBE93D6BE45C5A53D4D
:10A300003C5124BE0000008028C268BE949E863D59
:10A31000FC4E1FBEC48CBEBDEB126FBD77CC2BB202
:10A32000DB3DA3BD9DC0113CD91D97BEE46E3ABD77
:10A330000000008000000000501D2B3C00000000C9
:10A3400000000080B55AC93D00000000DDCFB4BD5B
:10A35000000000003F2D0BBE289E26BEDE9443BEAB
:10A36000ABCC09BE5C1DA93E19B88F3E0000008031
:10A37000FD9752BEE6A78E3D1B6587BD305DA5BD2E
:10A38000690860BB000000003F3AF53BC4CB27BD25
:10A390008876BCBEE1069FBDA4E381BE000000003C
:10A3A000795E5BBE4C6224BED49D92BE808DCDBED4
:10A3B00000000000000000005C45003E000000803E
:10A3C0000000000051DFB33E000000009C22F1BD00
:10A3D000000000005B9853BE60853CBE357282BEB3
:10A3E0007797FEBE07DE8B3E1A67F23E0000000044
:10A3F00079BD3FBEE377A93D41A0C0BDF00DB0BE21
:10A400009C5CC9BD00000080682CE9BDBC611B3E9E
:10A410000AEA23BC2DA283BD75097F3C00000080A1
:10A42000F8C200BECEE09B3EB1E952BEDC71DFBD9A
:10A430000000008000000080A1B017BD00000000F7
:10A4400000000000C3A0383E00000000AC1638BE7B
:10A4500000000000B2859EBD122540BE2718653E53
:10A46000929D52BE9C7C5F3E28E6943E0000000018
:10A4700077D689BE6F8F213EEB587F3D746F323C9B
:10A48000E3EF443E00000000F4A9343E31557ABCAD
:10A49000083C92BC68DD8EBB898B81BD000000004A
:10A4A00047CB313D5FFEF3BC06B98CBC5E87D43D23
:10A4B000000000800000008096422FBE00000000D7
:10A4C00000000080E2EBD8BD0000008056F3793C2C
:10A4D000000000000F60703C73C296BD8389213E6E
:10A4E000EB24293E040665BD437B5F3D00000080F0
:10A4F000409EDB3D7365FB3DB02165BDB72C39BD8A
:10A50000FD8C8E3D000000804B9B5EBE8A8C0D3E14
:10A510006F2A7A3E05889EBEAFE1413E710917B8A9
:10A52000AE409D3D9C9BB1BEA8B8B43DE29C823D2F
:10A53000000000800000000055B56BBD0000000069
:10A5400000000000FEE4613E00000080A5E6DA3D68
:10A55000000000807A7EFC3DAE3BE23D898ECE3C21
:10A56000CCBE443E04F3D4BE612705BE000000808B
:10A5700028F9483E378E8D3DDFD922BD1A02023EB2
:10A580004A27943C000000805EC566BECA42E93C92
:10A59000868427BEF0412C3DA343A5BD59326836C1
:10A5A000428A34BE9C8BBB3C735524BE2815543D57
:10A5B00000000080000000801CD019BE00000000D8
:10A5C00000000000CC9E7EBC00000080CBA55CBDDE
:10A5D00000000080121C51BB22A8053E05CA5A3E4D
:10A5E0003A78BFBD62E18BBD6B587EBC00000000B5
:10A5F000701524BE63DF203E252664BE17565DBD60
:10A6000098C0CE3C00000080F477E43CA564FCBC1C
:10A610005765F53D92377ABEBD422BBE77CC2BB243
:10A620004C21013E4E87A1BED200943D2B0B103E23
:10A630000000008000000000C8D71ABE00000080A3
:10A64000000000003D5D5D3E00000080E545643C8B
:10A6500000000080E42DEB3DE385B8BC53BF5E3CB9
:10A66000CC97F8BD863D5EBE73E5A73D0000008037
:10A670004950573ECF2DD8BC7726F2BD38EA4A3E26
:10A68000D81126BC00000080B80C2CBED18D34BD82
:10A69000C06EFE3C690B58BE78F498BD5932E8355F
:10A6A00051E2BA3DAAC77DBE30FB0E3AE0BD453E41
:10A6B000000000800000000051DA11BE0000000020
:10A6C00000000080F32767BE000000802A94FD3D53
:10A6D000000000807CFC3E3E1648F5BBE2FEA1BDBA
:10A6E0008C7D813E911804BE383CFBBD000000000B
:10A6F000AF9EAB3C387344BED384CCBB4C3B73BBE6
:10A70000C0D788BC000000808C8913BE5A0E0FBED3
:10A71000E82B563EC50490BDB6B110BEB94674379D
:10A72000BF02333EAD2921BEC5D3713D193F113E55
:10A7300000000000000000009FED42BE000000008D
:10A7400000000000C63D84BE000000805BF2013DB9
:10A750000000000072F51F3E98748EBE649EAE3CF1
:10A76000DE2D083EA8EA353C6A10CBBD0000008013
:10A77000E04D12BD431CCFBC2BC802BEA3D9FA3D8D
:10A78000A49FB63C0000008066E5AFBDCE01403E10
:10A79000A30390BC09D5C0BDD701393DCBB4C3B725
:10A7A000201E2EBDDBC1C63BE76D13BE31E099BC58
:10A7B0000000000000000000889F2FBE0000008005
:10A7C00000000000EA7F443E00000080AFC0463C2D
:10A7D000000000006DC796BBD717963DF0755A3E36
:10A7E000536629BD355E3ABD4E50CEBD0000000017
:10A7F0009F2DB53BF93440BC37878CBB7BC0883D6F
:10A800002470F0BD00000080DD70883C28C0213E2F
:10A81000803E47BD9A5BEABD2488A7BDBAED0CB661
:10A820001188FBBC46C018BE6744A53D1EDF72BE42
:10A8300000000000000000002A0E20BE0000008082
:10A84000000000001CAFC43A00000080E73AB43DAD
:10A8500000000000C4EB9C3C6BBFB2BCAFB7893EAC
:10A86000F3270FBEB07658BE37E318BE0000008055
:10A87000A3FF0ABC422F043EEB25103D472E1CBE11
:10A88000617A143E00000080F72D18BED1B1C4BC1F
:10A8900036DC243ED7AD30BE2413373D0000000027
:10A8A0005ADE1C3D2CC3B03B2A534E3C20E45B3E99
:10A8B00000000080000000800C88E0BD0000000067
:10A8C0000000000061AC01BE000000808F1481BD5B
:10A8D00000000080CEB583BDA41C7CBED4A0DDBD2D
:10A8E000340C73BD216173BD15BD373E00000000FF
:10A8F000EADF843D69EE93BE897F42BEFADF5D3CAC
:10A900009822893D00000080433CB23C431BC03C80
:10A910002C0869BC83954CBE591B3A3E77CC2BB2B0
:10A920008AEB913C6073ED3D131A59BEB154ABBD37
:10A930000000000000000000DFA71B3D00000080B9
:10A940000000000044C08A3D00000080ACD24BBD36
:10A950000000008055BDFCBB8C47B43D2CEB25BCF2
:10A960008AD2253D7756E73D9677073E0000008066
:10A97000FB1D4EBDE9CE223E109E8ABDFC7903BE72
:10A98000F5D9E03900000080C00A4FBB380AEA3D23
:10A990004F7430BD9E3AB83D2487C8BDBD370635DB
:10A9A00068CD5EBD87F376BCBB7C0FBEEFE2C1BC59
:10A9B00000000000000000004BBF1FBD0000008031
:10A9C00000000000345487BD000000003D3105BD8B
:10A9D0000000000061A685BDFD5026BD4D30983CAD
:10A9E0002E9B0F3D87B7D83D2C89053C0000008089
:10A9F000A07FEEBC90A06B3DBD07473E2A79E1BD2C
:10AA0000D724183E000000003172533EF62D6E3DF3
:10AA1000F703963ED95898BD53DCA6BD2439ECB354
:10AA2000C58F493EEF568CBEA1BD873D7ABF013E22
:10AA30000000008000000000827DE2BD0000008078
:10AA400000000000FFCEF8BD00000080F5E9BF3D2A
:10AA500000000000FBF8CB3DDB8882BD98D06DBEC6
:10AA6000C485F93DEC6948BEE79A15BD0000008039
:10AA7000AEE2053E41907FBD76E86BBD805C813ED5
:10AA80004B1AA63C00000080A9C344BCA62488BD84
:10AA9000D47C7ABDCA493EBE0627ADBD7482B2B52C
:10AAA0008B42BD3D848EA3BE446A0A3D61C0673DB2
:10AAB00000000080000000807760C9BC000000003A
:10AAC000000000009E06BD3D00000080ECCB153D5F
:10AAD000000000003DF8F53D5572B63D669226BE79
:10AAE0008E2A9CBC53D384BE9F58883D0000000032
:10AAF00005B6D2BB2C28103B754D46BEDDCE9F3D22
:10AB0000C973AFBD00000080BF262CBECC58783D75
:10AB10008B5E9CBEAD49D43D44B1AD3CA6841AB712
:10AB200026ED3EBE1E3F8D3E8F4507BF24AE77BE4D
:10AB30000000008000000000873B713D0000000025
:10AB4000000000800EFA903B00000080F140C9BD7B
:10AB500000000000748281BEFCCE05BE01E2BC3D57
:10AB6000CE68C1BD069E273E0ABD2B3D00000000F9
:10AB7000F48917BEA142FDBBDB8BCB3D13C885BE5C
:10AB800006546E3A0000008078B87E3E91D20A3EAC
:10AB9000A750C8BEBDECEE3E64E2B13E00000080AE
:10ABA000C561AEBEF2398D3E642A9DBEBD32A3BEE4
:10ABB000000000800000000096E5C33E0000008019
:10ABC000000000808B8E9A3E0000000043128BBE76
:10ABD000000000006656D5BEBCA66A3E4C3BE2BDF6
:10ABE000435F0ABF4174323D13208D3E0000008058
:10ABF000D6CBF0BE18B23DBE0C89E5BCB872DCBE47
:10AC00001DA8D6BC000000006606B43E4C962CBBC6
:10AC1000B94425BED0F6D03DDFD471BE064641B45E
:10AC20008BF0223D97460E3E35837FBE384E36BDB3
:10AC30000000008000000000F29B0DBD00000080BD
:10AC400000000000F83A473D0000000023426E3D3E
:10AC5000000000004BFD043C170646BEF019C73B40
:10AC6000FA29E43D27C1773E7B1082BC00000080BA
:10AC7000C77C863C710D1B3EF000DC3DC42094BCBB
:10AC80007BB4C3BC00000000D5E8403EC6BDDBBCC1
:10AC9000F533EDBBF779BF3D432C0EBD59D900B359
:10ACA00062288D3C1EEC533E234037BE2CD691BC0F
:10ACB00000000080000000001317073E0000008025
:10ACC00000000000B4D120BD000000802650C9BCA7
:10ACD00000000080778E163D0AA689BEA2EE11BE46
:10ACE0008BAC523BC7FA693EC1A7863E000000000C
:10ACF0009253C2BD73327F3D5B9C7FBD9D2E2A3C2B
:10AD00001F438FBD000000805F97163EEEFBD93DCC
:10AD1000404EDABA177D85BE6B1005BE083E23375C
:10AD200036D9803E6A48D5BE2300483E6E682D3C29
:10AD300000000080000000805053A1BE0000000011
:10AD400000000000D63F443D000000808CF0253E0E
:10AD500000000080E7BE053EE8C566BDB0BCB8BDDA
:10AD6000353E013E0FF2DCBE232D84BE0000008084
:10AD70008310A73D5542C4BCF421423E6D3B0B3EBF
:10AD80004C041A3E0000008022589DBE7F8BA7BC59
:10AD9000DA74903E64BC88BE40D36FBEA0AD1CB9CF
:10ADA0006048713E6D095FBE9A22F83D825BE93DC5
:10ADB0000000008000000080EB756EBE0000008087
:10ADC00000000080A7E47F3B00000080C6FF1B3E20
:10ADD0000000008015D2733EE94892BE3B688ABDF0
:10ADE000FDF9453DD05AFDBD5F15C0BD0000000016
:10ADF0008CAA653D59AF58BD7A272EBE9956FC3DA9
:10AE00003C8420BD000000804D991FBE51CEE5BBA3
:10AE100006BDBFBEEE259A3DF54481BD2439ECB593
:10AE200028BE2DBEAF484D3E6BED62BEEAD260BE7D
:10AE30000000008000000080E0B1493D00000000FB
:10AE4000000000805410933E000000801908B5BD3A
:10AE500000000080DED00CBEC800C9BD4835C1BDB1
:10AE6000F73870BE734B273ED00D603E00000000E7
:10AE700023F2D2BDE33E0ABD7C8434BE57F57FBECB
:10AE8000402E32BD00000080FFA1643E142260B954
:10AE9000B62A3C3EB7DD56BEC754B9BD7038393509
:10AEA000BFBE393E050DCCBE40D8833E63A6B73E3B
:10AEB000000000800000008084460ABE0000000000
:10AEC000000000802E344DBD00000080BA6CBE3DF5
:10AED00000000000FE7F783E5763E5BDA69C78BE6B
:10AEE000B350F83DC3C978BEB4567EBE00000080A2
:10AEF0007E0E003ED7C80BBE233CEF3CBEA95A3E97
:10AF000077D7153E00000080646AA0BE9EBF1D3D3D
:10AF1000A2CC5DBD89C0B1BD8E0B513D7A16A53561
:10AF200045F3BBBDCE9E383E33B0E4BDB40812BD80
:10AF300059D900B300000080CA2C5ABD000000801F
:10AF4000000000007CE2203E00000080E4DD6CBCDC
:10AF500000000000A898C1BDE4EAE93D0EF7723D8B
:10AF60006084913DBC9F173D089A9A3E0000008086
:10AF7000F6425CBE42E3563E63E328BE544583BEC0
:10AF800014203FBD0000008000A706BED6B3B6BCAB
:10AF9000C3D8CABD811501BD00BE083EA92508B8A9
:10AFA00099FE183E12B3A1BE2CD2C73D7422AB3D10
:10AFB0000000008000000080F5FF8EBD00000080D2
:10AFC00000000000AF27B53D00000080C7FFD13D65
:10AFD000000000007787133DAF771FBDD824D4BD94
:10AFE000DA6C8F3B7D6E72BEB12D08BE0000000092
:10AFF00051F440BCE1A9A43DDC6BDDBC06EA3B3D5D
:10B00000A03DFA3D0000008070E52FBE0A3F723E71
:10B01000498890BCCD1911BE189AA03E0A368536D3
:10B02000CBEDEE3DBFEE62BEA999DE3BEC5DD4BD3B
:10B030000000008000000080E3B7513C0000008069
:10B040000000008003E6093E000000809BDC1C3EFF
:10B0500000000000A003563DCBDCB13D40A7D6BDAB
:10B06000E52EC33DE77D89BEC73A373E00000000AC
:10B07000F39AD13D3A1C0BBE912412BE9747053E70
:10B080009DCF173D00000080DE57B5BEE6B07B3C8B
:10B09000EFEE3BBDFBDD293E9A57883E95BF56B388
:10B0A000CBCD52BD3C5042BCC885C93D6C22D3BCFF
:10B0B0000000008000000000663E833E00000000AB
:10B0C000000000005900603E00000080580C03BEE4
:10B0D000000000805B8C6CBEA112483D62730DBE07
:10B0E0009A0957BE8F62D9BD99C9183E0000000069
:10B0F000F47919BE277E03BDADAC9E3DFEAD0FBCFD
:10B1000018032EBD0000008091BE03BBB68288BC30
:10B1100078EA173C087D83BD82721E3E4FFB94B5D2
:10B120007F87A23ADAD74D3D1716E3BD4BCD1BBE44
:10B1300000000000000000005AABC2BD000000008B
:10B1400000000000F43209BE00000080B8C583BCD6
:10B1500000000080B6E86E3DCBD244BD0B7B413E83
:10B16000063A08BD28B8373D57E2A63E0000000069
:10B17000FA3F34BEF5549BBCD2783FBEF0340ABED1
:10B1800040B424BE000000809DBED5BDD5B7783D3B
:10B1900055D1683EF18504BF53114CBD77CC2BB31C
:10B1A000ECBC123EF40CC1BD5737573E16AE2B3ED9
:10B1B00000000000000000005B17CFBE0000008010
:10B1C0000000000026FCF6BD00000080F8E38A3D88
:10B1D00000000000BBD30B3E488CFCBD1594573ECD
:10B1E000591D1D3E388B8FBD72C857BE00000080B0
:10B1F000D0A2273E9080983EB52EC9BD5CD3633E59
:10B20000030DF0BC00000000AD2DA4BE2B5C12BEEF
:10B2100073B2353EF78657BE46150BBE95BFD6B303
:10B2200086D6213E1E84ACBE7D89573E94AFA33E98
:10B23000000000800000000057BA99BE0000000026
:10B24000000000807E058CBE00000080AD8FE73DD1
:10B2500000000000CA04263E13DD60BEE2BB9BBEB8
:10B26000F7561F3E6B1AF3BDCF3355BE00000000EA
:10B27000D5FEA33D640A4FBEEE1BA9398AF8CC3E29
:10B28000AC0488BD00000080201C4BBEF2703A3D2B
:10B29000DB4A19BEF425533E3C5AD83DF91D5CB635
:10B2A000D97C2CBE4EA2353C147290BD05A2F8BDCF
:10B2B000000000800000000090F1DF3D0000000071
:10B2C00000000000BD380E3C00000080E160ACBD15
:10B2D000000000006C1469BDD73C0E3DAA2081BD62
:10B2E0001FB434BE5CCD363DB993533D00000080A1
:10B2F000B48DC3BC9FFC48BEDBEE0DBE9FD90EBE15
:10B3000097AB0D3D000000802983653EAB3B813D3E
:10B3100054B594BE6A4B6B3E1D95553B77CC2BB212
:10B32000BA8A5FBE81D9143E60F547BE848088BE6C
:10B330000000000000000000F99EF0BD0000008049
:10B34000000000802477883D0000008066BF5DBD5E
:10B3500000000000D5724CBE5B7D703EACE4CD3E7B
:10B3600098E116BE0E5A7A3DBF06BCBE00000080B2
:10B3700071FDF0BD85ADB83E7C9B453E580556BE7F
:10B38000919E3E3D000000004CDD3E3EE15C413EB2
:10B39000DF519CBE5027273E8482193E000000806A
:10B3A000ECA92DBD9938E43DCF855CBE41E0A9BE36
:10B3B0000000008000000000EF3A2ABE00000000FC
:10B3C000000000001C4941BE000000003CC17E3B63
:10B3D00000000080DA63B0BDBBE0E3BCC6AC713EE8
:10B3E00033470ABE2CA68B3EB9BBB43D000000001B
:10B3F00003EF72BEE49C1EBB89F1E4BD273B6EBE29
:10B40000F65A75BD00000000548FDA3D0A44A2BD13
:10B41000EA7804BE7ECA8CBB59221CBE2439ECB427
:10B420007CC4823DEAFBA73DC59245BE24D09BBDAE
:10B430000000000000000080971D44BE0000008056
:10B4400000000080D86A28BE00000080A9C6A53D83
:10B4500000000000C1E59E3D9DF586BEE8C7593D50
:10B46000E6D37E3C5FF58D3EED019CBD0000000003
:10B470001E75FB3D373F883DE0A0523E6BB68ABD4E
:10B4800078DCA1BD00000000D447BFBBFC7F9DBDA0
:10B49000E5B84ABE320CF23CDC402BBD8797F1B4D4
:10B4A000124716BE2552123E5AA592BE04013ABE5C
:10B4B00000000000000000804E4C1FBE0000008015
:10B4C00000000080BAA325BE00000000745A3ABDF7
:10B4D00000000000998ADEBD3D9614BDC028B73D2E
:10B4E0004D79A8BD31B4333ED67ABABC0000000015
:10B4F000691957BE7B88163E5993163E1FA4843D9A
:10B50000CDBBB8BD0000000038DAF13D1C2CBE3DBB
:10B510006DEFCABD1DDB10BEBA60063DB1B41DB7EC
:10B52000B13FDCBD508399BD2F1105BD899C2ABE5A
:10B53000000000800000000079621EBD0000008055
:10B54000000000807CC0863D00000080193C29BCC2
:10B550000000008007A6583DD72BFA3D3E7E48BD2F
:10B5600021FC433D5D3554BE268AF03C000000803E
:10B5700045E861BDBCEDC03DA583AC3D0B2EE1BDF2
:10B58000824CAB3D00000080C55F4D39B1491D3E86
:10B59000681925BE77230C3DE0CB473EF8122EB943
:10B5A000747117BE43B9D83D2AFDA8BD707758BD48
:10B5B0000000000000000080C08E223E000000005D
:10B5C000000000004DD41A3E00000080F7D7DFBC19
:10B5D0000000000020AE453A90DF043EB9F494BC70
:10B5E000D6F31D3DDAE188BDCCFC233E000000808F
:10B5F0007157FDBD23944B3D72A379BD7F4256BE6A
:10B60000C845213E00000080C4657D3D8298BEBCD7
:10B610007685C2BCAACCDE3D546B20BE84F410B546
:10B62000CCD3673DF84DC7BCF52F67BD38D834BEC5
:10B6300000000000000000806BFC98BC00000000CF
:10B640000000000062519E3D0000008053C9833D10
:10B65000000000803B92783D7055DABDFB069D3DB1
:10B660002DC4F2BC72EAA63D969CA7BD0000000066
:10B67000F6B4B5BDE9A5C33D8A6779BCE88420BEB0
:10B68000EB09EC3D0000000082D1FA3C50E7893E16
:10B6900002E0D5BDDBAB21BE178F743EC32460B67C
:10B6A000DE2D9BBC0353A4BD49A1ECBC4CB51FBE11
:10B6B000000000800000008083F67CBD00000000D8
:10B6C00000000000BE4B78BD00000080D47DC1BCEE
:10B6D000000000806D22EDBBF397893E6D4EFE3D6C
:10B6E000EBC65CBB567A71BC37DE7F3D00000000C4
:10B6F000DB4E183E9EC52B3D2741873A705874BEDD
:10B700006B1A833E000000801E1BF9BD9400E33DD0
:10B71000C6C9073DF5F5A2BEFBE50A3E21C19E382C
:10B7200014AE923D08AE74BD798FF4BCC1FE763E76
:10B7300077CC2BB300000000B2AF20BE00000000A9
:10B7400000000000578E9CBD00000080686ADC3D50
:10B7500000000000903C833E32D284BE76F80F3D5C
:10B76000D6A8F73D569747BDF725473E0000000095
:10B77000C969183D47DC7CBE1F409EBE279A353EF6
:10B780004E2901BE00000080E4554FBE118CC2BDA1
:10B790009C91DABD89DE27BD940519BEF289E9B70F
:10B7A00091831E3D06C083BEC2D2CB3C01C46A3D1C
:10B7B000000000800000000087FA0B3E000000003F
:10B7C0000000000036271B3E000000804470C13D91
:10B7D0000000008058170D3D1F79DF3D878DF1BDBA
:10B7E000C7A59CBDA7A40EBE88C1CCBD000000802B
:10B7F0004260543D5F16A7BD51D8843EEE26ECBD95
:10B80000C8B2133D000000805EBCFDBC1E833D3EFF
:10B81000170ED53DC9CE0A3EA395F83D82FC2EB742
:10B82000AB13983D9495113991C70C3DE8B65DBDB9
:10B830000000008000000000DCA0213E000000802D
:10B8400000000080F8E86FBE00000080FD63963DB8
:10B85000000000800C9108BE7382B63DDA52ADBD87
:10B86000AEAE16BD7F990C3EBE1F483E00000000E4
:10B87000DF0600BEBC9A44BE4D9F143E54861FBED8
:10B88000EFA29EBD0000008025A0AE3DB59D803B8F
:10B89000724A05BD96FD02BDC79529BE4CB19BB449
:10B8A000FECE69BD1FC6F4BD79967A3D04DBDE3D50
:10B8B00000000080000000006FC625BE00000000F0
:10B8C000000000003A8B1F3E000000806896993D02
:10B8D00000000000179DDB3D1B9BB03D3225813EE3
:10B8E00098E0A13DE140A1BDD14492BE000000001E
:10B8F000BB24423D0E34903DBCB23B3E3D62EABDAE
:10B90000D4831E3E000000006FD67FBC74730ABE55
:10B91000EC44683EAA77213CF6D1E8BC0000000068
:10B92000117E943D1EB9CE3DB149223D21E335BD86
:10B930000000000000000000B39A41BE00000000BB
:10B9400000000000E10866BD000000807A1EDA3CBD
:10B9500000000000B71A82BDF3E210BE148808BED2
:10B96000F0815D3E2412293E18F0583E0000000090
:10B970001EB4A9BC78565ABB9E1334BEE65B1C3E6F
:10B98000F20854BE0000008093982ABE617B543EAA
:10B990004510513EDA00D4BEF9F45B3EB94674B5A9
:10B9A0009E962D3E520D89BE15408E3E7A3C773EC6
:10B9B0000000008000000080567CF4BD0000000004
:10B9C000000000002AF2293D00000080A0EB0C3EA0
:10B9D00000000000BC416A3EEE9CC2BD6475B7BE6B
:10B9E000200F333E079BB53D20170C3D00000000A3
:10B9F0001552753E172CAFBD89DCD9BD9553933ECA
:10BA000091E3EF3D00000000549D89BE4A3164BEC1
:10BA100090B8173E055AB6BE16BC87BEEFE688B58D
:10BA200032CF623EB560A6BED224EA3CE0BEC13E43
:10BA3000000000800000008069618EBE0000008070
:10BA4000000000007B5CF8BD0000008016E78B3E24
:10BA5000000000806EA6B73E2E1F58BE176D5ABE5E
:10BA600062DA993E410BD5BDBA2050BE000000807D
:10BA70008062AA3EAAF25EBD493A03BE5609B83EAC
:10BA800033F0E8BD00000080728885BE42B832BE47
:10BA9000972F54BEE3D08E3D42B100BEBBEBF0B653
:10BAA000A82A8EBD4CC78F3DD0F62ABEC5AC18BEA5
:10BAB000000000800000000014498B3D00000000E1
:10BAC000000000002C4E303E0000008007522DBECA
:10BAD00000000000071916BE395AFA3D9091B1BD19
:10BAE0008A92E2BD9E507A3C238A723D000000801B
:10BAF000D4F921BEA229FCBD07ACE2BB5D74B6BD82
:10BB00005FB39BBC00000080B02E663E72BEB93DA4
:10BB10000CB4B43EF65DC4BEF5C7883C000000809E
:10BB200028022B3EDFFD2BBF09B6863EF6F9343ED8
:10BB3000000000000000008009C392BD000000006A
:10BB400000000080F60D2D3E00000000C7C1193E28
:10BB50000000008021467F3E65D0E13C2FA8D6BE84
:10BB60008E7BA13EB1A3333B2CCD48BE000000002C
:10BB70008D07853EBE4E813E7995463E9628A83E6D
:10BB8000C9342E3E00000000E7EDABBE30374E3A20
:10BB90008A20DB3E358C7D3E834E00BE0000008057
:10BBA000A68D593E6653893C241AB03E2AF62D3E96
:10BBB0000000000000000000520C6FBE00000000FA
:10BBC00000000080397AD0BE00000000D4ED253E90
:10BBD00000000080CDAE803ED71942BE85AA12BDBE
:10BBE0002ECB533D63BB94BD04D307BF0000008040
:10BBF00071245B3EEB9D1C3D98AEC63D69DC463E24
:10BC00000FF7DDBD00000080E458CEBCBDEE9D3EC8
:10BC1000444B64BD2BE3683D4FD29A3E0000008048
:10BC2000BCE8EABD055DD53DD787443D6A3A4DBEC7
:10BC300000000000000000007E0E7D3C00000000BF
:10BC4000000000003C96963E000000005F4372BC7E
:10BC50000000000088BFE4BC70CD373E123B7A3D47
:10BC60006C3BA23D9C05B53E0AAC8A3E000000003C
:10BC70009CEBBABDF1AE733E943BA13EFFD7E1BD54
:10BC80002FC0BD3D00000080F3B6173DCB34653DAD
:10BC9000D01B9B3BFA1930BE4DA4C43E000000806F
:10BCA000FC2EAEBDFE57BDBDAE10A2BD0816D1BB69
:10BCB0000000000000000080CFEB8E3D00000080FF
:10BCC00000000000A032483E00000080AA05FEBB34
:10BCD000000000804CF7FC3CF380A83E8A9474BDC1
:10BCE000F81DBF3CA43CD4BD8991423E0000000039
:10BCF00078B638BDBCF9273E724D8C3E4B97073E57
:10BD000009B6DFBA00000000660D64BED61A6D3DAC
:10BD100056702FBD1263323EDBA2E63D146A97B720
:10BD2000B7AEF8BD0F30B23D4CCB0EBE17CB73BED5
:10BD300000000080000000808DA3283E00000080ED
:10BD4000000000007DBB8CBD000000808B8AC6BD5A
:10BD50000000008016B51FBE9FAF183E04ACBBBDEF
:10BD6000F23021BDC615383E6261933D000000806F
:10BD700079E115BD6F28613DA2B1143E113728BD90
:10BD800080320EBD000000801404023DAAEB933CFB
:10BD900039B302BC788CCE3D8DE61FBD2043A6B7DB
:10BDA00053BFBFBCCC808DBD63E9E6BC662C883D2B
:10BDB0000000008000000080B6F3E03D00000000BD
:10BDC000000000809DC6433E00000080273F253DC7
:10BDD00000000080C209F8BCEF61E53AD447FE3CA0
:10BDE00021009B3DD54EB2BDAD52E1BD000000002B
:10BDF0006CD0EF3D552EF43C90B0733E61F620BE02
:10BE0000AE99D13D000000807A38013EF1CD513D20
:10BE10004FC4AB3D33A0203E3ECBA73D2439ECB30D
:10BE2000B1AE60BD920E11BEBEE0643EB51CD5BD84
:10BE30000000000000000000B7512E3E000000800E
:10BE400000000000B66D8B3E00000000DBF6FE3DFA
:10BE500000000080F50201BB9A63133EF0C515BDDA
:10BE6000B798D73DB6B52D3DC1B678BE000000806D
:10BE700035970D3D5FAD9F3E7CA3A33EAED1D9BDAE
:10BE80008CC44E3E00000000E75DB43DBAFF96BF93
:10BE90003089643FA820543F94B024BF40E37EBF64
:10BEA000D706A83F26FE6ABF231C7A3F2DB6E53D84
:10BEB00062BE05BE083A4E3E8D897CBEB604FBBE0E
:10BEC0005000973F99D0DD3E551D16BFA85C263F18
:10BED000FF22E6BEE0309E3E1E55103E895AA53E2A
:10BEE0005D0D60BE387279BF88727A3EEDF68B3D8B
:10BEF00039189F3C2E84293E19FE65BD1C0D80BF5C
:10BF00006C39A43F3CE8B2BE54B5773EB0B71C3E96
:10BF1000EDDE6EBEEE522FBE95E566BE7AF8EC3EC3
:10BF2000127BD8BDF6AE75BFDC0A643F0B6533BF2C
:10BF300051FE9D3FBD031B3FE9BD0CBF6CDC94BFB0
:10BF4000896D643F9BB5A9BF1BDC883F626D163EBF
:10BF5000632950BDF320E93E42D316BF15FFA1BFB0
:10BF6000C1F7A03FC31E8FBF39FB913F0EEC3C3F92
:10BF7000502339BFFD9D6ABF6EF64B3F27FD6EBE55
:10BF80003F4A2D3EC8E34ABF35DA9C3F0403010C0B
:10BF900000091408111C101918000000730000009B
:10BFA000A8BF0202000000000080000004000000A2
:10BFB0001000000005000000100000000600000056
:10BFC0001000000007000000100000000800000042
:10BFD000008000000A000000008000000E00000049
:10BFE000050000000F000000000001030701000031
:10BFF0000000010B0C0100000000010B0D0100000E
:10C000000000010B0E0100000000010B0F010000F9
:10C010000400000006020000050000000702000006
:10C0200000000100080200000000010009020000F9
:10C03000000001000A020000000001000B020000E5
:10C040000000010B000300000000010B01030000D1
:10C050000000010B020300000000010B03030000BD
:10C060000000010B040300000000010B05030000A9
:10C070000000010B060300000000010B0703000095
:10C080000000010B080300000000010B0903000081
:10C090000000010B0A0300000000010B0B0300006D
:10C0A0000000010B0C0300000000010F0004000061
:10C0B0000000010F010400000000010F0504000052
:10C0C0000000010F06040000000001030704000047
:10C0D000000001050804000000000105090400003B
:10C0E000000C01060A040000000C01060B0400000D
:10C0F000000C01060C040000040000000D04000008
:10C10000040000000E040000000001030F04000002
:10C1100000000115000500000000011501050000E8
:10C1200000000115020500000000011503050000D4
:10C1300004000000080500000000010B01060000DB
:10C140000000010B020600000000010B03060000C6
:10C150000000010B040600000000010B05060000B2
:10C160000000010B060600000000010B070600009E
:10C170000000010B090600000000010B0A06000088
:10C180000000010B0B0600000000010B0C06000074
:10C190000000010B0D0600000000010B0E06000060
:10C1A0000000010B0F0600000000010F0007000057
:10C1B0000000010F010700000000010F020700004E
:10C1C0000000010F03070000040000000407000046
:10C1D000040000000507000005000000060700003D
:10C1E00005000000070700000000010F080700001D
:10C1F0000000010F090700000000010F0A070000FE
:10C20000040000000C070000000001030D070000FF
:10C21000000001040E070000000001040F070000E9
:10C22000000001150A080000000001150B080000BD
:10C23000000001150C080000000001130E080000AA
:10C24000000001130F0800000000010303090000B3
:10C250000000010B050900000000010B06090000A9
:10C2600000000103070900000000010B080900009D
:10C270000000010B09090000040000000B09000088
:10C28000000001030C090000040000000E0900007A
:10C29000000001030F0900000000010B000A00006C
:10C2A00004000000020A000000000104030A00006C
:10C2B00000000104040A000005000000050A000057
:10C2C00005000000060A00000000010B080A00003B
:10C2D0000008010B090A0000000C010B0A0A00000B
:10C2E000000001030B0A0000000001030C0A00001B
:10C2F000000001050E0A0000000001050F0A000001
:10C30000040C0000000B0000040C0000010B0000F6
:10C3100000000000020B000000000000030B000002
:10C3200000000000040B000000000000050B0000EE
:10C3300000000103060B000000000103070B0000D2
:10C34000F00500224CC302027CC302020000000080
:10C35000000000000200000029420002000000006E
:10C3600064C3020202000000000000000058020046
:10C3700007030000010291030C0D000001120002EE
:10C3800099110002D9100002B11000023914000204
:10C39000100600229CC30202ACC30202000000008F
:10C3A000A4C30202000100000000000021150002E9
:10C3B000B114000289180002891600023118000227
:10C3C00006000800100018002000400060008000F7
:10C3D000000180010002000400086301640165019E
:10C3E00066017D017E0181018001AE0140014101B4
:10C3F00042014301DA0132013301340135014600C3
:10C4000039013A013B013C016F00710072004900A3
:10C410005A005B005800590023012101220100004D
:10C42000000000000000000000000000000000000C
:10C4300000000000000000000000000000000000FC
:10C4400000000000000000000000000000000000EC
:10C4500000000000000000000000000000000000DC
:10C4600000000000000000000000000000000000CC
:10C4700000000000000000000000000000000000BC
:10C4800000000000000000000000000000000000AC
:10C490000000000000000000000000002006002254
:10C4A0009CBF0202A8C40202B11B0002991B000239
:10C4B000411D0002D91B0002191C0002791C000258
:10C4C000A11C0002C11C0002591D0002C11D000276
:10C4D000F91D0002591E0002911E00020100020017
:10C4E0000800100034060022F0C4020264C50202F3
:10C4F000030200000C130C140C150C1600000000B5
:10C5000000000000216D00020000000010C50202C2
:10C5100000010000080000220F00FFFF00000001E2
:10C52000010000006406002230C5020264C5020258
:10C5300009020000000000010002000300000000EA
:10C5400000000000F96D00020000000050C502026A
:10C55000000100000C0000220F00FFFF000000019E
:10C560000100000039230002A1240002E924000296
:10C57000C921000221230002F11E00021122000243
:10C5800039220002C924000202040304040400004A
:10C59000008C040200000E22000000270000002092
:10C5A000000005020000000000000E22000000272D
:10C5B0000000002000000002000000000000002237
:10C5C00053797374656D2072756E6E696E672E0D8A
:10C5D0000A0D0A004552524F523A2043616D65726E
:10C5E0006120696E6974206661696C6564210D0A59
:10C5F000005241384431202B204D543956303358A5
:10C600002028333230783132302040203830667084
:10C6100073290D0A00496E697469616C697A696EE3
:10C62000672063616D6572612E2E2E0D0A004361D5
:10C630006D657261204F4B2E0D0A000D0A3D3D3D88
:10C6400020414920466174696775652044657465B9
:10C650006374696F6E203D3D3D0D0A00524F493AAB
:10C66000202825642C2564292D2825642C2564295F
:10C670000D0A004D6F6E69746F72696E672E2E2EF3
:10C680000D0A00416C61726D20656E6465642E0D4B
:10C690000A004149204661746967756520446574E4
:10C6A000656374696F6E2076382E300D0A00212183
:10C6B0002120464154494755452021212120434E00
:10C6C0004E3D256420636F6E663D252E32662076D2
:10C6D0006F74653D25642F25643D256425252073F1
:10C6E000636F72653D256420676174653D25642034
:10C6F00073747265616B3D25640D0A00566F746535
:10C700003A202564206672616D65732C20256425AE
:10C7100025207468726573686F6C640D0A00434E5F
:10C720004E3D256420636F6E663D252E3266206780
:10C730006174653D25642073747265616B3D256489
:10C7400020766F74653D25642F25643D256425257D
:10C750002073636F72653D25642025730D0A0057B1
:10C7600041524D555020434E4E3D256420636F6E1F
:10C77000663D252E3266207261773D25730D0A00D5
:10C780005441524745545F4241434B206C6F737490
:10C790003D2564206672616D65730D0A004E4F5F22
:10C7A000544152474554206C6F73743D2564206694
:10C7B00072616D65730D0A00434E4E3A2025647810
:10C7C000256420696E7075742C20322D636C617342
:10C7D00073206F75747075740D0A00464154494793
:10C7E000554544006E6F726D616C00E8AFB7E8B0FC
:10C7F00083E695B4E69184E5838FE5A4B4E6889654
:10C80000E59B9EE588B0E6A380E6B58BE58CBAE5AE
:10C810009F9F00E4B8A5E9878DE796B2E58AB3EF5C
:10C82000BC8CE8AFB7E7AB8BE58DB3E5819CE8BD89
:10C83000A6E4BC91E681AF0042547C424F4F547C49
:10C840006E616D653D466174696775654D6F6E69B2
:10C85000746F727C626175643D393630300D0A0048
:10C8600042547C53544154457C6C6576656C3D253F
:10C87000647C7374617475733D25737C73636F722C
:10C88000653D25647C636F6E663D25647C636E6EDA
:10C890003D25647C73746174653D25640D0A004216
:10C8A000547C414C4552547C6C6576656C3D2564E6
:10C8B0007C7374617475733D25737C73636F7265EB
:10C8C0003D25647C6164766963653D25730D0A00CE
:10C8D00042547C424F4F547C686330355F646973C7
:10C8E000706C61795F72656164790D0A004E4F5F0B
:10C8F00046414345004E4F524D414C005741524E28
:10C9000000554E4B4E4F574E0044414E4745520046
:10C910004C494748540046616365206C6F73742C22
:10C9200020616C69676E2063616D657261004661AC
:10C930007469677565207472656E642064657465DA
:10C9400063746564004472697665722073746174FF
:10C950006520697320737461626C6500417474654D
:10C960006E74696F6E2064726F7070696E670053C9
:10C970006576657265206661746967756520616CAE
:10C9800061726D00257300436865636B2064726992
:10C990007665722073746174757300564F49434510
:10C9A0007C5341597C6C6576656C3D25647C74656F
:10C9B00078743D25730D0A00564F4943457C424F1C
:10C9C0004F547C756172745F6272696467655F72EF
:10C9D000656164790D0A000000000805352E382EC7
:10C9E00030004275696C7420776974682052656EF6
:10C9F0006573617320416476616E63656420466C83
:10CA0000657869626C6520536F6674776172652022
:10CA10005061636B6167652076657273696F6E2024
:10CA2000352E382E3000000000000000000000000D
:10CA300000000000000000000000000000000000F6
:10CA400000000000000000000000000000000000E6
:10CA500000000000000000000000000000000000D6
:10CA600000000000000000000000000000000000C6
:10CA700000000000000000000000000000000000B6
:10CA800000000000000000000000000000000000A6
:10CA90000000000000000000000000000000000096
:10CAA0000000000000000000000000000000000086
:10CAB0000000000000000000000000000000000076
:10CAC0000000000000000000000000000000000066
:10CAD0000000000000000000000000000000000056
:10CAE0000000000000000000000000000000000046
:10CAF0000000000000000000000000000000000036
:10CB00000000000000000000000000000000000025
:10CB10000000000000000000000000000000000015
:10CB20000000000000000000000000000000000005
:10CB300000000000000000000000000000000000F5
:10CB400000000000000000000000000000000000E5
:10CB500000000000000000000000000000000000D5
:10CB600000000000000000000000000000000000C5
:10CB700000000000000000000000000000000000B5
:10CB800000000000000000000000000000000000A5
:10CB90000000000000000000000000000000000095
:10CBA0000000000000000000000000000000000085
:10CBB0000000000000000000000000000000000075
:10CBC0000000000000000000000000000000000065
:10CBD0000000000000000000000000000000000055
:10CBE0000000000000000000000000000000000045
:10CBF0000000000000000000000000000000000035
:10CC000000000000010000001019000010190000D1
:10CC1000000000000100000002009001030050002D
:10CC20000400400105007800060000000700000035
:10CC300008002000090001000000000000000000C2
:10CC400000000000000000000000000000000000E4
:10CC500000000000000000000000000000000000D4
:10CC600000000000000000000000000000000000C4
:10CC700000000000000000000000000000000000B4
:10CC800000000000000000000000000000000000A4
:10CC90000000000000000000000000000000000094
:10CCA0000000000000000000000000000000000084
:10CCB0000000000000000000000000000000000074
:10CCC0000000000000000000000000000000000064
:10CCD0000000000000000000000000000000000054
:10CCE0000000000000000000000000000000000044
:10CCF0000000000000000000000000000000000034
:10CD00000000000000000000000000000000000023
:10CD10000000000000000000000000000000000013
:10CD20000000000000000000000000000000000003
:10CD300000000000000000000000000000000000F3
:10CD400000000000000000000000000000000000E3
:10CD500000000000000000000000000000000000D3
:10CD600000000000000000000000000000000000C3
:10CD700000000000000000000000000000000000B3
:10CD800000000000000000000000000000000000A3
:10CD90000000000000000000000000000000000093
:10CDA0000000000000000000000000000000000083
:10CDB0000000000000000000000000000000000073
:10CDC0000000000000000000000000000000000063
:10CDD0000000000000000000000000000000000053
:10CDE0000000000000000000000000000000000043
:10CDF0000000000000000000000000000000000033
:10CE00000000000000000000000000000000000022
:10CE10000000000000000000000000000000000012
:10CE20000000000000000000000000000000000002
:10CE300000000000000000000000000000000000F2
:10CE400000000000000000000000000000000000E2
:10CE500000000000000000000000000000000000D2
:10CE600000000000000000000000000000000000C2
:10CE700000000000000000000000000000000000B2
:10CE800000000000000000000000000000000000A2
:10CE90000000000000000000000000000000000092
:10CEA0000000000000000000000000000000000082
:10CEB0000000000000000000000000000000000072
:10CEC0000000000000000000000000000000000062
:10CED0000000000000000000000000000000000052
:10CEE0000000000000000000000000000000000042
:10CEF0000000000000000000000000000000000032
:10CF00000000000000000000000000000000000021
:10CF10000000000000000000000000000000000011
:10CF20000000000000000000000000000000000001
:10CF300000000000000000000000000000000000F1
:10CF400000000000000000000000000000000000E1
:10CF500000000000000000000000000000000000D1
:10CF600000000000000000000000000000000000C1
:10CF700000000000000000000000000000000000B1
:10CF800000000000000000000000000000000000A1
:10CF90000000000000000000000000000000000091
:10CFA0000000000000000000000000000000000081
:10CFB0000000000000000000000000000000000071
:10CFC0000000000000000000000000000000000061
:10CFD0000000000000000000000000000000000051
:10CFE0000000000000000000000000000000000041
:10CFF0000000000000000000000000000000000031
:10D000000000000000000000000000000000000020
:10D010000000000000000000000000000000000010
:10D020000000000000000000000000000000000000
:10D0300000000000000000000000000000000000F0
:10D0400000000000000000000000000000000000E0
:10D0500000000000000000000000000000000000D0
:10D0600000000000000000000000000000000000C0
:10D0700000000000000000000000000000000000B0
:10D0800000000000000000000000000000000000A0
:10D090000000000000000000000000000000000090
:10D0A0000000000000000000000000000000000080
:10D0B0000000000000000000000000000000000070
:10D0C0000000000000000000000000000000000060
:10D0D0000000000000000000000000000000000050
:10D0E0000000000000000000000000000000000040
:10D0F0000000000000000000000000000000000030
:10D10000000000000000000000000000000000001F
:10D11000000000000000000000000000000000000F
:10D1200000000000000000000000000000000000FF
:10D1300000000000000000000000000000000000EF
:10D1400000000000000000000000000000000000DF
:10D1500000000000000000000000000000000000CF
:10D1600000000000000000000000000000000000BF
:10D1700000000000000000000000000000000000AF
:020000040300F7
:10A10000FFFFFFFFFFFFFFFFFFFFFFFFFFFFFFFF5F
:10A11000FFFFFFFFFFFFFFFFFFFFFFFFFFFFFFFF4F
:10A12000FFFFFFFFFFFFFFFFFFFFFFFFFFFFFFFF3F
:10A13000FFFFFFFFFFFFFFFFFFFFFFFFFFFFFFFF2F
:10A14000FFFFFFFFFFFFFFFFFFFFFFFFFFFFFFFF1F
:10A15000FFFFFFFFFFFFFFFFFFFFFFFFFFFFFFFF0F
:10A16000FFFFFFFFFFFFFFFFFFFFFFFFFFFFFFFFFF
:10A17000FFFFFFFFFFFFFFFFFFFFFFFFFFFFFFFFEF
:020000040300F7
:10A20000FFFFFFFFFFFFFFFFFFFFFFFFFFFFFFFF5E
:10A21000FFFFFFFFFFFFFFFFFFFFFFFFFFFFFFFF4E
:10A22000FFFFFFFFFFFFFFFFFFFFFFFFFFFFFFFF3E
:10A23000FFFFFFFFFFFFFFFFFFFFFFFFFFFFFFFF2E
:10A24000FFFFFFFFFFFFFFFFFFFFFFFFFFFFFFFF1E
:10A25000FFFFFFFFFFFFFFFFFFFFFFFFFFFFFFFF0E
:10A26000FFFFFFFFFFFFFFFFFFFFFFFFFFFFFFFFFE
:10A27000FFFFFFFFFFFFFFFFFFFFFFFFFFFFFFFFEE
:10A2800000000000FFFFFFFFFFFFFFFFFFFFFFFFDA
:10A29000FFFFFFFFFFFFFFFFFFFFFFFFFFFFFFFFCE
:10A2A000FFFFFFFFFFFFFFFFFFFFFFFFFFFFFFFFBE
:10A2B000FFFFFFFFFFFFFFFFFFFFFFFFFFFFFFFFAE
:10A2C000FFFFFFFFFFFFFFFFFFFFFFFFFFFFFFFF9E
:10A2D000FFFFFFFFFFFFFFFFFFFFFFFFFFFFFFFF8E
:10A2E000FFFFFFFFFFFFFFFFFFFFFFFFFFFFFFFF7E
:10A2F000FFFFFFFFFFFFFFFFFFFFFFFFFFFFFFFF6E
:020000042703D0
:10008000FFFFFFFFFFFFFFFFFFFFFFFFFFFFFFFF80
:10009000FFFFFFFFFFFFFFFFFFFFFFFFFFFFFFFF70
:1000A000FFFFFFFFFFFFFFFFFFFFFFFFFFFFFFFF60
:1000B000FFFFFFFFFFFFFFFFFFFFFFFFFFFFFFFF50
:1000C000FFFFFFFFFFFFFFFFFFFFFFFFFFFFFFFF40
:1000D000FFFFFFFFFFFFFFFFFFFFFFFFFFFFFFFF30
:1000E000FFFFFFFFFFFFFFFFFFFFFFFFFFFFFFFF20
:1000F000FFFFFFFFFFFFFFFFFFFFFFFFFFFFFFFF10
:10010000FFFFFFFFFFFFFFFFFFFFFFFFFFFFFFFFFF
:10011000FFFFFFFFFFFFFFFFFFFFFFFFFFFFFFFFEF
:10012000FFFFFFFFFFFFFFFFFFFFFFFFFFFFFFFFDF
:10013000FFFFFFFFFFFFFFFFFFFFFFFFFFFFFFFFCF
:10014000FFFFFFFFFFFFFFFFFFFFFFFFFFFFFFFFBF
:10015000FFFFFFFFFFFFFFFFFFFFFFFFFFFFFFFFAF
:10016000FFFFFFFFFFFFFFFFFFFFFFFFFFFFFFFF9F
:10017000FFFFFFFFFFFFFFFFFFFFFFFFFFFFFFFF8F
:10018000FFFFFFFFFFFFFFFFFFFFFFFFFFFFFFFF7F
:10019000FFFFFFFFFFFFFFFFFFFFFFFFFFFFFFFF6F
:1001A000FFFFFFFFFFFFFFFFFFFFFFFFFFFFFFFF5F
:1001B000FFFFFFFFFFFFFFFFFFFFFFFFFFFFFFFF4F
:1001C000FFFFFFFFFFFFFFFFFFFFFFFFFFFFFFFF3F
:1001D000FFFFFFFFFFFFFFFFFFFFFFFFFFFFFFFF2F
:1001E000FFFFFFFFFFFFFFFFFFFFFFFFFFFFFFFF1F
:1001F000FFFFFFFFFFFFFFFFFFFFFFFFFFFFFFFF0F
:10020000FFFFFFFFFFFFFFFFFFFFFFFFFFFFFFFFFE
:10021000FFFFFFFFFFFFFFFFFFFFFFFFFFFFFFFFEE
:10022000FFFFFFFFFFFFFFFFFFFFFFFFFFFFFFFFDE
:10023000FFFFFFFFFFFFFFFFFFFFFFFFFFFFFFFFCE
:10024000FFFFFFFFFFFFFFFFFFFFFFFFFFFFFFFFBE
:10025000FFFFFFFFFFFFFFFFFFFFFFFFFFFFFFFFAE
:10026000FFFFFFFFFFFFFFFFFFFFFFFFFFFFFFFF9E
:10027000FFFFFFFFFFFFFFFFFFFFFFFFFFFFFFFF8E
:10028000FFFFFFFFFFFFFFFFFFFFFFFFFFFFFFFF7E
:10029000FFFFFFFFFFFFFFFFFFFFFFFFFFFFFFFF6E
:1002A000FFFFFFFFFFFFFFFFFFFFFFFFFFFFFFFF5E
:1002B000FFFFFFFFFFFFFFFFFFFFFFFFFFFFFFFF4E
:1002C000FFFFFFFFFFFFFFFFFFFFFFFFFFFFFFFF3E
:1002D000FFFFFFFFFFFFFFFFFFFFFFFFFFFFFFFF2E
:1002E000FFFFFFFFFFFFFFFFFFFFFFFFFFFFFFFF1E
:1002F000FFFFFFFFFFFFFFFFFFFFFFFFFFFFFFFF0E
:10030000FFFFFFFFFFFFFFFFFFFFFFFFFFFFFFFFFD
:10031000FFFFFFFFFFFFFFFFFFFFFFFFFFFFFFFFED
:10032000FFFFFFFFFFFFFFFFFFFFFFFFFFFFFFFFDD
:10033000FFFFFFFFFFFFFFFFFFFFFFFFFFFFFFFFCD
:10034000FFFFFFFFFFFFFFFFFFFFFFFFFFFFFFFFBD
:10035000FFFFFFFFFFFFFFFFFFFFFFFFFFFFFFFFAD
:10036000FFFFFFFFFFFFFFFFFFFFFFFFFFFFFFFF9D
:10037000FFFFFFFFFFFFFFFFFFFFFFFFFFFFFFFF8D
:04000005020025517F
:00000001FF
